query_id,gold_id,query_language,search_corpus,switch_band,rr,r1,ndcg5,candidate_pool_size
track_a_fra_swa_linspr_txt_002464,track_a_fra_swa_linspr_txt_001936,fra,track_a,medium,0.125,0.0,0.0,50
track_a_fra_swa_linspr_txt_003119,track_a_fra_swa_linspr_txt_001614,fra,track_a,medium,0.14285714285714285,0.0,0.0,50
track_a_fra_swa_linspr_txt_003851,track_a_fra_swa_linspr_txt_000010,fra,track_a,high,1.0,1.0,1.0,50
track_b_fra_lin_swaspr_txt_002956,track_a_fra_swa_linspr_txt_002956,fra,track_a,high,1.0,1.0,1.0,50
track_a_fra_swa_linspr_txt_003866,track_a_fra_swa_linspr_txt_002956,fra,track_a,high,0.14285714285714285,0.0,0.0,50
track_a_fra_swa_linspr_txt_002581,track_a_fra_swa_linspr_txt_003918,fra,track_a,medium,0.25,0.0,0.43067655807339306,50
track_b_fra_lin_swaspr_txt_001171,track_a_fra_swa_linspr_txt_001171,fra,track_a,high,0.05,0.0,0.0,50
track_a_fra_swa_linspr_txt_001433,track_a_fra_swa_linspr_txt_002409,fra,track_a,medium,0.0625,0.0,0.0,50
track_a_fra_swa_linspr_txt_001255,track_a_fra_swa_linspr_txt_001385,fra,track_a,high,0.08333333333333333,0.0,0.0,50
track_a_fra_swa_linspr_txt_001543,track_a_fra_swa_linspr_txt_001260,fra,track_a,high,0.14285714285714285,0.0,0.0,50
track_a_fra_swa_linspr_txt_001212,track_a_fra_swa_linspr_txt_000481,fra,track_a,high,0.1,0.0,0.0,50
track_a_fra_swa_linspr_txt_000163,track_a_fra_swa_linspr_txt_000062,fra,track_a,high,0.5,0.0,0.6309297535714575,50
track_a_fra_swa_linspr_txt_000810,track_a_fra_swa_linspr_txt_001334,fra,track_a,high,0.5,0.0,0.6309297535714575,50
track_a_fra_swa_linspr_txt_002530,track_a_fra_swa_linspr_txt_001472,fra,track_a,high,0.14285714285714285,0.0,0.0,50
track_b_fra_lin_swaspr_txt_000084,track_a_fra_swa_linspr_txt_000084,fra,track_a,high,1.0,1.0,1.0,50
track_b_fra_lin_swaspr_txt_001542,track_a_fra_swa_linspr_txt_001542,fra,track_a,medium,1.0,1.0,1.0,50
track_a_fra_swa_linspr_txt_000140,track_a_fra_swa_linspr_txt_001357,fra,track_a,high,0.5,0.0,0.6309297535714575,50
track_a_fra_swa_linspr_txt_002858,track_a_fra_swa_linspr_txt_001552,fra,track_a,high,0.07692307692307693,0.0,0.0,50
track_b_fra_lin_swaspr_txt_000726,track_a_fra_swa_linspr_txt_000726,fra,track_a,medium,1.0,1.0,1.0,50
track_a_fra_swa_linspr_txt_000595,track_a_fra_swa_linspr_txt_001992,fra,track_a,medium,1.0,1.0,1.0,50
track_a_fra_swa_linspr_txt_003731,track_a_fra_swa_linspr_txt_003541,fra,track_a,high,0.25,0.0,0.43067655807339306,50
track_a_fra_swa_linspr_txt_002648,track_a_fra_swa_linspr_txt_002049,fra,track_a,high,1.0,1.0,1.0,50
track_a_fra_swa_linspr_txt_003996,track_a_fra_swa_linspr_txt_000231,fra,track_a,high,0.09090909090909091,0.0,0.0,50
track_b_fra_lin_swaspr_txt_002516,track_a_fra_swa_linspr_txt_002516,fra,track_a,high,0.5,0.0,0.6309297535714575,50
track_a_fra_swa_linspr_txt_002820,track_a_fra_swa_linspr_txt_001334,fra,track_a,high,0.1111111111111111,0.0,0.0,50
track_a_fra_swa_linspr_txt_001632,track_a_fra_swa_linspr_txt_001295,fra,track_a,high,0.2,0.0,0.38685280723454163,50
track_a_fra_swa_linspr_txt_001062,track_a_fra_swa_linspr_txt_001092,fra,track_a,high,0.16666666666666666,0.0,0.0,50
track_a_fra_swa_linspr_txt_001059,track_a_fra_swa_linspr_txt_001921,fra,track_a,high,0.3333333333333333,0.0,0.5,50
track_a_fra_swa_linspr_txt_003041,track_a_fra_swa_linspr_txt_001364,fra,track_a,high,0.5,0.0,0.6309297535714575,50
track_b_fra_lin_swaspr_txt_001575,track_a_fra_swa_linspr_txt_001575,fra,track_a,medium,1.0,1.0,1.0,50
track_a_fra_swa_linspr_txt_003319,track_a_fra_swa_linspr_txt_001274,fra,track_a,medium,0.09090909090909091,0.0,0.0,50
track_a_fra_swa_linspr_txt_002982,track_a_fra_swa_linspr_txt_000498,fra,track_a,high,0.2,0.0,0.38685280723454163,50
track_a_fra_swa_linspr_txt_003268,track_a_fra_swa_linspr_txt_001861,fra,track_a,medium,0.16666666666666666,0.0,0.0,50
track_b_fra_lin_swaspr_txt_002801,track_a_fra_swa_linspr_txt_002801,fra,track_a,high,1.0,1.0,1.0,50
track_b_fra_lin_swaspr_txt_002803,track_a_fra_swa_linspr_txt_002803,fra,track_a,high,1.0,1.0,1.0,50
track_b_fra_lin_swaspr_txt_000892,track_a_fra_swa_linspr_txt_000892,fra,track_a,medium,1.0,1.0,1.0,50
track_b_fra_lin_swaspr_txt_000682,track_a_fra_swa_linspr_txt_000682,fra,track_a,high,1.0,1.0,1.0,50
track_a_fra_swa_linspr_txt_001371,track_a_fra_swa_linspr_txt_002364,fra,track_a,medium,0.05263157894736842,0.0,0.0,50
track_b_fra_lin_swaspr_txt_000231,track_a_fra_swa_linspr_txt_000231,fra,track_a,medium,1.0,1.0,1.0,50
track_a_fra_swa_linspr_txt_002859,track_a_fra_swa_linspr_txt_001614,fra,track_a,medium,0.08333333333333333,0.0,0.0,50
track_b_fra_lin_swaspr_txt_000912,track_a_fra_swa_linspr_txt_000912,fra,track_a,high,1.0,1.0,1.0,50
track_b_fra_lin_swaspr_txt_002793,track_a_fra_swa_linspr_txt_002793,fra,track_a,medium,1.0,1.0,1.0,50
track_b_fra_lin_swaspr_txt_001776,track_a_fra_swa_linspr_txt_001776,fra,track_a,high,1.0,1.0,1.0,50
track_b_fra_lin_swaspr_txt_000953,track_a_fra_swa_linspr_txt_000953,fra,track_a,high,1.0,1.0,1.0,50
track_a_fra_swa_linspr_txt_003688,track_a_fra_swa_linspr_txt_001632,fra,track_a,high,0.07142857142857142,0.0,0.0,50
track_b_fra_lin_swaspr_txt_000670,track_a_fra_swa_linspr_txt_000670,fra,track_a,high,0.09090909090909091,0.0,0.0,50
track_a_fra_swa_linspr_txt_001807,track_a_fra_swa_linspr_txt_002014,fra,track_a,medium,0.08333333333333333,0.0,0.0,50
track_a_fra_swa_linspr_txt_003760,track_a_fra_swa_linspr_txt_000586,fra,track_a,high,0.1,0.0,0.0,50
track_b_fra_lin_swaspr_txt_002581,track_a_fra_swa_linspr_txt_002581,fra,track_a,medium,1.0,1.0,1.0,50
track_b_fra_lin_swaspr_txt_003724,track_a_fra_swa_linspr_txt_003724,fra,track_a,medium,1.0,1.0,1.0,50
track_a_fra_swa_linspr_txt_001689,track_a_fra_swa_linspr_txt_001775,fra,track_a,high,0.2,0.0,0.38685280723454163,50
track_a_fra_swa_linspr_txt_003219,track_a_fra_swa_linspr_txt_002014,fra,track_a,medium,0.07692307692307693,0.0,0.0,50
track_a_fra_swa_linspr_txt_000256,track_a_fra_swa_linspr_txt_000327,fra,track_a,high,0.1111111111111111,0.0,0.0,50
track_a_fra_swa_linspr_txt_003931,track_a_fra_swa_linspr_txt_001472,fra,track_a,medium,0.1,0.0,0.0,50
track_b_fra_lin_swaspr_txt_000050,track_a_fra_swa_linspr_txt_000050,fra,track_a,high,1.0,1.0,1.0,50
track_a_fra_swa_linspr_txt_002070,track_a_fra_swa_linspr_txt_002690,fra,track_a,high,1.0,1.0,1.0,50
track_a_fra_swa_linspr_txt_001966,track_a_fra_swa_linspr_txt_002364,fra,track_a,medium,0.09090909090909091,0.0,0.0,50
track_a_fra_swa_linspr_txt_002411,track_a_fra_swa_linspr_txt_001260,fra,track_a,high,0.09090909090909091,0.0,0.0,50
track_a_fra_swa_linspr_txt_002133,track_a_fra_swa_linspr_txt_003938,fra,track_a,medium,0.16666666666666666,0.0,0.0,50
track_b_fra_lin_swaspr_txt_002747,track_a_fra_swa_linspr_txt_002747,fra,track_a,medium,1.0,1.0,1.0,50
track_b_fra_lin_swaspr_txt_003475,track_a_fra_swa_linspr_txt_003475,fra,track_a,medium,1.0,1.0,1.0,50
track_b_fra_lin_swaspr_txt_003617,track_a_fra_swa_linspr_txt_003617,fra,track_a,high,1.0,1.0,1.0,50
track_a_fra_swa_linspr_txt_002170,track_a_fra_swa_linspr_txt_001249,fra,track_a,high,0.06666666666666667,0.0,0.0,50
track_b_fra_lin_swaspr_txt_003283,track_a_fra_swa_linspr_txt_003283,fra,track_a,high,1.0,1.0,1.0,50
track_b_fra_lin_swaspr_txt_003270,track_a_fra_swa_linspr_txt_003270,fra,track_a,medium,1.0,1.0,1.0,50
track_a_fra_swa_linspr_txt_002295,track_a_fra_swa_linspr_txt_000327,fra,track_a,high,0.3333333333333333,0.0,0.5,50
track_a_fra_swa_linspr_txt_000356,track_a_fra_swa_linspr_txt_001698,fra,track_a,high,0.043478260869565216,0.0,0.0,50
track_b_fra_lin_swaspr_txt_002632,track_a_fra_swa_linspr_txt_002632,fra,track_a,high,1.0,1.0,1.0,50
track_b_fra_lin_swaspr_txt_000764,track_a_fra_swa_linspr_txt_000764,fra,track_a,high,1.0,1.0,1.0,50
track_b_fra_lin_swaspr_txt_000041,track_a_fra_swa_linspr_txt_000041,fra,track_a,high,0.3333333333333333,0.0,0.5,50
track_b_fra_lin_swaspr_txt_002474,track_a_fra_swa_linspr_txt_002474,fra,track_a,high,0.5,0.0,0.6309297535714575,50
track_b_fra_lin_swaspr_txt_001807,track_a_fra_swa_linspr_txt_001807,fra,track_a,high,1.0,1.0,1.0,50
track_b_fra_lin_swaspr_txt_002174,track_a_fra_swa_linspr_txt_002174,fra,track_a,high,1.0,1.0,1.0,50
track_b_fra_lin_swaspr_txt_000069,track_a_fra_swa_linspr_txt_000069,fra,track_a,high,0.07692307692307693,0.0,0.0,50
track_a_fra_swa_linspr_txt_002405,track_a_fra_swa_linspr_txt_001463,fra,track_a,medium,0.07692307692307693,0.0,0.0,50
track_a_fra_swa_linspr_txt_001270,track_a_fra_swa_linspr_txt_001338,fra,track_a,high,0.25,0.0,0.43067655807339306,50
track_a_fra_swa_linspr_txt_003595,track_a_fra_swa_linspr_txt_002024,fra,track_a,high,0.058823529411764705,0.0,0.0,50
track_a_fra_swa_linspr_txt_001573,track_a_fra_swa_linspr_txt_001270,fra,track_a,high,0.3333333333333333,0.0,0.5,50
track_a_fra_swa_linspr_txt_003282,track_a_fra_swa_linspr_txt_001745,fra,track_a,high,0.3333333333333333,0.0,0.5,50
track_b_fra_lin_swaspr_txt_001367,track_a_fra_swa_linspr_txt_001367,fra,track_a,high,1.0,1.0,1.0,50
track_b_fra_lin_swaspr_txt_003931,track_a_fra_swa_linspr_txt_003931,fra,track_a,high,1.0,1.0,1.0,50
track_b_fra_lin_swaspr_txt_000168,track_a_fra_swa_linspr_txt_000168,fra,track_a,high,1.0,1.0,1.0,50
track_b_fra_lin_swaspr_txt_000277,track_a_fra_swa_linspr_txt_000277,fra,track_a,high,1.0,1.0,1.0,50
track_a_fra_swa_linspr_txt_001295,track_a_fra_swa_linspr_txt_001632,fra,track_a,medium,0.2,0.0,0.38685280723454163,50
track_b_fra_lin_swaspr_txt_001548,track_a_fra_swa_linspr_txt_001548,fra,track_a,medium,1.0,1.0,1.0,50
track_b_fra_lin_swaspr_txt_001400,track_a_fra_swa_linspr_txt_001400,fra,track_a,medium,1.0,1.0,1.0,50
track_a_fra_swa_linspr_txt_003543,track_a_fra_swa_linspr_txt_002364,fra,track_a,medium,0.1,0.0,0.0,50
track_a_fra_swa_linspr_txt_000399,track_a_fra_swa_linspr_txt_000069,fra,track_a,high,0.25,0.0,0.43067655807339306,50
track_b_fra_lin_swaspr_txt_001573,track_a_fra_swa_linspr_txt_001573,fra,track_a,high,1.0,1.0,1.0,50
track_a_fra_swa_linspr_txt_003770,track_a_fra_swa_linspr_txt_001698,fra,track_a,high,0.0625,0.0,0.0,50
track_b_fra_lin_swaspr_txt_003899,track_a_fra_swa_linspr_txt_003899,fra,track_a,high,1.0,1.0,1.0,50
track_a_fra_swa_linspr_txt_002503,track_a_fra_swa_linspr_txt_001686,fra,track_a,high,0.2,0.0,0.38685280723454163,50
track_a_fra_swa_linspr_txt_001775,track_a_fra_swa_linspr_txt_001632,fra,track_a,high,0.1,0.0,0.0,50
track_b_fra_lin_swaspr_txt_000452,track_a_fra_swa_linspr_txt_000452,fra,track_a,high,1.0,1.0,1.0,50
track_b_fra_lin_swaspr_txt_002128,track_a_fra_swa_linspr_txt_002128,fra,track_a,high,1.0,1.0,1.0,50
track_b_fra_lin_swaspr_txt_003550,track_a_fra_swa_linspr_txt_003550,fra,track_a,high,1.0,1.0,1.0,50
track_b_fra_lin_swaspr_txt_003665,track_a_fra_swa_linspr_txt_003665,fra,track_a,high,1.0,1.0,1.0,50
track_a_fra_swa_linspr_txt_001845,track_a_fra_swa_linspr_txt_001334,fra,track_a,medium,0.5,0.0,0.6309297535714575,50
track_b_fra_lin_swaspr_txt_003507,track_a_fra_swa_linspr_txt_003507,fra,track_a,high,1.0,1.0,1.0,50
track_b_fra_lin_swaspr_txt_002175,track_a_fra_swa_linspr_txt_002175,fra,track_a,medium,1.0,1.0,1.0,50
track_a_fra_swa_linspr_txt_001907,track_a_fra_swa_linspr_txt_001921,fra,track_a,high,0.5,0.0,0.6309297535714575,50
track_b_fra_lin_swaspr_txt_000544,track_a_fra_swa_linspr_txt_000544,fra,track_a,high,1.0,1.0,1.0,50
track_b_fra_lin_swaspr_txt_001689,track_a_fra_swa_linspr_txt_001689,fra,track_a,high,1.0,1.0,1.0,50
track_b_fra_lin_swaspr_txt_000481,track_a_fra_swa_linspr_txt_000481,fra,track_a,high,1.0,1.0,1.0,50
track_a_fra_swa_linspr_txt_002191,track_a_fra_swa_linspr_txt_001614,fra,track_a,high,0.09090909090909091,0.0,0.0,50
track_b_fra_lin_swaspr_txt_002300,track_a_fra_swa_linspr_txt_002300,fra,track_a,high,0.5,0.0,0.6309297535714575,50
track_a_fra_swa_linspr_txt_002251,track_a_fra_swa_linspr_txt_001367,fra,track_a,high,0.07142857142857142,0.0,0.0,50
track_b_fra_lin_swaspr_txt_002251,track_a_fra_swa_linspr_txt_002251,fra,track_a,medium,1.0,1.0,1.0,50
track_a_fra_swa_linspr_txt_001108,track_a_fra_swa_linspr_txt_001463,fra,track_a,medium,0.05555555555555555,0.0,0.0,50
track_b_fra_lin_swaspr_txt_003063,track_a_fra_swa_linspr_txt_003063,fra,track_a,high,1.0,1.0,1.0,50
track_b_fra_lin_swaspr_txt_002122,track_a_fra_swa_linspr_txt_002122,fra,track_a,high,1.0,1.0,1.0,50
track_a_fra_swa_linspr_txt_002218,track_a_fra_swa_linspr_txt_001953,fra,track_a,medium,0.1,0.0,0.0,50
track_a_fra_swa_linspr_txt_000682,track_a_fra_swa_linspr_txt_000478,fra,track_a,high,0.3333333333333333,0.0,0.5,50
track_a_fra_swa_linspr_txt_000049,track_a_fra_swa_linspr_txt_001744,fra,track_a,high,1.0,1.0,1.0,50
track_b_fra_lin_swaspr_txt_002261,track_a_fra_swa_linspr_txt_002261,fra,track_a,medium,0.5,0.0,0.6309297535714575,50
track_a_fra_swa_linspr_txt_001360,track_a_fra_swa_linspr_txt_001472,fra,track_a,medium,0.125,0.0,0.0,50
track_b_fra_lin_swaspr_txt_002596,track_a_fra_swa_linspr_txt_002596,fra,track_a,medium,1.0,1.0,1.0,50
track_a_fra_swa_linspr_txt_003550,track_a_fra_swa_linspr_txt_000231,fra,track_a,medium,0.3333333333333333,0.0,0.5,50
track_a_fra_swa_linspr_txt_001400,track_a_fra_swa_linspr_txt_003216,fra,track_a,medium,0.3333333333333333,0.0,0.5,50
track_a_fra_swa_linspr_txt_001316,track_a_fra_swa_linspr_txt_001698,fra,track_a,medium,0.1,0.0,0.0,50
track_b_fra_lin_swaspr_txt_003992,track_a_fra_swa_linspr_txt_003992,fra,track_a,high,1.0,1.0,1.0,50
track_b_fra_lin_swaspr_txt_003291,track_a_fra_swa_linspr_txt_003291,fra,track_a,high,1.0,1.0,1.0,50
track_b_fra_lin_swaspr_txt_000686,track_a_fra_swa_linspr_txt_000686,fra,track_a,high,0.3333333333333333,0.0,0.5,50
track_a_fra_swa_linspr_txt_000945,track_a_fra_swa_linspr_txt_001114,fra,track_a,high,0.25,0.0,0.43067655807339306,50
track_b_fra_lin_swaspr_txt_001921,track_a_fra_swa_linspr_txt_001921,fra,track_a,high,1.0,1.0,1.0,50
track_b_fra_lin_swaspr_txt_001472,track_a_fra_swa_linspr_txt_001472,fra,track_a,medium,1.0,1.0,1.0,50
track_b_fra_lin_swaspr_txt_003119,track_a_fra_swa_linspr_txt_003119,fra,track_a,high,1.0,1.0,1.0,50
track_b_fra_lin_swaspr_txt_003963,track_a_fra_swa_linspr_txt_003963,fra,track_a,medium,1.0,1.0,1.0,50
track_a_fra_swa_linspr_txt_002139,track_a_fra_swa_linspr_txt_001306,fra,track_a,medium,0.1,0.0,0.0,50
track_a_fra_swa_linspr_txt_001548,track_a_fra_swa_linspr_txt_002409,fra,track_a,high,0.125,0.0,0.0,50
track_b_fra_lin_swaspr_txt_001274,track_a_fra_swa_linspr_txt_001274,fra,track_a,medium,1.0,1.0,1.0,50
track_b_fra_lin_swaspr_txt_000496,track_a_fra_swa_linspr_txt_000496,fra,track_a,medium,1.0,1.0,1.0,50
track_a_fra_swa_linspr_txt_002690,track_a_fra_swa_linspr_txt_002928,fra,track_a,medium,1.0,1.0,1.0,50
track_b_fra_lin_swaspr_txt_002845,track_a_fra_swa_linspr_txt_002845,fra,track_a,high,0.14285714285714285,0.0,0.0,50
track_b_fra_lin_swaspr_txt_001626,track_a_fra_swa_linspr_txt_001626,fra,track_a,medium,0.5,0.0,0.6309297535714575,50
track_a_fra_swa_linspr_txt_000616,track_a_fra_swa_linspr_txt_000359,fra,track_a,high,1.0,1.0,1.0,50
track_b_fra_lin_swaspr_txt_002464,track_a_fra_swa_linspr_txt_002464,fra,track_a,high,0.3333333333333333,0.0,0.5,50
track_b_fra_lin_swaspr_txt_001743,track_a_fra_swa_linspr_txt_001743,fra,track_a,medium,0.07692307692307693,0.0,0.0,50
track_a_fra_swa_linspr_txt_002385,track_a_fra_swa_linspr_txt_000892,fra,track_a,high,0.07142857142857142,0.0,0.0,50
track_a_fra_swa_linspr_txt_002174,track_a_fra_swa_linspr_txt_000478,fra,track_a,high,0.1,0.0,0.0,50
track_a_fra_swa_linspr_txt_001936,track_a_fra_swa_linspr_txt_000231,fra,track_a,high,0.1,0.0,0.0,50
track_b_fra_lin_swaspr_txt_003251,track_a_fra_swa_linspr_txt_003251,fra,track_a,high,1.0,1.0,1.0,50
track_b_fra_lin_swaspr_txt_002023,track_a_fra_swa_linspr_txt_002023,fra,track_a,high,0.3333333333333333,0.0,0.5,50
track_a_fra_swa_linspr_txt_002689,track_a_fra_swa_linspr_txt_000166,fra,track_a,high,0.09090909090909091,0.0,0.0,50
track_a_fra_swa_linspr_txt_001041,track_a_fra_swa_linspr_txt_001338,fra,track_a,high,0.1,0.0,0.0,50
track_b_fra_lin_swaspr_txt_001310,track_a_fra_swa_linspr_txt_001310,fra,track_a,medium,1.0,1.0,1.0,50
track_a_fra_swa_linspr_txt_003422,track_a_fra_swa_linspr_txt_000888,fra,track_a,medium,0.09090909090909091,0.0,0.0,50
track_a_fra_swa_linspr_txt_000633,track_a_fra_swa_linspr_txt_001334,fra,track_a,medium,0.08333333333333333,0.0,0.0,50
track_a_fra_swa_linspr_txt_003803,track_a_fra_swa_linspr_txt_001698,fra,track_a,medium,0.07692307692307693,0.0,0.0,50
track_a_fra_swa_linspr_txt_003387,track_a_fra_swa_linspr_txt_000590,fra,track_a,high,0.125,0.0,0.0,50
track_a_fra_swa_linspr_txt_002845,track_a_fra_swa_linspr_txt_002165,fra,track_a,high,0.2,0.0,0.38685280723454163,50
track_a_fra_swa_linspr_txt_002066,track_a_fra_swa_linspr_txt_000498,fra,track_a,high,0.25,0.0,0.43067655807339306,50
track_a_fra_swa_linspr_txt_002000,track_a_fra_swa_linspr_txt_000595,fra,track_a,medium,0.2,0.0,0.38685280723454163,50
track_b_fra_lin_swaspr_txt_001775,track_a_fra_swa_linspr_txt_001775,fra,track_a,high,1.0,1.0,1.0,50
track_a_fra_swa_linspr_txt_000586,track_a_fra_swa_linspr_txt_002024,fra,track_a,high,0.0625,0.0,0.0,50
track_b_fra_lin_swaspr_txt_000216,track_a_fra_swa_linspr_txt_000216,fra,track_a,high,1.0,1.0,1.0,50
track_a_fra_swa_linspr_txt_000565,track_a_fra_swa_linspr_txt_001249,fra,track_a,high,0.06666666666666667,0.0,0.0,50
track_a_fra_swa_linspr_txt_001953,track_a_fra_swa_linspr_txt_001249,fra,track_a,medium,1.0,1.0,1.0,50
track_a_fra_swa_linspr_txt_001921,track_a_fra_swa_linspr_txt_001614,fra,track_a,high,0.25,0.0,0.43067655807339306,50
track_b_fra_lin_swaspr_txt_003568,track_a_fra_swa_linspr_txt_003568,fra,track_a,high,1.0,1.0,1.0,50
track_a_fra_swa_linspr_txt_001060,track_a_fra_swa_linspr_txt_000498,fra,track_a,high,0.09090909090909091,0.0,0.0,50
track_a_fra_swa_linspr_txt_001759,track_a_fra_swa_linspr_txt_001686,fra,track_a,medium,0.07142857142857142,0.0,0.0,50
track_b_fra_lin_swaspr_txt_003482,track_a_fra_swa_linspr_txt_003482,fra,track_a,high,1.0,1.0,1.0,50
track_a_fra_swa_linspr_txt_001310,track_a_fra_swa_linspr_txt_001270,fra,track_a,high,0.07692307692307693,0.0,0.0,50
track_a_fra_swa_linspr_txt_001552,track_a_fra_swa_linspr_txt_002165,fra,track_a,high,0.08333333333333333,0.0,0.0,50
track_b_fra_lin_swaspr_txt_000924,track_a_fra_swa_linspr_txt_000924,fra,track_a,high,1.0,1.0,1.0,50
track_b_fra_lin_swaspr_txt_001953,track_a_fra_swa_linspr_txt_001953,fra,track_a,medium,1.0,1.0,1.0,50
track_a_fra_swa_linspr_txt_000879,track_a_fra_swa_linspr_txt_001472,fra,track_a,high,0.09090909090909091,0.0,0.0,50
track_a_fra_swa_linspr_txt_003541,track_a_fra_swa_linspr_txt_003665,fra,track_a,medium,0.2,0.0,0.38685280723454163,50
track_a_fra_swa_linspr_txt_000840,track_a_fra_swa_linspr_txt_002096,fra,track_a,medium,0.07142857142857142,0.0,0.0,50
track_a_fra_swa_linspr_txt_002084,track_a_fra_swa_linspr_txt_001334,fra,track_a,medium,0.08333333333333333,0.0,0.0,50
track_a_fra_swa_linspr_txt_001463,track_a_fra_swa_linspr_txt_001270,fra,track_a,high,0.07142857142857142,0.0,0.0,50
track_b_fra_lin_swaspr_txt_000072,track_a_fra_swa_linspr_txt_000072,fra,track_a,high,0.1,0.0,0.0,50
track_a_fra_swa_linspr_txt_002097,track_a_fra_swa_linspr_txt_002859,fra,track_a,high,0.1111111111111111,0.0,0.0,50
track_b_fra_lin_swaspr_txt_001041,track_a_fra_swa_linspr_txt_001041,fra,track_a,high,1.0,1.0,1.0,50
track_a_fra_swa_linspr_txt_003783,track_a_fra_swa_linspr_txt_000595,fra,track_a,high,0.3333333333333333,0.0,0.5,50
track_a_fra_swa_linspr_txt_002801,track_a_fra_swa_linspr_txt_002014,fra,track_a,medium,1.0,1.0,1.0,50
track_a_fra_swa_linspr_txt_001761,track_a_fra_swa_linspr_txt_001371,fra,track_a,high,0.2,0.0,0.38685280723454163,50
track_b_fra_lin_swaspr_txt_002587,track_a_fra_swa_linspr_txt_002587,fra,track_a,high,1.0,1.0,1.0,50
track_b_fra_lin_swaspr_txt_000533,track_a_fra_swa_linspr_txt_000533,fra,track_a,medium,1.0,1.0,1.0,50
track_b_fra_lin_swaspr_txt_001338,track_a_fra_swa_linspr_txt_001338,fra,track_a,high,1.0,1.0,1.0,50
track_a_fra_swa_linspr_txt_000931,track_a_fra_swa_linspr_txt_000579,fra,track_a,high,0.14285714285714285,0.0,0.0,50
track_a_fra_swa_linspr_txt_001792,track_a_fra_swa_linspr_txt_001921,fra,track_a,high,0.1,0.0,0.0,50
track_a_fra_swa_linspr_txt_001004,track_a_fra_swa_linspr_txt_003201,fra,track_a,high,1.0,1.0,1.0,50
track_a_fra_swa_linspr_txt_003482,track_a_fra_swa_linspr_txt_002008,fra,track_a,high,0.5,0.0,0.6309297535714575,50
track_b_fra_lin_swaspr_txt_002858,track_a_fra_swa_linspr_txt_002858,fra,track_a,medium,1.0,1.0,1.0,50
track_a_fra_swa_linspr_txt_003393,track_a_fra_swa_linspr_txt_001463,fra,track_a,high,0.08333333333333333,0.0,0.0,50
track_a_fra_swa_linspr_txt_002128,track_a_fra_swa_linspr_txt_002411,fra,track_a,high,0.09090909090909091,0.0,0.0,50
track_a_fra_swa_linspr_txt_003792,track_a_fra_swa_linspr_txt_001371,fra,track_a,medium,0.05555555555555555,0.0,0.0,50
track_b_fra_lin_swaspr_txt_002314,track_a_fra_swa_linspr_txt_002314,fra,track_a,high,1.0,1.0,1.0,50
track_b_fra_lin_swaspr_txt_002097,track_a_fra_swa_linspr_txt_002097,fra,track_a,high,0.0625,0.0,0.0,50
track_a_fra_swa_linspr_txt_000638,track_a_fra_swa_linspr_txt_001734,fra,track_a,medium,0.09090909090909091,0.0,0.0,50
track_b_fra_lin_swaspr_txt_003180,track_a_fra_swa_linspr_txt_003180,fra,track_a,medium,1.0,1.0,1.0,50
track_a_fra_swa_linspr_txt_001614,track_a_fra_swa_linspr_txt_001921,fra,track_a,high,1.0,1.0,1.0,50
track_b_fra_lin_swaspr_txt_002825,track_a_fra_swa_linspr_txt_002825,fra,track_a,high,1.0,1.0,1.0,50
track_b_fra_lin_swaspr_txt_001498,track_a_fra_swa_linspr_txt_001498,fra,track_a,high,1.0,1.0,1.0,50
track_a_fra_swa_linspr_txt_003442,track_a_fra_swa_linspr_txt_000041,fra,track_a,high,0.16666666666666666,0.0,0.0,50
track_b_fra_lin_swaspr_txt_002008,track_a_fra_swa_linspr_txt_002008,fra,track_a,high,1.0,1.0,1.0,50
track_a_fra_swa_linspr_txt_002974,track_a_fra_swa_linspr_txt_001614,fra,track_a,high,0.14285714285714285,0.0,0.0,50
track_a_fra_swa_linspr_txt_000481,track_a_fra_swa_linspr_txt_001364,fra,track_a,medium,0.25,0.0,0.43067655807339306,50
track_b_fra_lin_swaspr_txt_001845,track_a_fra_swa_linspr_txt_001845,fra,track_a,high,1.0,1.0,1.0,50
track_b_fra_lin_swaspr_txt_002084,track_a_fra_swa_linspr_txt_002084,fra,track_a,high,1.0,1.0,1.0,50
track_a_fra_swa_linspr_txt_002417,track_a_fra_swa_linspr_txt_001734,fra,track_a,medium,0.08333333333333333,0.0,0.0,50
track_b_fra_lin_swaspr_txt_002409,track_a_fra_swa_linspr_txt_002409,fra,track_a,high,1.0,1.0,1.0,50
track_b_fra_lin_swaspr_txt_000869,track_a_fra_swa_linspr_txt_000869,fra,track_a,high,0.08333333333333333,0.0,0.0,50
track_b_fra_lin_swaspr_txt_001198,track_a_fra_swa_linspr_txt_001198,fra,track_a,high,0.05263157894736842,0.0,0.0,50
track_b_fra_lin_swaspr_txt_000595,track_a_fra_swa_linspr_txt_000595,fra,track_a,high,1.0,1.0,1.0,50
track_b_fra_lin_swaspr_txt_001932,track_a_fra_swa_linspr_txt_001932,fra,track_a,medium,1.0,1.0,1.0,50
track_a_fra_swa_linspr_txt_001854,track_a_fra_swa_linspr_txt_003595,fra,track_a,medium,0.125,0.0,0.0,50
track_a_fra_swa_linspr_txt_000819,track_a_fra_swa_linspr_txt_001552,fra,track_a,high,0.09090909090909091,0.0,0.0,50
track_b_fra_lin_swaspr_txt_000590,track_a_fra_swa_linspr_txt_000590,fra,track_a,medium,1.0,1.0,1.0,50
track_a_fra_swa_linspr_txt_001776,track_a_fra_swa_linspr_txt_000231,fra,track_a,high,0.16666666666666666,0.0,0.0,50
track_a_fra_swa_linspr_txt_001743,track_a_fra_swa_linspr_txt_000356,fra,track_a,high,0.1111111111111111,0.0,0.0,50
track_b_fra_lin_swaspr_txt_002405,track_a_fra_swa_linspr_txt_002405,fra,track_a,high,1.0,1.0,1.0,50
track_a_fra_swa_linspr_txt_001092,track_a_fra_swa_linspr_txt_001249,fra,track_a,high,0.08333333333333333,0.0,0.0,50
track_b_fra_lin_swaspr_txt_002377,track_a_fra_swa_linspr_txt_002377,fra,track_a,high,1.0,1.0,1.0,50
track_b_fra_lin_swaspr_txt_001371,track_a_fra_swa_linspr_txt_001371,fra,track_a,high,1.0,1.0,1.0,50
track_a_fra_swa_linspr_txt_002825,track_a_fra_swa_linspr_txt_003665,fra,track_a,high,0.2,0.0,0.38685280723454163,50
track_a_fra_swa_linspr_txt_002928,track_a_fra_swa_linspr_txt_002690,fra,track_a,medium,1.0,1.0,1.0,50
track_b_fra_lin_swaspr_txt_002417,track_a_fra_swa_linspr_txt_002417,fra,track_a,medium,1.0,1.0,1.0,50
track_b_fra_lin_swaspr_txt_000633,track_a_fra_swa_linspr_txt_000633,fra,track_a,medium,1.0,1.0,1.0,50
track_a_fra_swa_linspr_txt_003370,track_a_fra_swa_linspr_txt_003219,fra,track_a,medium,0.14285714285714285,0.0,0.0,50
track_b_fra_lin_swaspr_txt_003783,track_a_fra_swa_linspr_txt_003783,fra,track_a,medium,1.0,1.0,1.0,50
track_b_fra_lin_swaspr_txt_002878,track_a_fra_swa_linspr_txt_002878,fra,track_a,medium,1.0,1.0,1.0,50
track_b_fra_lin_swaspr_txt_001242,track_a_fra_swa_linspr_txt_001242,fra,track_a,high,1.0,1.0,1.0,50
track_b_fra_lin_swaspr_txt_001745,track_a_fra_swa_linspr_txt_001745,fra,track_a,medium,1.0,1.0,1.0,50
track_b_fra_lin_swaspr_txt_001744,track_a_fra_swa_linspr_txt_001744,fra,track_a,high,1.0,1.0,1.0,50
track_a_fra_swa_linspr_txt_003087,track_a_fra_swa_linspr_txt_000175,fra,track_a,high,1.0,1.0,1.0,50
track_b_fra_lin_swaspr_txt_001478,track_a_fra_swa_linspr_txt_001478,fra,track_a,medium,1.0,1.0,1.0,50
track_b_fra_lin_swaspr_txt_000010,track_a_fra_swa_linspr_txt_000010,fra,track_a,high,1.0,1.0,1.0,50
track_b_fra_lin_swaspr_txt_001869,track_a_fra_swa_linspr_txt_001869,fra,track_a,high,1.0,1.0,1.0,50
track_b_fra_lin_swaspr_txt_002104,track_a_fra_swa_linspr_txt_002104,fra,track_a,medium,1.0,1.0,1.0,50
track_b_fra_lin_swaspr_txt_002859,track_a_fra_swa_linspr_txt_002859,fra,track_a,medium,1.0,1.0,1.0,50
track_b_fra_lin_swaspr_txt_002294,track_a_fra_swa_linspr_txt_002294,fra,track_a,medium,1.0,1.0,1.0,50
track_a_fra_swa_linspr_txt_001072,track_a_fra_swa_linspr_txt_000036,fra,track_a,high,0.08333333333333333,0.0,0.0,50
track_a_fra_swa_linspr_txt_000069,track_a_fra_swa_linspr_txt_000376,fra,track_a,high,0.08333333333333333,0.0,0.0,50
track_b_fra_lin_swaspr_txt_001806,track_a_fra_swa_linspr_txt_001806,fra,track_a,medium,1.0,1.0,1.0,50
track_b_fra_lin_swaspr_txt_001761,track_a_fra_swa_linspr_txt_001761,fra,track_a,high,1.0,1.0,1.0,50
track_b_fra_lin_swaspr_txt_000049,track_a_fra_swa_linspr_txt_000049,fra,track_a,high,0.25,0.0,0.43067655807339306,50
track_b_fra_lin_swaspr_txt_003760,track_a_fra_swa_linspr_txt_003760,fra,track_a,high,1.0,1.0,1.0,50
track_b_fra_lin_swaspr_txt_002974,track_a_fra_swa_linspr_txt_002974,fra,track_a,high,1.0,1.0,1.0,50
track_b_fra_lin_swaspr_txt_000062,track_a_fra_swa_linspr_txt_000062,fra,track_a,high,1.0,1.0,1.0,50
track_b_fra_lin_swaspr_txt_001882,track_a_fra_swa_linspr_txt_001882,fra,track_a,medium,1.0,1.0,1.0,50
track_a_fra_swa_linspr_txt_002135,track_a_fra_swa_linspr_txt_001854,fra,track_a,medium,0.2,0.0,0.38685280723454163,50
track_a_fra_swa_linspr_txt_000036,track_a_fra_swa_linspr_txt_001472,fra,track_a,high,0.3333333333333333,0.0,0.5,50
track_b_fra_lin_swaspr_txt_000144,track_a_fra_swa_linspr_txt_000144,fra,track_a,high,1.0,1.0,1.0,50
track_b_fra_lin_swaspr_txt_003887,track_a_fra_swa_linspr_txt_003887,fra,track_a,medium,0.5,0.0,0.6309297535714575,50
track_b_fra_lin_swaspr_txt_002060,track_a_fra_swa_linspr_txt_002060,fra,track_a,high,1.0,1.0,1.0,50
track_a_fra_swa_linspr_txt_001370,track_a_fra_swa_linspr_txt_001338,fra,track_a,high,0.08333333333333333,0.0,0.0,50
track_b_fra_lin_swaspr_txt_001537,track_a_fra_swa_linspr_txt_001537,fra,track_a,medium,1.0,1.0,1.0,50
track_a_fra_swa_linspr_txt_003884,track_a_fra_swa_linspr_txt_001689,fra,track_a,medium,0.1,0.0,0.0,50
track_b_fra_lin_swaspr_txt_000927,track_a_fra_swa_linspr_txt_000927,fra,track_a,high,1.0,1.0,1.0,50
track_a_fra_swa_linspr_txt_002639,track_a_fra_swa_linspr_txt_001734,fra,track_a,high,0.16666666666666666,0.0,0.0,50
track_a_fra_swa_linspr_txt_000590,track_a_fra_swa_linspr_txt_001338,fra,track_a,medium,0.1,0.0,0.0,50
track_b_fra_lin_swaspr_txt_001748,track_a_fra_swa_linspr_txt_001748,fra,track_a,medium,1.0,1.0,1.0,50
track_a_fra_swa_linspr_txt_001751,track_a_fra_swa_linspr_txt_002294,fra,track_a,high,1.0,1.0,1.0,50
track_a_fra_swa_linspr_txt_000072,track_a_fra_swa_linspr_txt_002690,fra,track_a,high,0.1,0.0,0.0,50
track_a_fra_swa_linspr_txt_001498,track_a_fra_swa_linspr_txt_001334,fra,track_a,medium,0.09090909090909091,0.0,0.0,50
track_b_fra_lin_swaspr_txt_001672,track_a_fra_swa_linspr_txt_001672,fra,track_a,high,0.1,0.0,0.0,50
track_b_fra_lin_swaspr_txt_002530,track_a_fra_swa_linspr_txt_002530,fra,track_a,medium,1.0,1.0,1.0,50
track_b_fra_lin_swaspr_txt_000359,track_a_fra_swa_linspr_txt_000359,fra,track_a,high,0.07692307692307693,0.0,0.0,50
track_a_fra_swa_linspr_txt_003899,track_a_fra_swa_linspr_txt_003219,fra,track_a,high,0.1,0.0,0.0,50
track_b_fra_lin_swaspr_txt_001854,track_a_fra_swa_linspr_txt_001854,fra,track_a,medium,1.0,1.0,1.0,50
track_b_fra_lin_swaspr_txt_000421,track_a_fra_swa_linspr_txt_000421,fra,track_a,high,1.0,1.0,1.0,50
track_b_fra_lin_swaspr_txt_003866,track_a_fra_swa_linspr_txt_003866,fra,track_a,medium,1.0,1.0,1.0,50
track_b_fra_lin_swaspr_txt_003188,track_a_fra_swa_linspr_txt_003188,fra,track_a,high,1.0,1.0,1.0,50
track_b_fra_lin_swaspr_txt_003988,track_a_fra_swa_linspr_txt_003988,fra,track_a,medium,1.0,1.0,1.0,50
track_b_fra_lin_swaspr_txt_003370,track_a_fra_swa_linspr_txt_003370,fra,track_a,medium,1.0,1.0,1.0,50
track_b_fra_lin_swaspr_txt_000885,track_a_fra_swa_linspr_txt_000885,fra,track_a,medium,1.0,1.0,1.0,50
track_a_fra_swa_linspr_txt_001672,track_a_fra_swa_linspr_txt_000231,fra,track_a,high,0.09090909090909091,0.0,0.0,50
track_a_fra_swa_linspr_txt_003479,track_a_fra_swa_linspr_txt_002008,fra,track_a,high,0.1,0.0,0.0,50
track_b_fra_lin_swaspr_txt_002982,track_a_fra_swa_linspr_txt_002982,fra,track_a,high,1.0,1.0,1.0,50
track_b_fra_lin_swaspr_txt_002648,track_a_fra_swa_linspr_txt_002648,fra,track_a,high,1.0,1.0,1.0,50
track_a_fra_swa_linspr_txt_001863,track_a_fra_swa_linspr_txt_001334,fra,track_a,medium,1.0,1.0,1.0,50
track_a_fra_swa_linspr_txt_000544,track_a_fra_swa_linspr_txt_001698,fra,track_a,medium,0.07142857142857142,0.0,0.0,50
track_a_fra_swa_linspr_txt_003075,track_a_fra_swa_linspr_txt_001255,fra,track_a,high,0.07692307692307693,0.0,0.0,50
track_a_fra_swa_linspr_txt_000927,track_a_fra_swa_linspr_txt_000421,fra,track_a,high,0.08333333333333333,0.0,0.0,50
track_b_fra_lin_swaspr_txt_001062,track_a_fra_swa_linspr_txt_001062,fra,track_a,medium,1.0,1.0,1.0,50
track_b_fra_lin_swaspr_txt_002332,track_a_fra_swa_linspr_txt_002332,fra,track_a,high,0.1,0.0,0.0,50
track_b_fra_lin_swaspr_txt_000632,track_a_fra_swa_linspr_txt_000632,fra,track_a,medium,1.0,1.0,1.0,50
track_b_fra_lin_swaspr_txt_001936,track_a_fra_swa_linspr_txt_001936,fra,track_a,high,0.08333333333333333,0.0,0.0,50
track_b_fra_lin_swaspr_txt_000051,track_a_fra_swa_linspr_txt_000051,fra,track_a,high,1.0,1.0,1.0,50
track_a_fra_swa_linspr_txt_002024,track_a_fra_swa_linspr_txt_002409,fra,track_a,high,0.25,0.0,0.43067655807339306,50
track_a_fra_swa_linspr_txt_000839,track_a_fra_swa_linspr_txt_001145,fra,track_a,high,1.0,1.0,1.0,50
track_b_fra_lin_swaspr_txt_003928,track_a_fra_swa_linspr_txt_003928,fra,track_a,high,1.0,1.0,1.0,50
track_a_fra_swa_linspr_txt_000744,track_a_fra_swa_linspr_txt_001249,fra,track_a,high,0.125,0.0,0.0,50
track_a_fra_swa_linspr_txt_000901,track_a_fra_swa_linspr_txt_000359,fra,track_a,high,1.0,1.0,1.0,50
track_a_fra_swa_linspr_txt_003918,track_a_fra_swa_linspr_txt_001472,fra,track_a,high,0.09090909090909091,0.0,0.0,50
track_a_fra_swa_linspr_txt_000051,track_a_fra_swa_linspr_txt_000175,fra,track_a,high,0.07692307692307693,0.0,0.0,50
track_a_fra_swa_linspr_txt_003634,track_a_fra_swa_linspr_txt_001334,fra,track_a,high,0.09090909090909091,0.0,0.0,50
track_a_fra_swa_linspr_txt_000132,track_a_fra_swa_linspr_txt_001274,fra,track_a,high,0.5,0.0,0.6309297535714575,50
track_b_fra_lin_swaspr_txt_003733,track_a_fra_swa_linspr_txt_003733,fra,track_a,medium,1.0,1.0,1.0,50
track_a_fra_swa_linspr_txt_001695,track_a_fra_swa_linspr_txt_001260,fra,track_a,high,0.07692307692307693,0.0,0.0,50
track_b_fra_lin_swaspr_txt_001324,track_a_fra_swa_linspr_txt_001324,fra,track_a,medium,1.0,1.0,1.0,50
track_b_fra_lin_swaspr_txt_002837,track_a_fra_swa_linspr_txt_002837,fra,track_a,high,1.0,1.0,1.0,50
track_b_fra_lin_swaspr_txt_000478,track_a_fra_swa_linspr_txt_000478,fra,track_a,high,0.5,0.0,0.6309297535714575,50
track_b_fra_lin_swaspr_txt_002364,track_a_fra_swa_linspr_txt_002364,fra,track_a,medium,1.0,1.0,1.0,50
track_b_fra_lin_swaspr_txt_002389,track_a_fra_swa_linspr_txt_002389,fra,track_a,high,1.0,1.0,1.0,50
track_a_fra_swa_linspr_txt_003286,track_a_fra_swa_linspr_txt_001249,fra,track_a,medium,0.0625,0.0,0.0,50
track_b_fra_lin_swaspr_txt_001364,track_a_fra_swa_linspr_txt_001364,fra,track_a,high,1.0,1.0,1.0,50
track_a_fra_swa_linspr_txt_003661,track_a_fra_swa_linspr_txt_001334,fra,track_a,high,0.1111111111111111,0.0,0.0,50
track_a_fra_swa_linspr_txt_001795,track_a_fra_swa_linspr_txt_001970,fra,track_a,medium,1.0,1.0,1.0,50
track_a_fra_swa_linspr_txt_003534,track_a_fra_swa_linspr_txt_001970,fra,track_a,high,0.09090909090909091,0.0,0.0,50
track_a_fra_swa_linspr_txt_001575,track_a_fra_swa_linspr_txt_000175,fra,track_a,medium,0.125,0.0,0.0,50
track_a_fra_swa_linspr_txt_003665,track_a_fra_swa_linspr_txt_003541,fra,track_a,high,0.125,0.0,0.0,50
track_b_fra_lin_swaspr_txt_003960,track_a_fra_swa_linspr_txt_003960,fra,track_a,high,1.0,1.0,1.0,50
track_b_fra_lin_swaspr_txt_003392,track_a_fra_swa_linspr_txt_003392,fra,track_a,medium,1.0,1.0,1.0,50
track_a_fra_swa_linspr_txt_003200,track_a_fra_swa_linspr_txt_002364,fra,track_a,high,0.5,0.0,0.6309297535714575,50
track_b_fra_lin_swaspr_txt_001255,track_a_fra_swa_linspr_txt_001255,fra,track_a,medium,1.0,1.0,1.0,50
track_b_fra_lin_swaspr_txt_003403,track_a_fra_swa_linspr_txt_003403,fra,track_a,medium,1.0,1.0,1.0,50
track_a_fra_swa_linspr_txt_001261,track_a_fra_swa_linspr_txt_001632,fra,track_a,medium,0.08333333333333333,0.0,0.0,50
track_b_fra_lin_swaspr_txt_001060,track_a_fra_swa_linspr_txt_001060,fra,track_a,medium,0.07142857142857142,0.0,0.0,50
track_a_fra_swa_linspr_txt_002364,track_a_fra_swa_linspr_txt_002409,fra,track_a,medium,0.058823529411764705,0.0,0.0,50
track_b_fra_lin_swaspr_txt_000744,track_a_fra_swa_linspr_txt_000744,fra,track_a,high,0.08333333333333333,0.0,0.0,50
track_a_fra_swa_linspr_txt_002632,track_a_fra_swa_linspr_txt_003314,fra,track_a,high,0.07692307692307693,0.0,0.0,50
track_b_fra_lin_swaspr_txt_000901,track_a_fra_swa_linspr_txt_000901,fra,track_a,high,1.0,1.0,1.0,50
track_a_fra_swa_linspr_txt_003331,track_a_fra_swa_linspr_txt_003665,fra,track_a,medium,0.1,0.0,0.0,50
track_a_fra_swa_linspr_txt_000231,track_a_fra_swa_linspr_txt_003112,fra,track_a,medium,0.1111111111111111,0.0,0.0,50
track_b_fra_lin_swaspr_txt_002468,track_a_fra_swa_linspr_txt_002468,fra,track_a,high,1.0,1.0,1.0,50
track_b_fra_lin_swaspr_txt_001907,track_a_fra_swa_linspr_txt_001907,fra,track_a,medium,1.0,1.0,1.0,50
track_a_fra_swa_linspr_txt_002409,track_a_fra_swa_linspr_txt_002024,fra,track_a,high,0.1111111111111111,0.0,0.0,50
track_a_fra_swa_linspr_txt_002654,track_a_fra_swa_linspr_txt_002165,fra,track_a,medium,0.07692307692307693,0.0,0.0,50
track_a_fra_swa_linspr_txt_002169,track_a_fra_swa_linspr_txt_000461,fra,track_a,high,1.0,1.0,1.0,50
track_a_fra_swa_linspr_txt_003251,track_a_fra_swa_linspr_txt_001632,fra,track_a,high,0.09090909090909091,0.0,0.0,50
track_a_fra_swa_linspr_txt_000953,track_a_fra_swa_linspr_txt_000840,fra,track_a,high,1.0,1.0,1.0,50
track_b_fra_lin_swaspr_txt_001145,track_a_fra_swa_linspr_txt_001145,fra,track_a,medium,1.0,1.0,1.0,50
track_b_fra_lin_swaspr_txt_003218,track_a_fra_swa_linspr_txt_003218,fra,track_a,high,1.0,1.0,1.0,50
track_b_fra_lin_swaspr_txt_000175,track_a_fra_swa_linspr_txt_000175,fra,track_a,medium,1.0,1.0,1.0,50
track_b_fra_lin_swaspr_txt_003041,track_a_fra_swa_linspr_txt_003041,fra,track_a,high,1.0,1.0,1.0,50
track_a_fra_swa_linspr_txt_003077,track_a_fra_swa_linspr_txt_000586,fra,track_a,high,0.2,0.0,0.38685280723454163,50
track_a_fra_swa_linspr_txt_001437,track_a_fra_swa_linspr_txt_000595,fra,track_a,high,0.14285714285714285,0.0,0.0,50
track_b_fra_lin_swaspr_txt_002623,track_a_fra_swa_linspr_txt_002623,fra,track_a,high,1.0,1.0,1.0,50
track_a_fra_swa_linspr_txt_001142,track_a_fra_swa_linspr_txt_001472,fra,track_a,high,0.16666666666666666,0.0,0.0,50
track_b_fra_lin_swaspr_txt_002000,track_a_fra_swa_linspr_txt_002000,fra,track_a,high,0.5,0.0,0.6309297535714575,50
track_a_fra_swa_linspr_txt_002096,track_a_fra_swa_linspr_txt_001260,fra,track_a,medium,0.1,0.0,0.0,50
track_a_fra_swa_linspr_txt_001861,track_a_fra_swa_linspr_txt_001698,fra,track_a,high,0.2,0.0,0.38685280723454163,50
track_b_fra_lin_swaspr_txt_003996,track_a_fra_swa_linspr_txt_003996,fra,track_a,high,0.045454545454545456,0.0,0.0,50
track_a_fra_swa_linspr_txt_003063,track_a_fra_swa_linspr_txt_003963,fra,track_a,high,1.0,1.0,1.0,50
track_b_fra_lin_swaspr_txt_001445,track_a_fra_swa_linspr_txt_001445,fra,track_a,high,0.5,0.0,0.6309297535714575,50
track_b_fra_lin_swaspr_txt_001128,track_a_fra_swa_linspr_txt_001128,fra,track_a,medium,1.0,1.0,1.0,50
track_b_fra_lin_swaspr_txt_000812,track_a_fra_swa_linspr_txt_000812,fra,track_a,medium,1.0,1.0,1.0,50
track_b_fra_lin_swaspr_txt_003795,track_a_fra_swa_linspr_txt_003795,fra,track_a,high,1.0,1.0,1.0,50
track_a_fra_swa_linspr_txt_001445,track_a_fra_swa_linspr_txt_001614,fra,track_a,high,0.07142857142857142,0.0,0.0,50
track_b_fra_lin_swaspr_txt_001992,track_a_fra_swa_linspr_txt_001992,fra,track_a,high,1.0,1.0,1.0,50
track_b_fra_lin_swaspr_txt_002135,track_a_fra_swa_linspr_txt_002135,fra,track_a,high,1.0,1.0,1.0,50
track_b_fra_lin_swaspr_txt_003803,track_a_fra_swa_linspr_txt_003803,fra,track_a,high,1.0,1.0,1.0,50
track_a_fra_swa_linspr_txt_001869,track_a_fra_swa_linspr_txt_000062,fra,track_a,medium,1.0,1.0,1.0,50
track_a_fra_swa_linspr_txt_002743,track_a_fra_swa_linspr_txt_002024,fra,track_a,high,0.058823529411764705,0.0,0.0,50
track_b_fra_lin_swaspr_txt_001437,track_a_fra_swa_linspr_txt_001437,fra,track_a,high,0.1,0.0,0.0,50
track_a_fra_swa_linspr_txt_002250,track_a_fra_swa_linspr_txt_001357,fra,track_a,high,0.14285714285714285,0.0,0.0,50
track_a_fra_swa_linspr_txt_002468,track_a_fra_swa_linspr_txt_001531,fra,track_a,high,0.06666666666666667,0.0,0.0,50
track_a_fra_swa_linspr_txt_002014,track_a_fra_swa_linspr_txt_003219,fra,track_a,medium,0.0625,0.0,0.0,50
track_a_fra_swa_linspr_txt_002099,track_a_fra_swa_linspr_txt_001338,fra,track_a,high,0.09090909090909091,0.0,0.0,50
track_b_fra_lin_swaspr_txt_002928,track_a_fra_swa_linspr_txt_002928,fra,track_a,high,1.0,1.0,1.0,50
track_b_fra_lin_swaspr_txt_000586,track_a_fra_swa_linspr_txt_000586,fra,track_a,medium,1.0,1.0,1.0,50
track_b_fra_lin_swaspr_txt_002996,track_a_fra_swa_linspr_txt_002996,fra,track_a,high,1.0,1.0,1.0,50
track_b_fra_lin_swaspr_txt_002423,track_a_fra_swa_linspr_txt_002423,fra,track_a,high,1.0,1.0,1.0,50
track_a_fra_swa_linspr_txt_000478,track_a_fra_swa_linspr_txt_001542,fra,track_a,high,0.1,0.0,0.0,50
track_b_fra_lin_swaspr_txt_001261,track_a_fra_swa_linspr_txt_001261,fra,track_a,medium,0.5,0.0,0.6309297535714575,50
track_b_fra_lin_swaspr_txt_001995,track_a_fra_swa_linspr_txt_001995,fra,track_a,medium,1.0,1.0,1.0,50
track_a_fra_swa_linspr_txt_003598,track_a_fra_swa_linspr_txt_001249,fra,track_a,high,0.08333333333333333,0.0,0.0,50
track_b_fra_lin_swaspr_txt_002957,track_a_fra_swa_linspr_txt_002957,fra,track_a,medium,1.0,1.0,1.0,50
track_a_fra_swa_linspr_txt_002516,track_a_fra_swa_linspr_txt_000812,fra,track_a,high,0.14285714285714285,0.0,0.0,50
track_a_fra_swa_linspr_txt_001935,track_a_fra_swa_linspr_txt_002008,fra,track_a,medium,0.25,0.0,0.43067655807339306,50
track_b_fra_lin_swaspr_txt_002262,track_a_fra_swa_linspr_txt_002262,fra,track_a,medium,1.0,1.0,1.0,50
track_a_fra_swa_linspr_txt_000985,track_a_fra_swa_linspr_txt_000878,fra,track_a,high,1.0,1.0,1.0,50
track_a_fra_swa_linspr_txt_003084,track_a_fra_swa_linspr_txt_001686,fra,track_a,high,0.16666666666666666,0.0,0.0,50
track_b_fra_lin_swaspr_txt_003756,track_a_fra_swa_linspr_txt_003756,fra,track_a,high,1.0,1.0,1.0,50
track_a_fra_swa_linspr_txt_001858,track_a_fra_swa_linspr_txt_000452,fra,track_a,medium,0.2,0.0,0.38685280723454163,50
track_a_fra_swa_linspr_txt_001478,track_a_fra_swa_linspr_txt_001338,fra,track_a,high,0.09090909090909091,0.0,0.0,50
track_a_fra_swa_linspr_txt_002608,track_a_fra_swa_linspr_txt_001367,fra,track_a,high,0.058823529411764705,0.0,0.0,50
track_a_fra_swa_linspr_txt_002122,track_a_fra_swa_linspr_txt_001360,fra,track_a,medium,0.1,0.0,0.0,50
track_a_fra_swa_linspr_txt_000559,track_a_fra_swa_linspr_txt_001260,fra,track_a,high,0.06666666666666667,0.0,0.0,50
track_b_fra_lin_swaspr_txt_003534,track_a_fra_swa_linspr_txt_003534,fra,track_a,medium,1.0,1.0,1.0,50
track_a_fra_swa_linspr_txt_000686,track_a_fra_swa_linspr_txt_000421,fra,track_a,high,1.0,1.0,1.0,50
track_a_fra_swa_linspr_txt_002063,track_a_fra_swa_linspr_txt_000498,fra,track_a,high,0.1111111111111111,0.0,0.0,50
track_a_fra_swa_linspr_txt_000227,track_a_fra_swa_linspr_txt_000670,fra,track_a,high,0.16666666666666666,0.0,0.0,50
track_a_fra_swa_linspr_txt_000878,track_a_fra_swa_linspr_txt_000985,fra,track_a,high,0.5,0.0,0.6309297535714575,50
track_b_fra_lin_swaspr_txt_001863,track_a_fra_swa_linspr_txt_001863,fra,track_a,high,1.0,1.0,1.0,50
track_b_fra_lin_swaspr_txt_000638,track_a_fra_swa_linspr_txt_000638,fra,track_a,high,1.0,1.0,1.0,50
track_a_fra_swa_linspr_txt_000888,track_a_fra_swa_linspr_txt_002411,fra,track_a,high,0.1,0.0,0.0,50
track_b_fra_lin_swaspr_txt_001212,track_a_fra_swa_linspr_txt_001212,fra,track_a,medium,1.0,1.0,1.0,50
track_a_fra_swa_linspr_txt_003475,track_a_fra_swa_linspr_txt_001306,fra,track_a,medium,0.07692307692307693,0.0,0.0,50
track_b_fra_lin_swaspr_txt_002140,track_a_fra_swa_linspr_txt_002140,fra,track_a,high,1.0,1.0,1.0,50
track_b_fra_lin_swaspr_txt_002608,track_a_fra_swa_linspr_txt_002608,fra,track_a,medium,1.0,1.0,1.0,50
track_b_fra_lin_swaspr_txt_003293,track_a_fra_swa_linspr_txt_003293,fra,track_a,high,1.0,1.0,1.0,50
track_b_fra_lin_swaspr_txt_001360,track_a_fra_swa_linspr_txt_001360,fra,track_a,medium,1.0,1.0,1.0,50
track_b_fra_lin_swaspr_txt_003223,track_a_fra_swa_linspr_txt_003223,fra,track_a,medium,1.0,1.0,1.0,50
track_a_fra_swa_linspr_txt_000266,track_a_fra_swa_linspr_txt_001367,fra,track_a,high,1.0,1.0,1.0,50
track_a_fra_swa_linspr_txt_003568,track_a_fra_swa_linspr_txt_001698,fra,track_a,medium,0.07692307692307693,0.0,0.0,50
track_b_fra_lin_swaspr_txt_003039,track_a_fra_swa_linspr_txt_003039,fra,track_a,high,1.0,1.0,1.0,50
track_b_fra_lin_swaspr_txt_000608,track_a_fra_swa_linspr_txt_000608,fra,track_a,medium,1.0,1.0,1.0,50
track_a_fra_swa_linspr_txt_000175,track_a_fra_swa_linspr_txt_002165,fra,track_a,medium,0.09090909090909091,0.0,0.0,50
track_a_fra_swa_linspr_txt_003549,track_a_fra_swa_linspr_txt_002014,fra,track_a,high,1.0,1.0,1.0,50
track_b_fra_lin_swaspr_txt_000227,track_a_fra_swa_linspr_txt_000227,fra,track_a,high,1.0,1.0,1.0,50
track_a_fra_swa_linspr_txt_003392,track_a_fra_swa_linspr_txt_002364,fra,track_a,high,1.0,1.0,1.0,50
track_b_fra_lin_swaspr_txt_003549,track_a_fra_swa_linspr_txt_003549,fra,track_a,high,1.0,1.0,1.0,50
track_b_fra_lin_swaspr_txt_001632,track_a_fra_swa_linspr_txt_001632,fra,track_a,medium,1.0,1.0,1.0,50
track_b_fra_lin_swaspr_txt_001260,track_a_fra_swa_linspr_txt_001260,fra,track_a,medium,0.5,0.0,0.6309297535714575,50
track_a_fra_swa_linspr_txt_002921,track_a_fra_swa_linspr_txt_003688,fra,track_a,medium,0.3333333333333333,0.0,0.5,50
track_b_fra_lin_swaspr_txt_001490,track_a_fra_swa_linspr_txt_001490,fra,track_a,medium,1.0,1.0,1.0,50
track_b_fra_lin_swaspr_txt_001858,track_a_fra_swa_linspr_txt_001858,fra,track_a,high,1.0,1.0,1.0,50
track_b_fra_lin_swaspr_txt_003634,track_a_fra_swa_linspr_txt_003634,fra,track_a,high,1.0,1.0,1.0,50
track_a_fra_swa_linspr_txt_001698,track_a_fra_swa_linspr_txt_002956,fra,track_a,medium,0.1,0.0,0.0,50
track_a_fra_swa_linspr_txt_001537,track_a_fra_swa_linspr_txt_001921,fra,track_a,medium,0.25,0.0,0.43067655807339306,50
track_a_fra_swa_linspr_txt_001744,track_a_fra_swa_linspr_txt_002066,fra,track_a,high,0.25,0.0,0.43067655807339306,50
track_a_fra_swa_linspr_txt_000861,track_a_fra_swa_linspr_txt_001260,fra,track_a,high,0.5,0.0,0.6309297535714575,50
track_b_fra_lin_swaspr_txt_000266,track_a_fra_swa_linspr_txt_000266,fra,track_a,high,1.0,1.0,1.0,50
track_b_fra_lin_swaspr_txt_000810,track_a_fra_swa_linspr_txt_000810,fra,track_a,high,1.0,1.0,1.0,50
track_a_fra_swa_linspr_txt_002389,track_a_fra_swa_linspr_txt_000632,fra,track_a,high,0.3333333333333333,0.0,0.5,50
track_b_fra_lin_swaspr_txt_001574,track_a_fra_swa_linspr_txt_001574,fra,track_a,medium,1.0,1.0,1.0,50
track_a_fra_swa_linspr_txt_000359,track_a_fra_swa_linspr_txt_001108,fra,track_a,high,0.08333333333333333,0.0,0.0,50
track_b_fra_lin_swaspr_txt_000314,track_a_fra_swa_linspr_txt_000314,fra,track_a,high,0.08333333333333333,0.0,0.0,50
track_a_fra_swa_linspr_txt_001324,track_a_fra_swa_linspr_txt_000840,fra,track_a,medium,0.09090909090909091,0.0,0.0,50
track_b_fra_lin_swaspr_txt_003393,track_a_fra_swa_linspr_txt_003393,fra,track_a,medium,1.0,1.0,1.0,50
track_a_fra_swa_linspr_txt_000300,track_a_fra_swa_linspr_txt_000062,fra,track_a,high,0.25,0.0,0.43067655807339306,50
track_b_fra_lin_swaspr_txt_001426,track_a_fra_swa_linspr_txt_001426,fra,track_a,high,1.0,1.0,1.0,50
track_a_fra_swa_linspr_txt_002836,track_a_fra_swa_linspr_txt_000586,fra,track_a,high,0.3333333333333333,0.0,0.5,50
track_b_fra_lin_swaspr_txt_001114,track_a_fra_swa_linspr_txt_001114,fra,track_a,medium,1.0,1.0,1.0,50
track_a_fra_swa_linspr_txt_000670,track_a_fra_swa_linspr_txt_001698,fra,track_a,medium,0.06666666666666667,0.0,0.0,50
track_a_fra_swa_linspr_txt_000084,track_a_fra_swa_linspr_txt_000314,fra,track_a,high,1.0,1.0,1.0,50
track_a_fra_swa_linspr_txt_003966,track_a_fra_swa_linspr_txt_000840,fra,track_a,medium,0.1111111111111111,0.0,0.0,50
track_a_fra_swa_linspr_txt_003271,track_a_fra_swa_linspr_txt_001463,fra,track_a,high,0.07692307692307693,0.0,0.0,50
track_b_fra_lin_swaspr_txt_002139,track_a_fra_swa_linspr_txt_002139,fra,track_a,high,1.0,1.0,1.0,50
track_a_fra_swa_linspr_txt_003270,track_a_fra_swa_linspr_txt_001260,fra,track_a,medium,0.07692307692307693,0.0,0.0,50
track_b_fra_lin_swaspr_txt_002063,track_a_fra_swa_linspr_txt_002063,fra,track_a,high,1.0,1.0,1.0,50
track_a_fra_swa_linspr_txt_001748,track_a_fra_swa_linspr_txt_001463,fra,track_a,high,0.08333333333333333,0.0,0.0,50
track_b_fra_lin_swaspr_txt_002271,track_a_fra_swa_linspr_txt_002271,fra,track_a,medium,0.07692307692307693,0.0,0.0,50
track_a_fra_swa_linspr_txt_003958,track_a_fra_swa_linspr_txt_003314,fra,track_a,high,0.1,0.0,0.0,50
track_b_fra_lin_swaspr_txt_003077,track_a_fra_swa_linspr_txt_003077,fra,track_a,high,1.0,1.0,1.0,50
track_a_fra_swa_linspr_txt_001357,track_a_fra_swa_linspr_txt_003314,fra,track_a,medium,0.16666666666666666,0.0,0.0,50
track_b_fra_lin_swaspr_txt_002049,track_a_fra_swa_linspr_txt_002049,fra,track_a,high,1.0,1.0,1.0,50
track_a_fra_swa_linspr_txt_003724,track_a_fra_swa_linspr_txt_002014,fra,track_a,medium,0.14285714285714285,0.0,0.0,50
track_b_fra_lin_swaspr_txt_002099,track_a_fra_swa_linspr_txt_002099,fra,track_a,high,1.0,1.0,1.0,50
track_b_fra_lin_swaspr_txt_000961,track_a_fra_swa_linspr_txt_000961,fra,track_a,high,0.07692307692307693,0.0,0.0,50
track_b_fra_lin_swaspr_txt_000879,track_a_fra_swa_linspr_txt_000879,fra,track_a,high,0.5,0.0,0.6309297535714575,50
track_a_fra_swa_linspr_txt_001745,track_a_fra_swa_linspr_txt_002024,fra,track_a,medium,0.1,0.0,0.0,50
track_a_fra_swa_linspr_txt_001169,track_a_fra_swa_linspr_txt_001992,fra,track_a,high,0.2,0.0,0.38685280723454163,50
track_a_fra_swa_linspr_txt_002423,track_a_fra_swa_linspr_txt_003219,fra,track_a,high,0.0625,0.0,0.0,50
track_a_fra_swa_linspr_txt_002596,track_a_fra_swa_linspr_txt_001260,fra,track_a,medium,0.1,0.0,0.0,50
track_a_fra_swa_linspr_txt_000845,track_a_fra_swa_linspr_txt_003314,fra,track_a,high,0.07692307692307693,0.0,0.0,50
track_b_fra_lin_swaspr_txt_003112,track_a_fra_swa_linspr_txt_003112,fra,track_a,medium,1.0,1.0,1.0,50
track_b_fra_lin_swaspr_txt_002459,track_a_fra_swa_linspr_txt_002459,fra,track_a,high,1.0,1.0,1.0,50
track_a_fra_swa_linspr_txt_003039,track_a_fra_swa_linspr_txt_001338,fra,track_a,medium,0.09090909090909091,0.0,0.0,50
track_a_fra_swa_linspr_txt_000924,track_a_fra_swa_linspr_txt_003665,fra,track_a,high,0.5,0.0,0.6309297535714575,50
track_a_fra_swa_linspr_txt_001242,track_a_fra_swa_linspr_txt_001463,fra,track_a,high,0.07692307692307693,0.0,0.0,50
track_a_fra_swa_linspr_txt_000421,track_a_fra_swa_linspr_txt_001338,fra,track_a,high,0.2,0.0,0.38685280723454163,50
track_b_fra_lin_swaspr_txt_000999,track_a_fra_swa_linspr_txt_000999,fra,track_a,high,1.0,1.0,1.0,50
track_a_fra_swa_linspr_txt_003403,track_a_fra_swa_linspr_txt_001686,fra,track_a,medium,0.1111111111111111,0.0,0.0,50
track_b_fra_lin_swaspr_txt_002024,track_a_fra_swa_linspr_txt_002024,fra,track_a,medium,1.0,1.0,1.0,50
track_b_fra_lin_swaspr_txt_003439,track_a_fra_swa_linspr_txt_003439,fra,track_a,high,0.08333333333333333,0.0,0.0,50
track_a_fra_swa_linspr_txt_001942,track_a_fra_swa_linspr_txt_001295,fra,track_a,high,0.16666666666666666,0.0,0.0,50
track_b_fra_lin_swaspr_txt_003442,track_a_fra_swa_linspr_txt_003442,fra,track_a,medium,1.0,1.0,1.0,50
track_b_fra_lin_swaspr_txt_003792,track_a_fra_swa_linspr_txt_003792,fra,track_a,high,1.0,1.0,1.0,50
track_b_fra_lin_swaspr_txt_001795,track_a_fra_swa_linspr_txt_001795,fra,track_a,high,1.0,1.0,1.0,50
track_a_fra_swa_linspr_txt_003992,track_a_fra_swa_linspr_txt_002165,fra,track_a,medium,0.16666666666666666,0.0,0.0,50
track_b_fra_lin_swaspr_txt_003860,track_a_fra_swa_linspr_txt_003860,fra,track_a,high,1.0,1.0,1.0,50
track_a_fra_swa_linspr_txt_002377,track_a_fra_swa_linspr_txt_001472,fra,track_a,medium,0.16666666666666666,0.0,0.0,50
track_b_fra_lin_swaspr_txt_002836,track_a_fra_swa_linspr_txt_002836,fra,track_a,high,0.3333333333333333,0.0,0.5,50
track_b_fra_lin_swaspr_txt_000565,track_a_fra_swa_linspr_txt_000565,fra,track_a,high,1.0,1.0,1.0,50
track_a_fra_swa_linspr_txt_003928,track_a_fra_swa_linspr_txt_000888,fra,track_a,high,1.0,1.0,1.0,50
track_b_fra_lin_swaspr_txt_002743,track_a_fra_swa_linspr_txt_002743,fra,track_a,high,1.0,1.0,1.0,50
track_a_fra_swa_linspr_txt_001992,track_a_fra_swa_linspr_txt_002165,fra,track_a,medium,0.09090909090909091,0.0,0.0,50
track_b_fra_lin_swaspr_txt_003688,track_a_fra_swa_linspr_txt_003688,fra,track_a,medium,1.0,1.0,1.0,50
track_a_fra_swa_linspr_txt_002271,track_a_fra_swa_linspr_txt_000888,fra,track_a,high,0.16666666666666666,0.0,0.0,50
track_b_fra_lin_swaspr_txt_003422,track_a_fra_swa_linspr_txt_003422,fra,track_a,high,0.1,0.0,0.0,50
track_b_fra_lin_swaspr_txt_001792,track_a_fra_swa_linspr_txt_001792,fra,track_a,high,1.0,1.0,1.0,50
track_a_fra_swa_linspr_txt_000885,track_a_fra_swa_linspr_txt_002008,fra,track_a,high,0.1111111111111111,0.0,0.0,50
track_b_fra_lin_swaspr_txt_001751,track_a_fra_swa_linspr_txt_001751,fra,track_a,high,1.0,1.0,1.0,50
track_a_fra_swa_linspr_txt_002996,track_a_fra_swa_linspr_txt_000595,fra,track_a,high,0.1111111111111111,0.0,0.0,50
track_b_fra_lin_swaspr_txt_000399,track_a_fra_swa_linspr_txt_000399,fra,track_a,high,1.0,1.0,1.0,50
track_a_fra_swa_linspr_txt_001154,track_a_fra_swa_linspr_txt_000069,fra,track_a,high,0.5,0.0,0.6309297535714575,50
track_b_fra_lin_swaspr_txt_003541,track_a_fra_swa_linspr_txt_003541,fra,track_a,high,1.0,1.0,1.0,50
track_b_fra_lin_swaspr_txt_002218,track_a_fra_swa_linspr_txt_002218,fra,track_a,medium,0.3333333333333333,0.0,0.5,50
track_a_fra_swa_linspr_txt_000909,track_a_fra_swa_linspr_txt_001316,fra,track_a,medium,0.09090909090909091,0.0,0.0,50
track_a_fra_swa_linspr_txt_003617,track_a_fra_swa_linspr_txt_000481,fra,track_a,medium,0.05263157894736842,0.0,0.0,50
track_a_fra_swa_linspr_txt_003216,track_a_fra_swa_linspr_txt_001334,fra,track_a,high,0.3333333333333333,0.0,0.5,50
track_b_fra_lin_swaspr_txt_001698,track_a_fra_swa_linspr_txt_001698,fra,track_a,high,1.0,1.0,1.0,50
track_b_fra_lin_swaspr_txt_001433,track_a_fra_swa_linspr_txt_001433,fra,track_a,medium,1.0,1.0,1.0,50
track_a_fra_swa_linspr_txt_003223,track_a_fra_swa_linspr_txt_001385,fra,track_a,medium,0.07692307692307693,0.0,0.0,50
track_b_fra_lin_swaspr_txt_000356,track_a_fra_swa_linspr_txt_000356,fra,track_a,high,1.0,1.0,1.0,50
track_a_fra_swa_linspr_txt_001385,track_a_fra_swa_linspr_txt_001260,fra,track_a,high,0.25,0.0,0.43067655807339306,50
track_b_fra_lin_swaspr_txt_003200,track_a_fra_swa_linspr_txt_003200,fra,track_a,high,1.0,1.0,1.0,50
track_a_fra_swa_linspr_txt_000327,track_a_fra_swa_linspr_txt_002295,fra,track_a,medium,0.1,0.0,0.0,50
track_b_fra_lin_swaspr_txt_001197,track_a_fra_swa_linspr_txt_001197,fra,track_a,high,1.0,1.0,1.0,50
track_b_fra_lin_swaspr_txt_001759,track_a_fra_swa_linspr_txt_001759,fra,track_a,medium,1.0,1.0,1.0,50
track_b_fra_lin_swaspr_txt_002165,track_a_fra_swa_linspr_txt_002165,fra,track_a,high,1.0,1.0,1.0,50
track_a_fra_swa_linspr_txt_001334,track_a_fra_swa_linspr_txt_003216,fra,track_a,high,0.16666666666666666,0.0,0.0,50
track_b_fra_lin_swaspr_txt_002196,track_a_fra_swa_linspr_txt_002196,fra,track_a,medium,1.0,1.0,1.0,50
track_a_fra_swa_linspr_txt_001531,track_a_fra_swa_linspr_txt_001255,fra,track_a,medium,0.1,0.0,0.0,50
track_b_fra_lin_swaspr_txt_000559,track_a_fra_swa_linspr_txt_000559,fra,track_a,high,1.0,1.0,1.0,50
track_a_fra_swa_linspr_txt_001114,track_a_fra_swa_linspr_txt_000231,fra,track_a,medium,0.5,0.0,0.6309297535714575,50
track_b_fra_lin_swaspr_txt_000899,track_a_fra_swa_linspr_txt_000899,fra,track_a,medium,1.0,1.0,1.0,50
track_b_fra_lin_swaspr_txt_000166,track_a_fra_swa_linspr_txt_000166,fra,track_a,medium,1.0,1.0,1.0,50
track_b_fra_lin_swaspr_txt_002133,track_a_fra_swa_linspr_txt_002133,fra,track_a,medium,1.0,1.0,1.0,50
track_a_fra_swa_linspr_txt_002053,track_a_fra_swa_linspr_txt_001367,fra,track_a,high,0.07692307692307693,0.0,0.0,50
track_b_fra_lin_swaspr_txt_003387,track_a_fra_swa_linspr_txt_003387,fra,track_a,high,1.0,1.0,1.0,50
track_a_fra_swa_linspr_txt_002283,track_a_fra_swa_linspr_txt_001338,fra,track_a,medium,0.1,0.0,0.0,50
track_b_fra_lin_swaspr_txt_000840,track_a_fra_swa_linspr_txt_000840,fra,track_a,high,1.0,1.0,1.0,50
track_a_fra_swa_linspr_txt_000632,track_a_fra_swa_linspr_txt_001364,fra,track_a,medium,0.3333333333333333,0.0,0.5,50
track_a_fra_swa_linspr_txt_003112,track_a_fra_swa_linspr_txt_002196,fra,track_a,high,0.16666666666666666,0.0,0.0,50
track_b_fra_lin_swaspr_txt_003048,track_a_fra_swa_linspr_txt_003048,fra,track_a,high,1.0,1.0,1.0,50
track_a_fra_swa_linspr_txt_003781,track_a_fra_swa_linspr_txt_001338,fra,track_a,high,0.09090909090909091,0.0,0.0,50
track_a_fra_swa_linspr_txt_002270,track_a_fra_swa_linspr_txt_000885,fra,track_a,high,0.2,0.0,0.38685280723454163,50
track_b_fra_lin_swaspr_txt_001334,track_a_fra_swa_linspr_txt_001334,fra,track_a,high,1.0,1.0,1.0,50
track_a_fra_swa_linspr_txt_003454,track_a_fra_swa_linspr_txt_001445,fra,track_a,high,0.06666666666666667,0.0,0.0,50
track_a_fra_swa_linspr_txt_001364,track_a_fra_swa_linspr_txt_001472,fra,track_a,medium,1.0,1.0,1.0,50
track_b_fra_lin_swaspr_txt_003314,track_a_fra_swa_linspr_txt_003314,fra,track_a,high,1.0,1.0,1.0,50
track_a_fra_swa_linspr_txt_001574,track_a_fra_swa_linspr_txt_001249,fra,track_a,high,0.2,0.0,0.38685280723454163,50
track_a_fra_swa_linspr_txt_003777,track_a_fra_swa_linspr_txt_000606,fra,track_a,high,0.09090909090909091,0.0,0.0,50
track_b_fra_lin_swaspr_txt_002806,track_a_fra_swa_linspr_txt_002806,fra,track_a,medium,1.0,1.0,1.0,50
track_b_fra_lin_swaspr_txt_001249,track_a_fra_swa_linspr_txt_001249,fra,track_a,medium,1.0,1.0,1.0,50
track_b_fra_lin_swaspr_txt_003219,track_a_fra_swa_linspr_txt_003219,fra,track_a,medium,1.0,1.0,1.0,50
track_b_fra_lin_swaspr_txt_001072,track_a_fra_swa_linspr_txt_001072,fra,track_a,high,1.0,1.0,1.0,50
track_b_fra_lin_swaspr_txt_000738,track_a_fra_swa_linspr_txt_000738,fra,track_a,high,1.0,1.0,1.0,50
track_a_fra_swa_linspr_txt_002175,track_a_fra_swa_linspr_txt_001698,fra,track_a,high,0.14285714285714285,0.0,0.0,50
track_a_fra_swa_linspr_txt_002113,track_a_fra_swa_linspr_txt_001861,fra,track_a,medium,0.14285714285714285,0.0,0.0,50
track_b_fra_lin_swaspr_txt_003777,track_a_fra_swa_linspr_txt_003777,fra,track_a,high,0.2,0.0,0.38685280723454163,50
track_b_fra_lin_swaspr_txt_000376,track_a_fra_swa_linspr_txt_000376,fra,track_a,high,1.0,1.0,1.0,50
track_b_fra_lin_swaspr_txt_003781,track_a_fra_swa_linspr_txt_003781,fra,track_a,high,1.0,1.0,1.0,50
track_a_fra_swa_linspr_txt_000376,track_a_fra_swa_linspr_txt_001698,fra,track_a,high,0.1111111111111111,0.0,0.0,50
track_b_fra_lin_swaspr_txt_003271,track_a_fra_swa_linspr_txt_003271,fra,track_a,medium,1.0,1.0,1.0,50
track_b_fra_lin_swaspr_txt_000498,track_a_fra_swa_linspr_txt_000498,fra,track_a,high,1.0,1.0,1.0,50
track_b_fra_lin_swaspr_txt_001142,track_a_fra_swa_linspr_txt_001142,fra,track_a,medium,1.0,1.0,1.0,50
track_b_fra_lin_swaspr_txt_003005,track_a_fra_swa_linspr_txt_003005,fra,track_a,high,1.0,1.0,1.0,50
track_b_fra_lin_swaspr_txt_001108,track_a_fra_swa_linspr_txt_001108,fra,track_a,high,1.0,1.0,1.0,50
track_b_fra_lin_swaspr_txt_003268,track_a_fra_swa_linspr_txt_003268,fra,track_a,medium,1.0,1.0,1.0,50
track_a_fra_swa_linspr_txt_003182,track_a_fra_swa_linspr_txt_001921,fra,track_a,high,0.5,0.0,0.6309297535714575,50
track_b_fra_lin_swaspr_txt_003282,track_a_fra_swa_linspr_txt_003282,fra,track_a,high,0.5,0.0,0.6309297535714575,50
track_a_fra_swa_linspr_txt_001198,track_a_fra_swa_linspr_txt_000036,fra,track_a,high,0.5,0.0,0.6309297535714575,50
track_b_fra_lin_swaspr_txt_002169,track_a_fra_swa_linspr_txt_002169,fra,track_a,high,1.0,1.0,1.0,50
track_a_fra_swa_linspr_txt_000579,track_a_fra_swa_linspr_txt_000840,fra,track_a,high,0.5,0.0,0.6309297535714575,50
track_a_fra_swa_linspr_txt_000168,track_a_fra_swa_linspr_txt_001478,fra,track_a,high,0.5,0.0,0.6309297535714575,50
track_a_fra_swa_linspr_txt_002300,track_a_fra_swa_linspr_txt_000544,fra,track_a,high,0.25,0.0,0.43067655807339306,50
track_b_fra_lin_swaspr_txt_001295,track_a_fra_swa_linspr_txt_001295,fra,track_a,medium,1.0,1.0,1.0,50
track_b_fra_lin_swaspr_txt_001370,track_a_fra_swa_linspr_txt_001370,fra,track_a,medium,1.0,1.0,1.0,50
track_b_fra_lin_swaspr_txt_003286,track_a_fra_swa_linspr_txt_003286,fra,track_a,medium,1.0,1.0,1.0,50
track_a_fra_swa_linspr_txt_002332,track_a_fra_swa_linspr_txt_002314,fra,track_a,high,0.5,0.0,0.6309297535714575,50
track_b_fra_lin_swaspr_txt_003543,track_a_fra_swa_linspr_txt_003543,fra,track_a,high,1.0,1.0,1.0,50
track_a_fra_swa_linspr_txt_003756,track_a_fra_swa_linspr_txt_000496,fra,track_a,high,0.14285714285714285,0.0,0.0,50
track_b_fra_lin_swaspr_txt_000909,track_a_fra_swa_linspr_txt_000909,fra,track_a,high,1.0,1.0,1.0,50
track_a_fra_swa_linspr_txt_001029,track_a_fra_swa_linspr_txt_001472,fra,track_a,medium,0.1,0.0,0.0,50
track_a_fra_swa_linspr_txt_000608,track_a_fra_swa_linspr_txt_000840,fra,track_a,medium,0.3333333333333333,0.0,0.5,50
track_a_fra_swa_linspr_txt_002196,track_a_fra_swa_linspr_txt_001338,fra,track_a,high,0.1,0.0,0.0,50
track_a_fra_swa_linspr_txt_003887,track_a_fra_swa_linspr_txt_001334,fra,track_a,medium,0.0625,0.0,0.0,50
track_a_fra_swa_linspr_txt_000726,track_a_fra_swa_linspr_txt_003541,fra,track_a,medium,0.1111111111111111,0.0,0.0,50
track_b_fra_lin_swaspr_txt_000163,track_a_fra_swa_linspr_txt_000163,fra,track_a,high,1.0,1.0,1.0,50
track_b_fra_lin_swaspr_txt_001059,track_a_fra_swa_linspr_txt_001059,fra,track_a,high,1.0,1.0,1.0,50
track_b_fra_lin_swaspr_txt_001385,track_a_fra_swa_linspr_txt_001385,fra,track_a,high,1.0,1.0,1.0,50
track_a_fra_swa_linspr_txt_001611,track_a_fra_swa_linspr_txt_002364,fra,track_a,medium,0.07142857142857142,0.0,0.0,50
track_b_fra_lin_swaspr_txt_003182,track_a_fra_swa_linspr_txt_003182,fra,track_a,medium,1.0,1.0,1.0,50
track_a_fra_swa_linspr_txt_001490,track_a_fra_swa_linspr_txt_000175,fra,track_a,high,0.25,0.0,0.43067655807339306,50
track_a_fra_swa_linspr_txt_000612,track_a_fra_swa_linspr_txt_001745,fra,track_a,high,0.3333333333333333,0.0,0.5,50
track_a_fra_swa_linspr_txt_002104,track_a_fra_swa_linspr_txt_003271,fra,track_a,medium,0.16666666666666666,0.0,0.0,50
track_b_fra_lin_swaspr_txt_000256,track_a_fra_swa_linspr_txt_000256,fra,track_a,high,1.0,1.0,1.0,50
track_b_fra_lin_swaspr_txt_003084,track_a_fra_swa_linspr_txt_003084,fra,track_a,high,1.0,1.0,1.0,50
track_a_fra_swa_linspr_txt_003291,track_a_fra_swa_linspr_txt_002409,fra,track_a,medium,0.06666666666666667,0.0,0.0,50
track_a_fra_swa_linspr_txt_003733,track_a_fra_swa_linspr_txt_001936,fra,track_a,medium,0.5,0.0,0.6309297535714575,50
track_a_fra_swa_linspr_txt_000892,track_a_fra_swa_linspr_txt_001364,fra,track_a,high,0.08333333333333333,0.0,0.0,50
track_b_fra_lin_swaspr_txt_000861,track_a_fra_swa_linspr_txt_000861,fra,track_a,high,0.3333333333333333,0.0,0.5,50
track_b_fra_lin_swaspr_txt_002270,track_a_fra_swa_linspr_txt_002270,fra,track_a,high,1.0,1.0,1.0,50
track_a_fra_swa_linspr_txt_003860,track_a_fra_swa_linspr_txt_000845,fra,track_a,medium,0.14285714285714285,0.0,0.0,50
track_b_fra_lin_swaspr_txt_003075,track_a_fra_swa_linspr_txt_003075,fra,track_a,medium,1.0,1.0,1.0,50
track_a_fra_swa_linspr_txt_002956,track_a_fra_swa_linspr_txt_001698,fra,track_a,high,0.07692307692307693,0.0,0.0,50
track_b_fra_lin_swaspr_txt_001543,track_a_fra_swa_linspr_txt_001543,fra,track_a,high,1.0,1.0,1.0,50
track_b_fra_lin_swaspr_txt_002186,track_a_fra_swa_linspr_txt_002186,fra,track_a,medium,1.0,1.0,1.0,50
track_a_fra_swa_linspr_txt_000912,track_a_fra_swa_linspr_txt_002096,fra,track_a,medium,0.1,0.0,0.0,50
track_b_fra_lin_swaspr_txt_001485,track_a_fra_swa_linspr_txt_001485,fra,track_a,medium,0.14285714285714285,0.0,0.0,50
track_b_fra_lin_swaspr_txt_000616,track_a_fra_swa_linspr_txt_000616,fra,track_a,high,1.0,1.0,1.0,50
track_a_fra_swa_linspr_txt_000353,track_a_fra_swa_linspr_txt_000327,fra,track_a,high,0.05555555555555555,0.0,0.0,50
track_b_fra_lin_swaspr_txt_002113,track_a_fra_swa_linspr_txt_002113,fra,track_a,high,1.0,1.0,1.0,50
track_b_fra_lin_swaspr_txt_001552,track_a_fra_swa_linspr_txt_001552,fra,track_a,high,1.0,1.0,1.0,50
track_b_fra_lin_swaspr_txt_000931,track_a_fra_swa_linspr_txt_000931,fra,track_a,high,1.0,1.0,1.0,50
track_a_fra_swa_linspr_txt_002140,track_a_fra_swa_linspr_txt_001614,fra,track_a,medium,0.1,0.0,0.0,50
track_a_fra_swa_linspr_txt_003048,track_a_fra_swa_linspr_txt_000892,fra,track_a,high,0.07142857142857142,0.0,0.0,50
track_a_fra_swa_linspr_txt_000812,track_a_fra_swa_linspr_txt_000840,fra,track_a,medium,0.07692307692307693,0.0,0.0,50
track_b_fra_lin_swaspr_txt_001734,track_a_fra_swa_linspr_txt_001734,fra,track_a,medium,1.0,1.0,1.0,50
track_b_fra_lin_swaspr_txt_002295,track_a_fra_swa_linspr_txt_002295,fra,track_a,high,1.0,1.0,1.0,50
track_b_fra_lin_swaspr_txt_003770,track_a_fra_swa_linspr_txt_003770,fra,track_a,medium,1.0,1.0,1.0,50
track_b_fra_lin_swaspr_txt_000083,track_a_fra_swa_linspr_txt_000083,fra,track_a,high,1.0,1.0,1.0,50
track_b_fra_lin_swaspr_txt_002053,track_a_fra_swa_linspr_txt_002053,fra,track_a,high,0.5,0.0,0.6309297535714575,50
track_a_fra_swa_linspr_txt_001542,track_a_fra_swa_linspr_txt_001260,fra,track_a,high,0.2,0.0,0.38685280723454163,50
track_a_fra_swa_linspr_txt_001970,track_a_fra_swa_linspr_txt_003216,fra,track_a,medium,0.1,0.0,0.0,50
track_b_fra_lin_swaspr_txt_002070,track_a_fra_swa_linspr_txt_002070,fra,track_a,high,1.0,1.0,1.0,50
track_b_fra_lin_swaspr_txt_000842,track_a_fra_swa_linspr_txt_000842,fra,track_a,high,1.0,1.0,1.0,50
track_b_fra_lin_swaspr_txt_003331,track_a_fra_swa_linspr_txt_003331,fra,track_a,high,0.5,0.0,0.6309297535714575,50
track_a_fra_swa_linspr_txt_003180,track_a_fra_swa_linspr_txt_001992,fra,track_a,high,0.08333333333333333,0.0,0.0,50
track_b_fra_lin_swaspr_txt_001942,track_a_fra_swa_linspr_txt_001942,fra,track_a,high,1.0,1.0,1.0,50
track_a_fra_swa_linspr_txt_001686,track_a_fra_swa_linspr_txt_002690,fra,track_a,medium,0.07142857142857142,0.0,0.0,50
track_a_fra_swa_linspr_txt_000869,track_a_fra_swa_linspr_txt_000175,fra,track_a,high,1.0,1.0,1.0,50
track_b_fra_lin_swaspr_txt_000132,track_a_fra_swa_linspr_txt_000132,fra,track_a,high,0.05555555555555555,0.0,0.0,50
track_a_fra_swa_linspr_txt_000041,track_a_fra_swa_linspr_txt_003442,fra,track_a,high,0.16666666666666666,0.0,0.0,50
track_a_fra_swa_linspr_txt_000606,track_a_fra_swa_linspr_txt_000953,fra,track_a,medium,0.25,0.0,0.43067655807339306,50
track_b_fra_lin_swaspr_txt_000327,track_a_fra_swa_linspr_txt_000327,fra,track_a,medium,1.0,1.0,1.0,50
track_b_fra_lin_swaspr_txt_003661,track_a_fra_swa_linspr_txt_003661,fra,track_a,high,0.25,0.0,0.43067655807339306,50
track_b_fra_lin_swaspr_txt_000845,track_a_fra_swa_linspr_txt_000845,fra,track_a,high,1.0,1.0,1.0,50
track_b_fra_lin_swaspr_txt_001169,track_a_fra_swa_linspr_txt_001169,fra,track_a,high,1.0,1.0,1.0,50
track_b_fra_lin_swaspr_txt_003966,track_a_fra_swa_linspr_txt_003966,fra,track_a,high,1.0,1.0,1.0,50
track_a_fra_swa_linspr_txt_003797,track_a_fra_swa_linspr_txt_002186,fra,track_a,medium,0.16666666666666666,0.0,0.0,50
track_a_fra_swa_linspr_txt_001734,track_a_fra_swa_linspr_txt_001992,fra,track_a,medium,0.07142857142857142,0.0,0.0,50
track_b_fra_lin_swaspr_txt_001154,track_a_fra_swa_linspr_txt_001154,fra,track_a,high,1.0,1.0,1.0,50
track_b_fra_lin_swaspr_txt_003107,track_a_fra_swa_linspr_txt_003107,fra,track_a,medium,0.5,0.0,0.6309297535714575,50
track_a_fra_swa_linspr_txt_003439,track_a_fra_swa_linspr_txt_002014,fra,track_a,high,0.05,0.0,0.0,50
track_a_fra_swa_linspr_txt_003597,track_a_fra_swa_linspr_txt_000840,fra,track_a,high,0.1111111111111111,0.0,0.0,50
track_a_fra_swa_linspr_txt_002793,track_a_fra_swa_linspr_txt_001761,fra,track_a,high,0.3333333333333333,0.0,0.5,50
track_b_fra_lin_swaspr_txt_001614,track_a_fra_swa_linspr_txt_001614,fra,track_a,medium,1.0,1.0,1.0,50
track_a_fra_swa_linspr_txt_002165,track_a_fra_swa_linspr_txt_002008,fra,track_a,medium,0.1,0.0,0.0,50
track_a_fra_swa_linspr_txt_003293,track_a_fra_swa_linspr_txt_001041,fra,track_a,high,0.25,0.0,0.43067655807339306,50
track_a_fra_swa_linspr_txt_000062,track_a_fra_swa_linspr_txt_001869,fra,track_a,high,1.0,1.0,1.0,50
track_b_fra_lin_swaspr_txt_000020,track_a_fra_swa_linspr_txt_000020,fra,track_a,high,0.07142857142857142,0.0,0.0,50
track_b_fra_lin_swaspr_txt_001463,track_a_fra_swa_linspr_txt_001463,fra,track_a,medium,1.0,1.0,1.0,50
track_a_fra_swa_linspr_txt_003960,track_a_fra_swa_linspr_txt_001360,fra,track_a,high,0.07692307692307693,0.0,0.0,50
track_a_fra_swa_linspr_txt_003963,track_a_fra_swa_linspr_txt_001734,fra,track_a,high,0.06666666666666667,0.0,0.0,50
track_a_fra_swa_linspr_txt_000533,track_a_fra_swa_linspr_txt_001371,fra,track_a,high,0.125,0.0,0.0,50
track_a_fra_swa_linspr_txt_002231,track_a_fra_swa_linspr_txt_001334,fra,track_a,medium,0.1,0.0,0.0,50
track_a_fra_swa_linspr_txt_002878,track_a_fra_swa_linspr_txt_001698,fra,track_a,high,0.07692307692307693,0.0,0.0,50
track_a_fra_swa_linspr_txt_003201,track_a_fra_swa_linspr_txt_001306,fra,track_a,medium,0.07142857142857142,0.0,0.0,50
track_b_fra_lin_swaspr_txt_001092,track_a_fra_swa_linspr_txt_001092,fra,track_a,medium,0.1,0.0,0.0,50
track_b_fra_lin_swaspr_txt_001357,track_a_fra_swa_linspr_txt_001357,fra,track_a,high,1.0,1.0,1.0,50
track_a_fra_swa_linspr_txt_003938,track_a_fra_swa_linspr_txt_002014,fra,track_a,medium,0.09090909090909091,0.0,0.0,50
track_b_fra_lin_swaspr_txt_000831,track_a_fra_swa_linspr_txt_000831,fra,track_a,high,0.1111111111111111,0.0,0.0,50
track_a_fra_swa_linspr_txt_000899,track_a_fra_swa_linspr_txt_001255,fra,track_a,medium,0.1,0.0,0.0,50
track_a_fra_swa_linspr_txt_001367,track_a_fra_swa_linspr_txt_002608,fra,track_a,high,0.0625,0.0,0.0,50
track_b_fra_lin_swaspr_txt_002411,track_a_fra_swa_linspr_txt_002411,fra,track_a,high,0.5,0.0,0.6309297535714575,50
track_b_fra_lin_swaspr_txt_001910,track_a_fra_swa_linspr_txt_001910,fra,track_a,high,1.0,1.0,1.0,50
track_a_fra_swa_linspr_txt_002837,track_a_fra_swa_linspr_txt_001316,fra,track_a,high,0.1,0.0,0.0,50
track_b_fra_lin_swaspr_txt_003201,track_a_fra_swa_linspr_txt_003201,fra,track_a,medium,1.0,1.0,1.0,50
track_b_fra_lin_swaspr_txt_001004,track_a_fra_swa_linspr_txt_001004,fra,track_a,high,0.5,0.0,0.6309297535714575,50
track_a_fra_swa_linspr_txt_003188,track_a_fra_swa_linspr_txt_002409,fra,track_a,medium,0.09090909090909091,0.0,0.0,50
track_b_fra_lin_swaspr_txt_002820,track_a_fra_swa_linspr_txt_002820,fra,track_a,high,1.0,1.0,1.0,50
track_a_fra_swa_linspr_txt_001338,track_a_fra_swa_linspr_txt_001270,fra,track_a,high,0.16666666666666666,0.0,0.0,50
track_b_fra_lin_swaspr_txt_003991,track_a_fra_swa_linspr_txt_003991,fra,track_a,high,1.0,1.0,1.0,50
track_b_fra_lin_swaspr_txt_003216,track_a_fra_swa_linspr_txt_003216,fra,track_a,high,1.0,1.0,1.0,50
track_b_fra_lin_swaspr_txt_000036,track_a_fra_swa_linspr_txt_000036,fra,track_a,high,1.0,1.0,1.0,50
track_a_fra_swa_linspr_txt_001806,track_a_fra_swa_linspr_txt_000612,fra,track_a,high,0.5,0.0,0.6309297535714575,50
track_b_fra_lin_swaspr_txt_002385,track_a_fra_swa_linspr_txt_002385,fra,track_a,high,1.0,1.0,1.0,50
track_b_fra_lin_swaspr_txt_002510,track_a_fra_swa_linspr_txt_002510,fra,track_a,high,1.0,1.0,1.0,50
track_a_fra_swa_linspr_txt_002294,track_a_fra_swa_linspr_txt_001338,fra,track_a,high,0.08333333333333333,0.0,0.0,50
track_b_fra_lin_swaspr_txt_001316,track_a_fra_swa_linspr_txt_001316,fra,track_a,medium,1.0,1.0,1.0,50
track_b_fra_lin_swaspr_txt_002233,track_a_fra_swa_linspr_txt_002233,fra,track_a,medium,1.0,1.0,1.0,50
track_a_fra_swa_linspr_txt_002587,track_a_fra_swa_linspr_txt_000496,fra,track_a,high,0.09090909090909091,0.0,0.0,50
track_a_fra_swa_linspr_txt_000738,track_a_fra_swa_linspr_txt_000036,fra,track_a,high,1.0,1.0,1.0,50
track_b_fra_lin_swaspr_txt_003938,track_a_fra_swa_linspr_txt_003938,fra,track_a,high,1.0,1.0,1.0,50
track_a_fra_swa_linspr_txt_001145,track_a_fra_swa_linspr_txt_001306,fra,track_a,high,0.1,0.0,0.0,50
track_a_fra_swa_linspr_txt_000166,track_a_fra_swa_linspr_txt_001092,fra,track_a,high,0.3333333333333333,0.0,0.5,50
track_b_fra_lin_swaspr_txt_000300,track_a_fra_swa_linspr_txt_000300,fra,track_a,high,1.0,1.0,1.0,50
track_b_fra_lin_swaspr_txt_002191,track_a_fra_swa_linspr_txt_002191,fra,track_a,medium,1.0,1.0,1.0,50
track_a_fra_swa_linspr_txt_000461,track_a_fra_swa_linspr_txt_002364,fra,track_a,high,0.08333333333333333,0.0,0.0,50
track_b_fra_lin_swaspr_txt_000819,track_a_fra_swa_linspr_txt_000819,fra,track_a,medium,1.0,1.0,1.0,50
track_a_fra_swa_linspr_txt_001586,track_a_fra_swa_linspr_txt_000498,fra,track_a,high,0.16666666666666666,0.0,0.0,50
track_b_fra_lin_swaspr_txt_003479,track_a_fra_swa_linspr_txt_003479,fra,track_a,high,1.0,1.0,1.0,50
track_b_fra_lin_swaspr_txt_003598,track_a_fra_swa_linspr_txt_003598,fra,track_a,medium,1.0,1.0,1.0,50
track_a_fra_swa_linspr_txt_003991,track_a_fra_swa_linspr_txt_002014,fra,track_a,medium,0.2,0.0,0.38685280723454163,50
track_a_fra_swa_linspr_txt_002023,track_a_fra_swa_linspr_txt_002859,fra,track_a,medium,0.25,0.0,0.43067655807339306,50
track_a_fra_swa_linspr_txt_003507,track_a_fra_swa_linspr_txt_001274,fra,track_a,medium,0.05263157894736842,0.0,0.0,50
track_a_fra_swa_linspr_txt_000831,track_a_fra_swa_linspr_txt_000879,fra,track_a,high,0.1111111111111111,0.0,0.0,50
track_b_fra_lin_swaspr_txt_002250,track_a_fra_swa_linspr_txt_002250,fra,track_a,high,0.25,0.0,0.43067655807339306,50
track_b_fra_lin_swaspr_txt_001935,track_a_fra_swa_linspr_txt_001935,fra,track_a,medium,1.0,1.0,1.0,50
track_b_fra_lin_swaspr_txt_002014,track_a_fra_swa_linspr_txt_002014,fra,track_a,high,1.0,1.0,1.0,50
track_a_fra_swa_linspr_txt_001626,track_a_fra_swa_linspr_txt_001338,fra,track_a,high,0.125,0.0,0.0,50
track_b_fra_lin_swaspr_txt_000461,track_a_fra_swa_linspr_txt_000461,fra,track_a,high,1.0,1.0,1.0,50
track_b_fra_lin_swaspr_txt_003597,track_a_fra_swa_linspr_txt_003597,fra,track_a,high,1.0,1.0,1.0,50
track_b_fra_lin_swaspr_txt_002921,track_a_fra_swa_linspr_txt_002921,fra,track_a,medium,0.25,0.0,0.43067655807339306,50
track_a_fra_swa_linspr_txt_001249,track_a_fra_swa_linspr_txt_001698,fra,track_a,high,0.0625,0.0,0.0,50
track_a_fra_swa_linspr_txt_003988,track_a_fra_swa_linspr_txt_001472,fra,track_a,medium,0.08333333333333333,0.0,0.0,50
track_b_fra_lin_swaspr_txt_000579,track_a_fra_swa_linspr_txt_000579,fra,track_a,high,1.0,1.0,1.0,50
track_b_fra_lin_swaspr_txt_001029,track_a_fra_swa_linspr_txt_001029,fra,track_a,high,1.0,1.0,1.0,50
track_b_fra_lin_swaspr_txt_003958,track_a_fra_swa_linspr_txt_003958,fra,track_a,medium,1.0,1.0,1.0,50
track_a_fra_swa_linspr_txt_002510,track_a_fra_swa_linspr_txt_001306,fra,track_a,medium,0.1,0.0,0.0,50
track_a_fra_swa_linspr_txt_002623,track_a_fra_swa_linspr_txt_002364,fra,track_a,high,0.045454545454545456,0.0,0.0,50
track_a_fra_swa_linspr_txt_001932,track_a_fra_swa_linspr_txt_002236,fra,track_a,high,0.5,0.0,0.6309297535714575,50
track_a_fra_swa_linspr_txt_001801,track_a_fra_swa_linspr_txt_001334,fra,track_a,medium,1.0,1.0,1.0,50
track_b_fra_lin_swaspr_txt_002236,track_a_fra_swa_linspr_txt_002236,fra,track_a,medium,1.0,1.0,1.0,50
track_a_fra_swa_linspr_txt_003107,track_a_fra_swa_linspr_txt_002000,fra,track_a,high,0.3333333333333333,0.0,0.5,50
track_b_fra_lin_swaspr_txt_000945,track_a_fra_swa_linspr_txt_000945,fra,track_a,high,0.3333333333333333,0.0,0.5,50
track_b_fra_lin_swaspr_txt_000878,track_a_fra_swa_linspr_txt_000878,fra,track_a,high,1.0,1.0,1.0,50
track_a_fra_swa_linspr_txt_003218,track_a_fra_swa_linspr_txt_001573,fra,track_a,high,0.07692307692307693,0.0,0.0,50
track_b_fra_lin_swaspr_txt_003595,track_a_fra_swa_linspr_txt_003595,fra,track_a,high,1.0,1.0,1.0,50
track_b_fra_lin_swaspr_txt_000353,track_a_fra_swa_linspr_txt_000353,fra,track_a,high,0.08333333333333333,0.0,0.0,50
track_a_fra_swa_linspr_txt_000498,track_a_fra_swa_linspr_txt_002066,fra,track_a,high,0.16666666666666666,0.0,0.0,50
track_a_fra_swa_linspr_txt_001472,track_a_fra_swa_linspr_txt_001360,fra,track_a,medium,0.1111111111111111,0.0,0.0,50
track_b_fra_lin_swaspr_txt_001531,track_a_fra_swa_linspr_txt_001531,fra,track_a,medium,1.0,1.0,1.0,50
track_a_fra_swa_linspr_txt_000010,track_a_fra_swa_linspr_txt_003851,fra,track_a,medium,1.0,1.0,1.0,50
track_b_fra_lin_swaspr_txt_003851,track_a_fra_swa_linspr_txt_003851,fra,track_a,high,1.0,1.0,1.0,50
track_b_fra_lin_swaspr_txt_002639,track_a_fra_swa_linspr_txt_002639,fra,track_a,high,1.0,1.0,1.0,50
track_a_fra_swa_linspr_txt_001910,track_a_fra_swa_linspr_txt_002140,fra,track_a,high,1.0,1.0,1.0,50
track_a_fra_swa_linspr_txt_002459,track_a_fra_swa_linspr_txt_000840,fra,track_a,high,0.5,0.0,0.6309297535714575,50
track_a_fra_swa_linspr_txt_001260,track_a_fra_swa_linspr_txt_001385,fra,track_a,high,0.1,0.0,0.0,50
track_b_fra_lin_swaspr_txt_001611,track_a_fra_swa_linspr_txt_001611,fra,track_a,medium,1.0,1.0,1.0,50
track_a_fra_swa_linspr_txt_002008,track_a_fra_swa_linspr_txt_002165,fra,track_a,medium,0.2,0.0,0.38685280723454163,50
track_a_fra_swa_linspr_txt_002314,track_a_fra_swa_linspr_txt_001371,fra,track_a,high,0.08333333333333333,0.0,0.0,50
track_b_fra_lin_swaspr_txt_001686,track_a_fra_swa_linspr_txt_001686,fra,track_a,medium,1.0,1.0,1.0,50
track_a_fra_swa_linspr_txt_002060,track_a_fra_swa_linspr_txt_001698,fra,track_a,high,0.09090909090909091,0.0,0.0,50
track_b_fra_lin_swaspr_txt_002654,track_a_fra_swa_linspr_txt_002654,fra,track_a,high,1.0,1.0,1.0,50
track_b_fra_lin_swaspr_txt_001861,track_a_fra_swa_linspr_txt_001861,fra,track_a,medium,0.3333333333333333,0.0,0.5,50
track_a_fra_swa_linspr_txt_000144,track_a_fra_swa_linspr_txt_001574,fra,track_a,medium,0.16666666666666666,0.0,0.0,50
track_b_fra_lin_swaspr_txt_002231,track_a_fra_swa_linspr_txt_002231,fra,track_a,high,1.0,1.0,1.0,50
track_a_fra_swa_linspr_txt_003910,track_a_fra_swa_linspr_txt_001921,fra,track_a,high,0.5,0.0,0.6309297535714575,50
track_b_fra_lin_swaspr_txt_003319,track_a_fra_swa_linspr_txt_003319,fra,track_a,high,1.0,1.0,1.0,50
track_b_fra_lin_swaspr_txt_002690,track_a_fra_swa_linspr_txt_002690,fra,track_a,medium,1.0,1.0,1.0,50
track_b_fra_lin_swaspr_txt_001695,track_a_fra_swa_linspr_txt_001695,fra,track_a,high,0.034482758620689655,0.0,0.0,50
track_b_fra_lin_swaspr_txt_001270,track_a_fra_swa_linspr_txt_001270,fra,track_a,medium,1.0,1.0,1.0,50
track_a_fra_swa_linspr_txt_003619,track_a_fra_swa_linspr_txt_001531,fra,track_a,high,0.06666666666666667,0.0,0.0,50
track_b_fra_lin_swaspr_txt_000606,track_a_fra_swa_linspr_txt_000606,fra,track_a,high,1.0,1.0,1.0,50
track_b_fra_lin_swaspr_txt_003910,track_a_fra_swa_linspr_txt_003910,fra,track_a,high,0.3333333333333333,0.0,0.5,50
track_a_fra_swa_linspr_txt_003283,track_a_fra_swa_linspr_txt_002096,fra,track_a,medium,0.09090909090909091,0.0,0.0,50
track_a_fra_swa_linspr_txt_001882,track_a_fra_swa_linspr_txt_001338,fra,track_a,medium,0.08333333333333333,0.0,0.0,50
track_a_fra_swa_linspr_txt_001274,track_a_fra_swa_linspr_txt_001632,fra,track_a,medium,0.16666666666666666,0.0,0.0,50
track_b_fra_lin_swaspr_txt_001970,track_a_fra_swa_linspr_txt_001970,fra,track_a,medium,1.0,1.0,1.0,50
track_a_fra_swa_linspr_txt_003314,track_a_fra_swa_linspr_txt_001270,fra,track_a,high,0.09090909090909091,0.0,0.0,50
track_a_fra_swa_linspr_txt_003005,track_a_fra_swa_linspr_txt_002096,fra,track_a,high,0.1,0.0,0.0,50
track_b_fra_lin_swaspr_txt_003918,track_a_fra_swa_linspr_txt_003918,fra,track_a,medium,1.0,1.0,1.0,50
track_b_fra_lin_swaspr_txt_003087,track_a_fra_swa_linspr_txt_003087,fra,track_a,high,1.0,1.0,1.0,50
track_b_fra_lin_swaspr_txt_003884,track_a_fra_swa_linspr_txt_003884,fra,track_a,medium,0.5,0.0,0.6309297535714575,50
track_a_fra_swa_linspr_txt_002957,track_a_fra_swa_linspr_txt_001367,fra,track_a,high,1.0,1.0,1.0,50
track_a_fra_swa_linspr_txt_000496,track_a_fra_swa_linspr_txt_003216,fra,track_a,high,1.0,1.0,1.0,50
track_a_fra_swa_linspr_txt_002262,track_a_fra_swa_linspr_txt_001698,fra,track_a,high,0.1,0.0,0.0,50
track_a_fra_swa_linspr_txt_002049,track_a_fra_swa_linspr_txt_002063,fra,track_a,high,1.0,1.0,1.0,50
track_b_fra_lin_swaspr_txt_001966,track_a_fra_swa_linspr_txt_001966,fra,track_a,medium,0.25,0.0,0.43067655807339306,50
track_a_fra_swa_linspr_txt_001128,track_a_fra_swa_linspr_txt_001338,fra,track_a,medium,0.08333333333333333,0.0,0.0,50
track_a_fra_swa_linspr_txt_002747,track_a_fra_swa_linspr_txt_001932,fra,track_a,high,0.1,0.0,0.0,50
track_b_fra_lin_swaspr_txt_003797,track_a_fra_swa_linspr_txt_003797,fra,track_a,high,1.0,1.0,1.0,50
track_b_fra_lin_swaspr_txt_003619,track_a_fra_swa_linspr_txt_003619,fra,track_a,high,0.09090909090909091,0.0,0.0,50
track_a_fra_swa_linspr_txt_002474,track_a_fra_swa_linspr_txt_001614,fra,track_a,high,0.1111111111111111,0.0,0.0,50
track_a_fra_swa_linspr_txt_002806,track_a_fra_swa_linspr_txt_001128,fra,track_a,medium,0.25,0.0,0.43067655807339306,50
track_b_fra_lin_swaspr_txt_001801,track_a_fra_swa_linspr_txt_001801,fra,track_a,high,0.1,0.0,0.0,50
track_a_fra_swa_linspr_txt_002233,track_a_fra_swa_linspr_txt_001364,fra,track_a,medium,0.1,0.0,0.0,50
track_a_fra_swa_linspr_txt_001197,track_a_fra_swa_linspr_txt_000496,fra,track_a,high,0.07692307692307693,0.0,0.0,50
track_b_fra_lin_swaspr_txt_001586,track_a_fra_swa_linspr_txt_001586,fra,track_a,high,1.0,1.0,1.0,50
track_a_fra_swa_linspr_txt_000764,track_a_fra_swa_linspr_txt_001698,fra,track_a,high,0.09090909090909091,0.0,0.0,50
track_a_fra_swa_linspr_txt_000999,track_a_fra_swa_linspr_txt_001367,fra,track_a,medium,0.09090909090909091,0.0,0.0,50
track_a_fra_swa_linspr_txt_001306,track_a_fra_swa_linspr_txt_001807,fra,track_a,medium,0.5,0.0,0.6309297535714575,50
track_b_fra_lin_swaspr_txt_000888,track_a_fra_swa_linspr_txt_000888,fra,track_a,medium,1.0,1.0,1.0,50
track_a_fra_swa_linspr_txt_000842,track_a_fra_swa_linspr_txt_001385,fra,track_a,medium,0.07692307692307693,0.0,0.0,50
track_b_fra_lin_swaspr_txt_002066,track_a_fra_swa_linspr_txt_002066,fra,track_a,medium,1.0,1.0,1.0,50
track_b_fra_lin_swaspr_txt_003731,track_a_fra_swa_linspr_txt_003731,fra,track_a,high,1.0,1.0,1.0,50
track_b_fra_lin_swaspr_txt_001306,track_a_fra_swa_linspr_txt_001306,fra,track_a,high,1.0,1.0,1.0,50
track_a_fra_swa_linspr_txt_000828,track_a_fra_swa_linspr_txt_001734,fra,track_a,medium,0.09090909090909091,0.0,0.0,50
track_a_fra_swa_linspr_txt_000020,track_a_fra_swa_linspr_txt_000595,fra,track_a,high,0.2,0.0,0.38685280723454163,50
track_b_fra_lin_swaspr_txt_002096,track_a_fra_swa_linspr_txt_002096,fra,track_a,high,1.0,1.0,1.0,50
track_b_fra_lin_swaspr_txt_002283,track_a_fra_swa_linspr_txt_002283,lin,track_a,high,1.0,1.0,1.0,50
track_b_fra_lin_swaspr_txt_002956,track_a_fra_swa_linspr_txt_002956,lin,track_a,high,1.0,1.0,1.0,50
track_b_fra_lin_swaspr_txt_001171,track_a_fra_swa_linspr_txt_001171,lin,track_a,high,0.058823529411764705,0.0,0.0,50
track_b_fra_lin_swaspr_txt_001215,track_a_fra_swa_linspr_txt_001215,lin,track_a,high,1.0,1.0,1.0,50
track_b_fra_lin_swaspr_txt_000084,track_a_fra_swa_linspr_txt_000084,lin,track_a,high,1.0,1.0,1.0,50
track_b_fra_lin_swaspr_txt_001542,track_a_fra_swa_linspr_txt_001542,lin,track_a,medium,1.0,1.0,1.0,50
track_a_fra_swa_linspr_txt_000140,track_a_fra_swa_linspr_txt_001357,lin,track_a,high,0.5,0.0,0.6309297535714575,50
track_b_fra_lin_swaspr_txt_000726,track_a_fra_swa_linspr_txt_000726,lin,track_a,medium,1.0,1.0,1.0,50
track_b_fra_lin_swaspr_txt_002516,track_a_fra_swa_linspr_txt_002516,lin,track_a,high,0.5,0.0,0.6309297535714575,50
track_b_fra_lin_swaspr_txt_001575,track_a_fra_swa_linspr_txt_001575,lin,track_a,medium,1.0,1.0,1.0,50
track_b_fra_lin_swaspr_txt_002801,track_a_fra_swa_linspr_txt_002801,lin,track_a,high,1.0,1.0,1.0,50
track_b_fra_lin_swaspr_txt_002803,track_a_fra_swa_linspr_txt_002803,lin,track_a,high,1.0,1.0,1.0,50
track_b_fra_lin_swaspr_txt_000892,track_a_fra_swa_linspr_txt_000892,lin,track_a,medium,1.0,1.0,1.0,50
track_b_fra_lin_swaspr_txt_000682,track_a_fra_swa_linspr_txt_000682,lin,track_a,high,1.0,1.0,1.0,50
track_b_fra_lin_swaspr_txt_000231,track_a_fra_swa_linspr_txt_000231,lin,track_a,medium,1.0,1.0,1.0,50
track_b_fra_lin_swaspr_txt_000912,track_a_fra_swa_linspr_txt_000912,lin,track_a,high,1.0,1.0,1.0,50
track_b_fra_lin_swaspr_txt_002793,track_a_fra_swa_linspr_txt_002793,lin,track_a,medium,1.0,1.0,1.0,50
track_b_fra_lin_swaspr_txt_001776,track_a_fra_swa_linspr_txt_001776,lin,track_a,high,1.0,1.0,1.0,50
track_b_fra_lin_swaspr_txt_000953,track_a_fra_swa_linspr_txt_000953,lin,track_a,high,1.0,1.0,1.0,50
track_b_fra_lin_swaspr_txt_000670,track_a_fra_swa_linspr_txt_000670,lin,track_a,high,0.09090909090909091,0.0,0.0,50
track_a_fra_swa_linspr_txt_003760,track_a_fra_swa_linspr_txt_000586,lin,track_a,high,0.09090909090909091,0.0,0.0,50
track_b_fra_lin_swaspr_txt_002581,track_a_fra_swa_linspr_txt_002581,lin,track_a,medium,1.0,1.0,1.0,50
track_b_fra_lin_swaspr_txt_003724,track_a_fra_swa_linspr_txt_003724,lin,track_a,medium,1.0,1.0,1.0,50
track_b_fra_lin_swaspr_txt_000050,track_a_fra_swa_linspr_txt_000050,lin,track_a,high,1.0,1.0,1.0,50
track_b_fra_lin_swaspr_txt_002747,track_a_fra_swa_linspr_txt_002747,lin,track_a,medium,1.0,1.0,1.0,50
track_b_fra_lin_swaspr_txt_003475,track_a_fra_swa_linspr_txt_003475,lin,track_a,medium,1.0,1.0,1.0,50
track_b_fra_lin_swaspr_txt_003617,track_a_fra_swa_linspr_txt_003617,lin,track_a,high,1.0,1.0,1.0,50
track_b_fra_lin_swaspr_txt_003283,track_a_fra_swa_linspr_txt_003283,lin,track_a,high,1.0,1.0,1.0,50
track_b_fra_lin_swaspr_txt_003270,track_a_fra_swa_linspr_txt_003270,lin,track_a,medium,1.0,1.0,1.0,50
track_b_fra_lin_swaspr_txt_002632,track_a_fra_swa_linspr_txt_002632,lin,track_a,high,1.0,1.0,1.0,50
track_b_fra_lin_swaspr_txt_000764,track_a_fra_swa_linspr_txt_000764,lin,track_a,high,1.0,1.0,1.0,50
track_b_fra_lin_swaspr_txt_002689,track_a_fra_swa_linspr_txt_002689,lin,track_a,high,1.0,1.0,1.0,50
track_b_fra_lin_swaspr_txt_000041,track_a_fra_swa_linspr_txt_000041,lin,track_a,high,0.3333333333333333,0.0,0.5,50
track_b_fra_lin_swaspr_txt_002474,track_a_fra_swa_linspr_txt_002474,lin,track_a,high,0.5,0.0,0.6309297535714575,50
track_b_fra_lin_swaspr_txt_001807,track_a_fra_swa_linspr_txt_001807,lin,track_a,high,1.0,1.0,1.0,50
track_b_fra_lin_swaspr_txt_002174,track_a_fra_swa_linspr_txt_002174,lin,track_a,high,1.0,1.0,1.0,50
track_b_fra_lin_swaspr_txt_000069,track_a_fra_swa_linspr_txt_000069,lin,track_a,high,0.06666666666666667,0.0,0.0,50
track_b_fra_lin_swaspr_txt_001367,track_a_fra_swa_linspr_txt_001367,lin,track_a,high,1.0,1.0,1.0,50
track_b_fra_lin_swaspr_txt_003931,track_a_fra_swa_linspr_txt_003931,lin,track_a,high,1.0,1.0,1.0,50
track_b_fra_lin_swaspr_txt_000168,track_a_fra_swa_linspr_txt_000168,lin,track_a,high,1.0,1.0,1.0,50
track_b_fra_lin_swaspr_txt_000277,track_a_fra_swa_linspr_txt_000277,lin,track_a,high,1.0,1.0,1.0,50
track_b_fra_lin_swaspr_txt_001548,track_a_fra_swa_linspr_txt_001548,lin,track_a,medium,1.0,1.0,1.0,50
track_b_fra_lin_swaspr_txt_001400,track_a_fra_swa_linspr_txt_001400,lin,track_a,medium,1.0,1.0,1.0,50
track_b_fra_lin_swaspr_txt_001573,track_a_fra_swa_linspr_txt_001573,lin,track_a,high,1.0,1.0,1.0,50
track_b_fra_lin_swaspr_txt_003899,track_a_fra_swa_linspr_txt_003899,lin,track_a,high,1.0,1.0,1.0,50
track_b_fra_lin_swaspr_txt_000452,track_a_fra_swa_linspr_txt_000452,lin,track_a,high,1.0,1.0,1.0,50
track_b_fra_lin_swaspr_txt_002128,track_a_fra_swa_linspr_txt_002128,lin,track_a,high,1.0,1.0,1.0,50
track_b_fra_lin_swaspr_txt_003550,track_a_fra_swa_linspr_txt_003550,lin,track_a,high,1.0,1.0,1.0,50
track_b_fra_lin_swaspr_txt_003665,track_a_fra_swa_linspr_txt_003665,lin,track_a,high,1.0,1.0,1.0,50
track_b_fra_lin_swaspr_txt_003507,track_a_fra_swa_linspr_txt_003507,lin,track_a,high,1.0,1.0,1.0,50
track_b_fra_lin_swaspr_txt_002175,track_a_fra_swa_linspr_txt_002175,lin,track_a,medium,1.0,1.0,1.0,50
track_b_fra_lin_swaspr_txt_000544,track_a_fra_swa_linspr_txt_000544,lin,track_a,high,1.0,1.0,1.0,50
track_b_fra_lin_swaspr_txt_001689,track_a_fra_swa_linspr_txt_001689,lin,track_a,high,1.0,1.0,1.0,50
track_b_fra_lin_swaspr_txt_000481,track_a_fra_swa_linspr_txt_000481,lin,track_a,high,1.0,1.0,1.0,50
track_b_fra_lin_swaspr_txt_002300,track_a_fra_swa_linspr_txt_002300,lin,track_a,high,0.5,0.0,0.6309297535714575,50
track_b_fra_lin_swaspr_txt_002251,track_a_fra_swa_linspr_txt_002251,lin,track_a,medium,1.0,1.0,1.0,50
track_b_fra_lin_swaspr_txt_003063,track_a_fra_swa_linspr_txt_003063,lin,track_a,high,1.0,1.0,1.0,50
track_b_fra_lin_swaspr_txt_002122,track_a_fra_swa_linspr_txt_002122,lin,track_a,high,1.0,1.0,1.0,50
track_b_fra_lin_swaspr_txt_002261,track_a_fra_swa_linspr_txt_002261,lin,track_a,medium,0.5,0.0,0.6309297535714575,50
track_b_fra_lin_swaspr_txt_002596,track_a_fra_swa_linspr_txt_002596,lin,track_a,medium,1.0,1.0,1.0,50
track_b_fra_lin_swaspr_txt_003992,track_a_fra_swa_linspr_txt_003992,lin,track_a,high,1.0,1.0,1.0,50
track_b_fra_lin_swaspr_txt_003291,track_a_fra_swa_linspr_txt_003291,lin,track_a,high,1.0,1.0,1.0,50
track_b_fra_lin_swaspr_txt_000686,track_a_fra_swa_linspr_txt_000686,lin,track_a,high,0.3333333333333333,0.0,0.5,50
track_b_fra_lin_swaspr_txt_001921,track_a_fra_swa_linspr_txt_001921,lin,track_a,high,1.0,1.0,1.0,50
track_b_fra_lin_swaspr_txt_001472,track_a_fra_swa_linspr_txt_001472,lin,track_a,medium,1.0,1.0,1.0,50
track_b_fra_lin_swaspr_txt_003119,track_a_fra_swa_linspr_txt_003119,lin,track_a,high,1.0,1.0,1.0,50
track_b_fra_lin_swaspr_txt_003963,track_a_fra_swa_linspr_txt_003963,lin,track_a,medium,1.0,1.0,1.0,50
track_b_fra_lin_swaspr_txt_001274,track_a_fra_swa_linspr_txt_001274,lin,track_a,medium,1.0,1.0,1.0,50
track_b_fra_lin_swaspr_txt_000496,track_a_fra_swa_linspr_txt_000496,lin,track_a,medium,1.0,1.0,1.0,50
track_b_fra_lin_swaspr_txt_002845,track_a_fra_swa_linspr_txt_002845,lin,track_a,high,0.14285714285714285,0.0,0.0,50
track_b_fra_lin_swaspr_txt_001626,track_a_fra_swa_linspr_txt_001626,lin,track_a,medium,0.5,0.0,0.6309297535714575,50
track_b_fra_lin_swaspr_txt_002464,track_a_fra_swa_linspr_txt_002464,lin,track_a,high,0.3333333333333333,0.0,0.5,50
track_b_fra_lin_swaspr_txt_001743,track_a_fra_swa_linspr_txt_001743,lin,track_a,medium,0.06666666666666667,0.0,0.0,50
track_b_fra_lin_swaspr_txt_003251,track_a_fra_swa_linspr_txt_003251,lin,track_a,high,1.0,1.0,1.0,50
track_b_fra_lin_swaspr_txt_002023,track_a_fra_swa_linspr_txt_002023,lin,track_a,high,0.3333333333333333,0.0,0.5,50
track_b_fra_lin_swaspr_txt_001310,track_a_fra_swa_linspr_txt_001310,lin,track_a,medium,1.0,1.0,1.0,50
track_b_fra_lin_swaspr_txt_001775,track_a_fra_swa_linspr_txt_001775,lin,track_a,high,1.0,1.0,1.0,50
track_b_fra_lin_swaspr_txt_000216,track_a_fra_swa_linspr_txt_000216,lin,track_a,high,1.0,1.0,1.0,50
track_a_fra_swa_linspr_txt_000565,track_a_fra_swa_linspr_txt_001249,lin,track_a,high,0.058823529411764705,0.0,0.0,50
track_b_fra_lin_swaspr_txt_003568,track_a_fra_swa_linspr_txt_003568,lin,track_a,high,1.0,1.0,1.0,50
track_b_fra_lin_swaspr_txt_003482,track_a_fra_swa_linspr_txt_003482,lin,track_a,high,1.0,1.0,1.0,50
track_b_fra_lin_swaspr_txt_002503,track_a_fra_swa_linspr_txt_002503,lin,track_a,high,1.0,1.0,1.0,50
track_b_fra_lin_swaspr_txt_000924,track_a_fra_swa_linspr_txt_000924,lin,track_a,high,1.0,1.0,1.0,50
track_b_fra_lin_swaspr_txt_001953,track_a_fra_swa_linspr_txt_001953,lin,track_a,medium,1.0,1.0,1.0,50
track_b_fra_lin_swaspr_txt_000072,track_a_fra_swa_linspr_txt_000072,lin,track_a,high,0.1,0.0,0.0,50
track_b_fra_lin_swaspr_txt_001041,track_a_fra_swa_linspr_txt_001041,lin,track_a,high,1.0,1.0,1.0,50
track_b_fra_lin_swaspr_txt_002587,track_a_fra_swa_linspr_txt_002587,lin,track_a,high,1.0,1.0,1.0,50
track_b_fra_lin_swaspr_txt_000533,track_a_fra_swa_linspr_txt_000533,lin,track_a,medium,1.0,1.0,1.0,50
track_b_fra_lin_swaspr_txt_001338,track_a_fra_swa_linspr_txt_001338,lin,track_a,high,1.0,1.0,1.0,50
track_b_fra_lin_swaspr_txt_002858,track_a_fra_swa_linspr_txt_002858,lin,track_a,medium,1.0,1.0,1.0,50
track_b_fra_lin_swaspr_txt_000920,track_a_fra_swa_linspr_txt_000920,lin,track_a,high,1.0,1.0,1.0,50
track_b_fra_lin_swaspr_txt_002314,track_a_fra_swa_linspr_txt_002314,lin,track_a,high,1.0,1.0,1.0,50
track_b_fra_lin_swaspr_txt_002097,track_a_fra_swa_linspr_txt_002097,lin,track_a,high,0.0625,0.0,0.0,50
track_b_fra_lin_swaspr_txt_003180,track_a_fra_swa_linspr_txt_003180,lin,track_a,medium,1.0,1.0,1.0,50
track_b_fra_lin_swaspr_txt_002825,track_a_fra_swa_linspr_txt_002825,lin,track_a,high,1.0,1.0,1.0,50
track_b_fra_lin_swaspr_txt_001498,track_a_fra_swa_linspr_txt_001498,lin,track_a,high,1.0,1.0,1.0,50
track_b_fra_lin_swaspr_txt_003983,track_a_fra_swa_linspr_txt_003983,lin,track_a,high,0.09090909090909091,0.0,0.0,50
track_b_fra_lin_swaspr_txt_002008,track_a_fra_swa_linspr_txt_002008,lin,track_a,high,1.0,1.0,1.0,50
track_b_fra_lin_swaspr_txt_001845,track_a_fra_swa_linspr_txt_001845,lin,track_a,high,1.0,1.0,1.0,50
track_b_fra_lin_swaspr_txt_002084,track_a_fra_swa_linspr_txt_002084,lin,track_a,high,1.0,1.0,1.0,50
track_b_fra_lin_swaspr_txt_002409,track_a_fra_swa_linspr_txt_002409,lin,track_a,high,1.0,1.0,1.0,50
track_b_fra_lin_swaspr_txt_000869,track_a_fra_swa_linspr_txt_000869,lin,track_a,high,0.09090909090909091,0.0,0.0,50
track_b_fra_lin_swaspr_txt_001198,track_a_fra_swa_linspr_txt_001198,lin,track_a,high,0.07142857142857142,0.0,0.0,50
track_b_fra_lin_swaspr_txt_000595,track_a_fra_swa_linspr_txt_000595,lin,track_a,high,1.0,1.0,1.0,50
track_b_fra_lin_swaspr_txt_001932,track_a_fra_swa_linspr_txt_001932,lin,track_a,medium,1.0,1.0,1.0,50
track_b_fra_lin_swaspr_txt_000590,track_a_fra_swa_linspr_txt_000590,lin,track_a,medium,1.0,1.0,1.0,50
track_b_fra_lin_swaspr_txt_002170,track_a_fra_swa_linspr_txt_002170,lin,track_a,high,1.0,1.0,1.0,50
track_b_fra_lin_swaspr_txt_002405,track_a_fra_swa_linspr_txt_002405,lin,track_a,high,1.0,1.0,1.0,50
track_b_fra_lin_swaspr_txt_002377,track_a_fra_swa_linspr_txt_002377,lin,track_a,high,1.0,1.0,1.0,50
track_b_fra_lin_swaspr_txt_001371,track_a_fra_swa_linspr_txt_001371,lin,track_a,high,1.0,1.0,1.0,50
track_b_fra_lin_swaspr_txt_002417,track_a_fra_swa_linspr_txt_002417,lin,track_a,medium,1.0,1.0,1.0,50
track_b_fra_lin_swaspr_txt_000633,track_a_fra_swa_linspr_txt_000633,lin,track_a,medium,1.0,1.0,1.0,50
track_b_fra_lin_swaspr_txt_003783,track_a_fra_swa_linspr_txt_003783,lin,track_a,medium,1.0,1.0,1.0,50
track_b_fra_lin_swaspr_txt_002878,track_a_fra_swa_linspr_txt_002878,lin,track_a,medium,1.0,1.0,1.0,50
track_b_fra_lin_swaspr_txt_001242,track_a_fra_swa_linspr_txt_001242,lin,track_a,high,1.0,1.0,1.0,50
track_b_fra_lin_swaspr_txt_001745,track_a_fra_swa_linspr_txt_001745,lin,track_a,medium,1.0,1.0,1.0,50
track_b_fra_lin_swaspr_txt_001744,track_a_fra_swa_linspr_txt_001744,lin,track_a,high,1.0,1.0,1.0,50
track_b_fra_lin_swaspr_txt_001478,track_a_fra_swa_linspr_txt_001478,lin,track_a,medium,1.0,1.0,1.0,50
track_b_fra_lin_swaspr_txt_000010,track_a_fra_swa_linspr_txt_000010,lin,track_a,high,1.0,1.0,1.0,50
track_b_fra_lin_swaspr_txt_001869,track_a_fra_swa_linspr_txt_001869,lin,track_a,high,1.0,1.0,1.0,50
track_b_fra_lin_swaspr_txt_002104,track_a_fra_swa_linspr_txt_002104,lin,track_a,medium,1.0,1.0,1.0,50
track_b_fra_lin_swaspr_txt_002859,track_a_fra_swa_linspr_txt_002859,lin,track_a,medium,1.0,1.0,1.0,50
track_b_fra_lin_swaspr_txt_002294,track_a_fra_swa_linspr_txt_002294,lin,track_a,medium,1.0,1.0,1.0,50
track_b_fra_lin_swaspr_txt_001806,track_a_fra_swa_linspr_txt_001806,lin,track_a,medium,1.0,1.0,1.0,50
track_b_fra_lin_swaspr_txt_001761,track_a_fra_swa_linspr_txt_001761,lin,track_a,high,1.0,1.0,1.0,50
track_b_fra_lin_swaspr_txt_000049,track_a_fra_swa_linspr_txt_000049,lin,track_a,high,0.25,0.0,0.43067655807339306,50
track_b_fra_lin_swaspr_txt_003760,track_a_fra_swa_linspr_txt_003760,lin,track_a,high,1.0,1.0,1.0,50
track_b_fra_lin_swaspr_txt_002974,track_a_fra_swa_linspr_txt_002974,lin,track_a,high,1.0,1.0,1.0,50
track_b_fra_lin_swaspr_txt_000062,track_a_fra_swa_linspr_txt_000062,lin,track_a,high,1.0,1.0,1.0,50
track_b_fra_lin_swaspr_txt_000612,track_a_fra_swa_linspr_txt_000612,lin,track_a,high,0.1,0.0,0.0,50
track_b_fra_lin_swaspr_txt_001882,track_a_fra_swa_linspr_txt_001882,lin,track_a,medium,1.0,1.0,1.0,50
track_b_fra_lin_swaspr_txt_000144,track_a_fra_swa_linspr_txt_000144,lin,track_a,high,1.0,1.0,1.0,50
track_b_fra_lin_swaspr_txt_003887,track_a_fra_swa_linspr_txt_003887,lin,track_a,medium,0.5,0.0,0.6309297535714575,50
track_b_fra_lin_swaspr_txt_002060,track_a_fra_swa_linspr_txt_002060,lin,track_a,high,1.0,1.0,1.0,50
track_b_fra_lin_swaspr_txt_001537,track_a_fra_swa_linspr_txt_001537,lin,track_a,medium,1.0,1.0,1.0,50
track_b_fra_lin_swaspr_txt_000927,track_a_fra_swa_linspr_txt_000927,lin,track_a,high,1.0,1.0,1.0,50
track_b_fra_lin_swaspr_txt_001748,track_a_fra_swa_linspr_txt_001748,lin,track_a,medium,1.0,1.0,1.0,50
track_b_fra_lin_swaspr_txt_001672,track_a_fra_swa_linspr_txt_001672,lin,track_a,high,0.1,0.0,0.0,50
track_b_fra_lin_swaspr_txt_002530,track_a_fra_swa_linspr_txt_002530,lin,track_a,medium,1.0,1.0,1.0,50
track_b_fra_lin_swaspr_txt_000359,track_a_fra_swa_linspr_txt_000359,lin,track_a,high,0.08333333333333333,0.0,0.0,50
track_b_fra_lin_swaspr_txt_001854,track_a_fra_swa_linspr_txt_001854,lin,track_a,medium,1.0,1.0,1.0,50
track_b_fra_lin_swaspr_txt_000421,track_a_fra_swa_linspr_txt_000421,lin,track_a,high,1.0,1.0,1.0,50
track_b_fra_lin_swaspr_txt_003866,track_a_fra_swa_linspr_txt_003866,lin,track_a,medium,1.0,1.0,1.0,50
track_b_fra_lin_swaspr_txt_003188,track_a_fra_swa_linspr_txt_003188,lin,track_a,high,1.0,1.0,1.0,50
track_b_fra_lin_swaspr_txt_003988,track_a_fra_swa_linspr_txt_003988,lin,track_a,medium,1.0,1.0,1.0,50
track_b_fra_lin_swaspr_txt_003370,track_a_fra_swa_linspr_txt_003370,lin,track_a,medium,1.0,1.0,1.0,50
track_b_fra_lin_swaspr_txt_000885,track_a_fra_swa_linspr_txt_000885,lin,track_a,medium,1.0,1.0,1.0,50
track_b_fra_lin_swaspr_txt_002982,track_a_fra_swa_linspr_txt_002982,lin,track_a,high,1.0,1.0,1.0,50
track_b_fra_lin_swaspr_txt_002648,track_a_fra_swa_linspr_txt_002648,lin,track_a,high,1.0,1.0,1.0,50
track_b_fra_lin_swaspr_txt_001062,track_a_fra_swa_linspr_txt_001062,lin,track_a,medium,1.0,1.0,1.0,50
track_b_fra_lin_swaspr_txt_002332,track_a_fra_swa_linspr_txt_002332,lin,track_a,high,0.1,0.0,0.0,50
track_b_fra_lin_swaspr_txt_000632,track_a_fra_swa_linspr_txt_000632,lin,track_a,medium,1.0,1.0,1.0,50
track_b_fra_lin_swaspr_txt_001936,track_a_fra_swa_linspr_txt_001936,lin,track_a,high,0.09090909090909091,0.0,0.0,50
track_b_fra_lin_swaspr_txt_000051,track_a_fra_swa_linspr_txt_000051,lin,track_a,high,1.0,1.0,1.0,50
track_b_fra_lin_swaspr_txt_003928,track_a_fra_swa_linspr_txt_003928,lin,track_a,high,1.0,1.0,1.0,50
track_b_fra_lin_swaspr_txt_003733,track_a_fra_swa_linspr_txt_003733,lin,track_a,medium,1.0,1.0,1.0,50
track_b_fra_lin_swaspr_txt_001324,track_a_fra_swa_linspr_txt_001324,lin,track_a,medium,1.0,1.0,1.0,50
track_b_fra_lin_swaspr_txt_002837,track_a_fra_swa_linspr_txt_002837,lin,track_a,high,1.0,1.0,1.0,50
track_b_fra_lin_swaspr_txt_000478,track_a_fra_swa_linspr_txt_000478,lin,track_a,high,0.5,0.0,0.6309297535714575,50
track_b_fra_lin_swaspr_txt_002364,track_a_fra_swa_linspr_txt_002364,lin,track_a,medium,1.0,1.0,1.0,50
track_b_fra_lin_swaspr_txt_002389,track_a_fra_swa_linspr_txt_002389,lin,track_a,high,1.0,1.0,1.0,50
track_b_fra_lin_swaspr_txt_001364,track_a_fra_swa_linspr_txt_001364,lin,track_a,high,1.0,1.0,1.0,50
track_b_fra_lin_swaspr_txt_003960,track_a_fra_swa_linspr_txt_003960,lin,track_a,high,1.0,1.0,1.0,50
track_b_fra_lin_swaspr_txt_003392,track_a_fra_swa_linspr_txt_003392,lin,track_a,medium,1.0,1.0,1.0,50
track_b_fra_lin_swaspr_txt_001255,track_a_fra_swa_linspr_txt_001255,lin,track_a,medium,1.0,1.0,1.0,50
track_b_fra_lin_swaspr_txt_003403,track_a_fra_swa_linspr_txt_003403,lin,track_a,medium,1.0,1.0,1.0,50
track_b_fra_lin_swaspr_txt_001060,track_a_fra_swa_linspr_txt_001060,lin,track_a,medium,0.09090909090909091,0.0,0.0,50
track_b_fra_lin_swaspr_txt_000744,track_a_fra_swa_linspr_txt_000744,lin,track_a,high,0.09090909090909091,0.0,0.0,50
track_b_fra_lin_swaspr_txt_000901,track_a_fra_swa_linspr_txt_000901,lin,track_a,high,1.0,1.0,1.0,50
track_b_fra_lin_swaspr_txt_002468,track_a_fra_swa_linspr_txt_002468,lin,track_a,high,1.0,1.0,1.0,50
track_b_fra_lin_swaspr_txt_001907,track_a_fra_swa_linspr_txt_001907,lin,track_a,medium,1.0,1.0,1.0,50
track_b_fra_lin_swaspr_txt_002450,track_a_fra_swa_linspr_txt_002450,lin,track_a,high,1.0,1.0,1.0,50
track_b_fra_lin_swaspr_txt_001145,track_a_fra_swa_linspr_txt_001145,lin,track_a,medium,1.0,1.0,1.0,50
track_b_fra_lin_swaspr_txt_003218,track_a_fra_swa_linspr_txt_003218,lin,track_a,high,1.0,1.0,1.0,50
track_b_fra_lin_swaspr_txt_000175,track_a_fra_swa_linspr_txt_000175,lin,track_a,medium,1.0,1.0,1.0,50
track_b_fra_lin_swaspr_txt_003041,track_a_fra_swa_linspr_txt_003041,lin,track_a,high,1.0,1.0,1.0,50
track_b_fra_lin_swaspr_txt_002623,track_a_fra_swa_linspr_txt_002623,lin,track_a,high,1.0,1.0,1.0,50
track_b_fra_lin_swaspr_txt_002000,track_a_fra_swa_linspr_txt_002000,lin,track_a,high,0.5,0.0,0.6309297535714575,50
track_b_fra_lin_swaspr_txt_003996,track_a_fra_swa_linspr_txt_003996,lin,track_a,high,0.043478260869565216,0.0,0.0,50
track_b_fra_lin_swaspr_txt_001445,track_a_fra_swa_linspr_txt_001445,lin,track_a,high,0.5,0.0,0.6309297535714575,50
track_b_fra_lin_swaspr_txt_001128,track_a_fra_swa_linspr_txt_001128,lin,track_a,medium,1.0,1.0,1.0,50
track_b_fra_lin_swaspr_txt_000812,track_a_fra_swa_linspr_txt_000812,lin,track_a,medium,1.0,1.0,1.0,50
track_b_fra_lin_swaspr_txt_003795,track_a_fra_swa_linspr_txt_003795,lin,track_a,high,1.0,1.0,1.0,50
track_b_fra_lin_swaspr_txt_001992,track_a_fra_swa_linspr_txt_001992,lin,track_a,high,1.0,1.0,1.0,50
track_b_fra_lin_swaspr_txt_002135,track_a_fra_swa_linspr_txt_002135,lin,track_a,high,1.0,1.0,1.0,50
track_b_fra_lin_swaspr_txt_003803,track_a_fra_swa_linspr_txt_003803,lin,track_a,high,1.0,1.0,1.0,50
track_b_fra_lin_swaspr_txt_001437,track_a_fra_swa_linspr_txt_001437,lin,track_a,high,0.09090909090909091,0.0,0.0,50
track_b_fra_lin_swaspr_txt_002928,track_a_fra_swa_linspr_txt_002928,lin,track_a,high,1.0,1.0,1.0,50
track_b_fra_lin_swaspr_txt_000586,track_a_fra_swa_linspr_txt_000586,lin,track_a,medium,1.0,1.0,1.0,50
track_b_fra_lin_swaspr_txt_002996,track_a_fra_swa_linspr_txt_002996,lin,track_a,high,1.0,1.0,1.0,50
track_b_fra_lin_swaspr_txt_002423,track_a_fra_swa_linspr_txt_002423,lin,track_a,high,1.0,1.0,1.0,50
track_b_fra_lin_swaspr_txt_001261,track_a_fra_swa_linspr_txt_001261,lin,track_a,medium,0.5,0.0,0.6309297535714575,50
track_b_fra_lin_swaspr_txt_001995,track_a_fra_swa_linspr_txt_001995,lin,track_a,medium,1.0,1.0,1.0,50
track_b_fra_lin_swaspr_txt_002957,track_a_fra_swa_linspr_txt_002957,lin,track_a,medium,1.0,1.0,1.0,50
track_b_fra_lin_swaspr_txt_002262,track_a_fra_swa_linspr_txt_002262,lin,track_a,medium,1.0,1.0,1.0,50
track_b_fra_lin_swaspr_txt_003756,track_a_fra_swa_linspr_txt_003756,lin,track_a,high,1.0,1.0,1.0,50
track_b_fra_lin_swaspr_txt_003534,track_a_fra_swa_linspr_txt_003534,lin,track_a,medium,1.0,1.0,1.0,50
track_a_fra_swa_linspr_txt_000686,track_a_fra_swa_linspr_txt_000421,lin,track_a,high,1.0,1.0,1.0,50
track_b_fra_lin_swaspr_txt_001863,track_a_fra_swa_linspr_txt_001863,lin,track_a,high,1.0,1.0,1.0,50
track_b_fra_lin_swaspr_txt_000638,track_a_fra_swa_linspr_txt_000638,lin,track_a,high,1.0,1.0,1.0,50
track_b_fra_lin_swaspr_txt_001212,track_a_fra_swa_linspr_txt_001212,lin,track_a,medium,1.0,1.0,1.0,50
track_b_fra_lin_swaspr_txt_002140,track_a_fra_swa_linspr_txt_002140,lin,track_a,high,1.0,1.0,1.0,50
track_b_fra_lin_swaspr_txt_002608,track_a_fra_swa_linspr_txt_002608,lin,track_a,medium,1.0,1.0,1.0,50
track_b_fra_lin_swaspr_txt_003293,track_a_fra_swa_linspr_txt_003293,lin,track_a,high,1.0,1.0,1.0,50
track_b_fra_lin_swaspr_txt_001360,track_a_fra_swa_linspr_txt_001360,lin,track_a,medium,1.0,1.0,1.0,50
track_b_fra_lin_swaspr_txt_003223,track_a_fra_swa_linspr_txt_003223,lin,track_a,medium,1.0,1.0,1.0,50
track_b_fra_lin_swaspr_txt_003039,track_a_fra_swa_linspr_txt_003039,lin,track_a,high,1.0,1.0,1.0,50
track_b_fra_lin_swaspr_txt_000608,track_a_fra_swa_linspr_txt_000608,lin,track_a,medium,1.0,1.0,1.0,50
track_b_fra_lin_swaspr_txt_000227,track_a_fra_swa_linspr_txt_000227,lin,track_a,high,1.0,1.0,1.0,50
track_b_fra_lin_swaspr_txt_003549,track_a_fra_swa_linspr_txt_003549,lin,track_a,high,1.0,1.0,1.0,50
track_b_fra_lin_swaspr_txt_001632,track_a_fra_swa_linspr_txt_001632,lin,track_a,medium,1.0,1.0,1.0,50
track_b_fra_lin_swaspr_txt_001260,track_a_fra_swa_linspr_txt_001260,lin,track_a,medium,0.5,0.0,0.6309297535714575,50
track_b_fra_lin_swaspr_txt_001490,track_a_fra_swa_linspr_txt_001490,lin,track_a,medium,1.0,1.0,1.0,50
track_b_fra_lin_swaspr_txt_001858,track_a_fra_swa_linspr_txt_001858,lin,track_a,high,1.0,1.0,1.0,50
track_b_fra_lin_swaspr_txt_003634,track_a_fra_swa_linspr_txt_003634,lin,track_a,high,1.0,1.0,1.0,50
track_b_fra_lin_swaspr_txt_000266,track_a_fra_swa_linspr_txt_000266,lin,track_a,high,1.0,1.0,1.0,50
track_b_fra_lin_swaspr_txt_000810,track_a_fra_swa_linspr_txt_000810,lin,track_a,high,1.0,1.0,1.0,50
track_b_fra_lin_swaspr_txt_001574,track_a_fra_swa_linspr_txt_001574,lin,track_a,medium,1.0,1.0,1.0,50
track_b_fra_lin_swaspr_txt_000985,track_a_fra_swa_linspr_txt_000985,lin,track_a,high,0.3333333333333333,0.0,0.5,50
track_b_fra_lin_swaspr_txt_000314,track_a_fra_swa_linspr_txt_000314,lin,track_a,high,0.09090909090909091,0.0,0.0,50
track_b_fra_lin_swaspr_txt_003393,track_a_fra_swa_linspr_txt_003393,lin,track_a,medium,1.0,1.0,1.0,50
track_b_fra_lin_swaspr_txt_001426,track_a_fra_swa_linspr_txt_001426,lin,track_a,high,1.0,1.0,1.0,50
track_b_fra_lin_swaspr_txt_001114,track_a_fra_swa_linspr_txt_001114,lin,track_a,medium,1.0,1.0,1.0,50
track_b_fra_lin_swaspr_txt_002139,track_a_fra_swa_linspr_txt_002139,lin,track_a,high,1.0,1.0,1.0,50
track_b_fra_lin_swaspr_txt_002063,track_a_fra_swa_linspr_txt_002063,lin,track_a,high,1.0,1.0,1.0,50
track_b_fra_lin_swaspr_txt_002271,track_a_fra_swa_linspr_txt_002271,lin,track_a,medium,0.09090909090909091,0.0,0.0,50
track_b_fra_lin_swaspr_txt_003077,track_a_fra_swa_linspr_txt_003077,lin,track_a,high,1.0,1.0,1.0,50
track_b_fra_lin_swaspr_txt_002049,track_a_fra_swa_linspr_txt_002049,lin,track_a,high,1.0,1.0,1.0,50
track_b_fra_lin_swaspr_txt_002099,track_a_fra_swa_linspr_txt_002099,lin,track_a,high,1.0,1.0,1.0,50
track_b_fra_lin_swaspr_txt_000961,track_a_fra_swa_linspr_txt_000961,lin,track_a,high,0.06666666666666667,0.0,0.0,50
track_b_fra_lin_swaspr_txt_000879,track_a_fra_swa_linspr_txt_000879,lin,track_a,high,0.5,0.0,0.6309297535714575,50
track_b_fra_lin_swaspr_txt_003112,track_a_fra_swa_linspr_txt_003112,lin,track_a,medium,1.0,1.0,1.0,50
track_b_fra_lin_swaspr_txt_002459,track_a_fra_swa_linspr_txt_002459,lin,track_a,high,1.0,1.0,1.0,50
track_b_fra_lin_swaspr_txt_000999,track_a_fra_swa_linspr_txt_000999,lin,track_a,high,1.0,1.0,1.0,50
track_b_fra_lin_swaspr_txt_002024,track_a_fra_swa_linspr_txt_002024,lin,track_a,medium,1.0,1.0,1.0,50
track_b_fra_lin_swaspr_txt_003439,track_a_fra_swa_linspr_txt_003439,lin,track_a,high,0.09090909090909091,0.0,0.0,50
track_b_fra_lin_swaspr_txt_003442,track_a_fra_swa_linspr_txt_003442,lin,track_a,medium,1.0,1.0,1.0,50
track_b_fra_lin_swaspr_txt_003792,track_a_fra_swa_linspr_txt_003792,lin,track_a,high,1.0,1.0,1.0,50
track_b_fra_lin_swaspr_txt_001795,track_a_fra_swa_linspr_txt_001795,lin,track_a,high,1.0,1.0,1.0,50
track_b_fra_lin_swaspr_txt_003860,track_a_fra_swa_linspr_txt_003860,lin,track_a,high,1.0,1.0,1.0,50
track_b_fra_lin_swaspr_txt_002836,track_a_fra_swa_linspr_txt_002836,lin,track_a,high,0.3333333333333333,0.0,0.5,50
track_b_fra_lin_swaspr_txt_000565,track_a_fra_swa_linspr_txt_000565,lin,track_a,high,1.0,1.0,1.0,50
track_b_fra_lin_swaspr_txt_002743,track_a_fra_swa_linspr_txt_002743,lin,track_a,high,1.0,1.0,1.0,50
track_b_fra_lin_swaspr_txt_003688,track_a_fra_swa_linspr_txt_003688,lin,track_a,medium,1.0,1.0,1.0,50
track_b_fra_lin_swaspr_txt_003422,track_a_fra_swa_linspr_txt_003422,lin,track_a,high,0.09090909090909091,0.0,0.0,50
track_b_fra_lin_swaspr_txt_001792,track_a_fra_swa_linspr_txt_001792,lin,track_a,high,1.0,1.0,1.0,50
track_b_fra_lin_swaspr_txt_001751,track_a_fra_swa_linspr_txt_001751,lin,track_a,high,1.0,1.0,1.0,50
track_b_fra_lin_swaspr_txt_000399,track_a_fra_swa_linspr_txt_000399,lin,track_a,high,1.0,1.0,1.0,50
track_b_fra_lin_swaspr_txt_003541,track_a_fra_swa_linspr_txt_003541,lin,track_a,high,1.0,1.0,1.0,50
track_b_fra_lin_swaspr_txt_002218,track_a_fra_swa_linspr_txt_002218,lin,track_a,medium,0.3333333333333333,0.0,0.5,50
track_b_fra_lin_swaspr_txt_001698,track_a_fra_swa_linspr_txt_001698,lin,track_a,high,1.0,1.0,1.0,50
track_b_fra_lin_swaspr_txt_001433,track_a_fra_swa_linspr_txt_001433,lin,track_a,medium,1.0,1.0,1.0,50
track_b_fra_lin_swaspr_txt_000356,track_a_fra_swa_linspr_txt_000356,lin,track_a,high,1.0,1.0,1.0,50
track_b_fra_lin_swaspr_txt_003200,track_a_fra_swa_linspr_txt_003200,lin,track_a,high,1.0,1.0,1.0,50
track_b_fra_lin_swaspr_txt_001197,track_a_fra_swa_linspr_txt_001197,lin,track_a,high,1.0,1.0,1.0,50
track_b_fra_lin_swaspr_txt_001759,track_a_fra_swa_linspr_txt_001759,lin,track_a,medium,1.0,1.0,1.0,50
track_b_fra_lin_swaspr_txt_002165,track_a_fra_swa_linspr_txt_002165,lin,track_a,high,1.0,1.0,1.0,50
track_b_fra_lin_swaspr_txt_002196,track_a_fra_swa_linspr_txt_002196,lin,track_a,medium,1.0,1.0,1.0,50
track_b_fra_lin_swaspr_txt_000559,track_a_fra_swa_linspr_txt_000559,lin,track_a,high,1.0,1.0,1.0,50
track_b_fra_lin_swaspr_txt_000839,track_a_fra_swa_linspr_txt_000839,lin,track_a,high,1.0,1.0,1.0,50
track_b_fra_lin_swaspr_txt_000899,track_a_fra_swa_linspr_txt_000899,lin,track_a,medium,1.0,1.0,1.0,50
track_b_fra_lin_swaspr_txt_000166,track_a_fra_swa_linspr_txt_000166,lin,track_a,medium,1.0,1.0,1.0,50
track_b_fra_lin_swaspr_txt_002133,track_a_fra_swa_linspr_txt_002133,lin,track_a,medium,1.0,1.0,1.0,50
track_b_fra_lin_swaspr_txt_003387,track_a_fra_swa_linspr_txt_003387,lin,track_a,high,1.0,1.0,1.0,50
track_b_fra_lin_swaspr_txt_000840,track_a_fra_swa_linspr_txt_000840,lin,track_a,high,1.0,1.0,1.0,50
track_b_fra_lin_swaspr_txt_003048,track_a_fra_swa_linspr_txt_003048,lin,track_a,high,1.0,1.0,1.0,50
track_b_fra_lin_swaspr_txt_001334,track_a_fra_swa_linspr_txt_001334,lin,track_a,high,1.0,1.0,1.0,50
track_b_fra_lin_swaspr_txt_003314,track_a_fra_swa_linspr_txt_003314,lin,track_a,high,1.0,1.0,1.0,50
track_b_fra_lin_swaspr_txt_002806,track_a_fra_swa_linspr_txt_002806,lin,track_a,medium,1.0,1.0,1.0,50
track_b_fra_lin_swaspr_txt_001249,track_a_fra_swa_linspr_txt_001249,lin,track_a,medium,1.0,1.0,1.0,50
track_b_fra_lin_swaspr_txt_003219,track_a_fra_swa_linspr_txt_003219,lin,track_a,medium,1.0,1.0,1.0,50
track_b_fra_lin_swaspr_txt_001072,track_a_fra_swa_linspr_txt_001072,lin,track_a,high,1.0,1.0,1.0,50
track_b_fra_lin_swaspr_txt_000738,track_a_fra_swa_linspr_txt_000738,lin,track_a,high,1.0,1.0,1.0,50
track_b_fra_lin_swaspr_txt_000140,track_a_fra_swa_linspr_txt_000140,lin,track_a,high,1.0,1.0,1.0,50
track_b_fra_lin_swaspr_txt_003777,track_a_fra_swa_linspr_txt_003777,lin,track_a,high,0.2,0.0,0.38685280723454163,50
track_b_fra_lin_swaspr_txt_000376,track_a_fra_swa_linspr_txt_000376,lin,track_a,high,1.0,1.0,1.0,50
track_b_fra_lin_swaspr_txt_003781,track_a_fra_swa_linspr_txt_003781,lin,track_a,high,1.0,1.0,1.0,50
track_b_fra_lin_swaspr_txt_003271,track_a_fra_swa_linspr_txt_003271,lin,track_a,medium,1.0,1.0,1.0,50
track_b_fra_lin_swaspr_txt_000498,track_a_fra_swa_linspr_txt_000498,lin,track_a,high,1.0,1.0,1.0,50
track_b_fra_lin_swaspr_txt_001142,track_a_fra_swa_linspr_txt_001142,lin,track_a,medium,1.0,1.0,1.0,50
track_b_fra_lin_swaspr_txt_003005,track_a_fra_swa_linspr_txt_003005,lin,track_a,high,1.0,1.0,1.0,50
track_b_fra_lin_swaspr_txt_001108,track_a_fra_swa_linspr_txt_001108,lin,track_a,high,1.0,1.0,1.0,50
track_b_fra_lin_swaspr_txt_003268,track_a_fra_swa_linspr_txt_003268,lin,track_a,medium,1.0,1.0,1.0,50
track_b_fra_lin_swaspr_txt_003282,track_a_fra_swa_linspr_txt_003282,lin,track_a,high,0.5,0.0,0.6309297535714575,50
track_b_fra_lin_swaspr_txt_002169,track_a_fra_swa_linspr_txt_002169,lin,track_a,high,1.0,1.0,1.0,50
track_b_fra_lin_swaspr_txt_001295,track_a_fra_swa_linspr_txt_001295,lin,track_a,medium,1.0,1.0,1.0,50
track_b_fra_lin_swaspr_txt_001370,track_a_fra_swa_linspr_txt_001370,lin,track_a,medium,1.0,1.0,1.0,50
track_b_fra_lin_swaspr_txt_003286,track_a_fra_swa_linspr_txt_003286,lin,track_a,medium,1.0,1.0,1.0,50
track_b_fra_lin_swaspr_txt_003543,track_a_fra_swa_linspr_txt_003543,lin,track_a,high,1.0,1.0,1.0,50
track_b_fra_lin_swaspr_txt_000909,track_a_fra_swa_linspr_txt_000909,lin,track_a,high,1.0,1.0,1.0,50
track_b_fra_lin_swaspr_txt_000163,track_a_fra_swa_linspr_txt_000163,lin,track_a,high,1.0,1.0,1.0,50
track_b_fra_lin_swaspr_txt_001059,track_a_fra_swa_linspr_txt_001059,lin,track_a,high,1.0,1.0,1.0,50
track_b_fra_lin_swaspr_txt_001385,track_a_fra_swa_linspr_txt_001385,lin,track_a,high,1.0,1.0,1.0,50
track_b_fra_lin_swaspr_txt_003182,track_a_fra_swa_linspr_txt_003182,lin,track_a,medium,1.0,1.0,1.0,50
track_b_fra_lin_swaspr_txt_000256,track_a_fra_swa_linspr_txt_000256,lin,track_a,high,1.0,1.0,1.0,50
track_b_fra_lin_swaspr_txt_003084,track_a_fra_swa_linspr_txt_003084,lin,track_a,high,1.0,1.0,1.0,50
track_b_fra_lin_swaspr_txt_000861,track_a_fra_swa_linspr_txt_000861,lin,track_a,high,0.3333333333333333,0.0,0.5,50
track_b_fra_lin_swaspr_txt_002270,track_a_fra_swa_linspr_txt_002270,lin,track_a,high,1.0,1.0,1.0,50
track_b_fra_lin_swaspr_txt_003075,track_a_fra_swa_linspr_txt_003075,lin,track_a,medium,1.0,1.0,1.0,50
track_b_fra_lin_swaspr_txt_001543,track_a_fra_swa_linspr_txt_001543,lin,track_a,high,1.0,1.0,1.0,50
track_b_fra_lin_swaspr_txt_002186,track_a_fra_swa_linspr_txt_002186,lin,track_a,medium,1.0,1.0,1.0,50
track_b_fra_lin_swaspr_txt_001485,track_a_fra_swa_linspr_txt_001485,lin,track_a,medium,0.14285714285714285,0.0,0.0,50
track_b_fra_lin_swaspr_txt_000616,track_a_fra_swa_linspr_txt_000616,lin,track_a,high,1.0,1.0,1.0,50
track_b_fra_lin_swaspr_txt_002113,track_a_fra_swa_linspr_txt_002113,lin,track_a,high,1.0,1.0,1.0,50
track_b_fra_lin_swaspr_txt_001552,track_a_fra_swa_linspr_txt_001552,lin,track_a,high,1.0,1.0,1.0,50
track_b_fra_lin_swaspr_txt_000931,track_a_fra_swa_linspr_txt_000931,lin,track_a,high,1.0,1.0,1.0,50
track_b_fra_lin_swaspr_txt_001734,track_a_fra_swa_linspr_txt_001734,lin,track_a,medium,1.0,1.0,1.0,50
track_b_fra_lin_swaspr_txt_002295,track_a_fra_swa_linspr_txt_002295,lin,track_a,high,1.0,1.0,1.0,50
track_b_fra_lin_swaspr_txt_003770,track_a_fra_swa_linspr_txt_003770,lin,track_a,medium,1.0,1.0,1.0,50
track_b_fra_lin_swaspr_txt_000083,track_a_fra_swa_linspr_txt_000083,lin,track_a,high,1.0,1.0,1.0,50
track_b_fra_lin_swaspr_txt_002053,track_a_fra_swa_linspr_txt_002053,lin,track_a,high,0.5,0.0,0.6309297535714575,50
track_b_fra_lin_swaspr_txt_002070,track_a_fra_swa_linspr_txt_002070,lin,track_a,high,1.0,1.0,1.0,50
track_b_fra_lin_swaspr_txt_000842,track_a_fra_swa_linspr_txt_000842,lin,track_a,high,1.0,1.0,1.0,50
track_b_fra_lin_swaspr_txt_003331,track_a_fra_swa_linspr_txt_003331,lin,track_a,high,0.5,0.0,0.6309297535714575,50
track_b_fra_lin_swaspr_txt_001942,track_a_fra_swa_linspr_txt_001942,lin,track_a,high,1.0,1.0,1.0,50
track_b_fra_lin_swaspr_txt_000132,track_a_fra_swa_linspr_txt_000132,lin,track_a,high,0.047619047619047616,0.0,0.0,50
track_b_fra_lin_swaspr_txt_002415,track_a_fra_swa_linspr_txt_002415,lin,track_a,high,1.0,1.0,1.0,50
track_b_fra_lin_swaspr_txt_000327,track_a_fra_swa_linspr_txt_000327,lin,track_a,medium,1.0,1.0,1.0,50
track_b_fra_lin_swaspr_txt_003661,track_a_fra_swa_linspr_txt_003661,lin,track_a,high,0.25,0.0,0.43067655807339306,50
track_b_fra_lin_swaspr_txt_000845,track_a_fra_swa_linspr_txt_000845,lin,track_a,high,1.0,1.0,1.0,50
track_b_fra_lin_swaspr_txt_001169,track_a_fra_swa_linspr_txt_001169,lin,track_a,high,1.0,1.0,1.0,50
track_b_fra_lin_swaspr_txt_003966,track_a_fra_swa_linspr_txt_003966,lin,track_a,high,1.0,1.0,1.0,50
track_b_fra_lin_swaspr_txt_001154,track_a_fra_swa_linspr_txt_001154,lin,track_a,high,1.0,1.0,1.0,50
track_b_fra_lin_swaspr_txt_000190,track_a_fra_swa_linspr_txt_000190,lin,track_a,high,0.07692307692307693,0.0,0.0,50
track_b_fra_lin_swaspr_txt_003107,track_a_fra_swa_linspr_txt_003107,lin,track_a,medium,0.5,0.0,0.6309297535714575,50
track_b_fra_lin_swaspr_txt_001614,track_a_fra_swa_linspr_txt_001614,lin,track_a,medium,1.0,1.0,1.0,50
track_b_fra_lin_swaspr_txt_000020,track_a_fra_swa_linspr_txt_000020,lin,track_a,high,0.07692307692307693,0.0,0.0,50
track_b_fra_lin_swaspr_txt_001463,track_a_fra_swa_linspr_txt_001463,lin,track_a,medium,1.0,1.0,1.0,50
track_b_fra_lin_swaspr_txt_001092,track_a_fra_swa_linspr_txt_001092,lin,track_a,medium,0.07692307692307693,0.0,0.0,50
track_b_fra_lin_swaspr_txt_001357,track_a_fra_swa_linspr_txt_001357,lin,track_a,high,1.0,1.0,1.0,50
track_b_fra_lin_swaspr_txt_000831,track_a_fra_swa_linspr_txt_000831,lin,track_a,high,0.1111111111111111,0.0,0.0,50
track_b_fra_lin_swaspr_txt_002411,track_a_fra_swa_linspr_txt_002411,lin,track_a,high,0.5,0.0,0.6309297535714575,50
track_b_fra_lin_swaspr_txt_001910,track_a_fra_swa_linspr_txt_001910,lin,track_a,high,1.0,1.0,1.0,50
track_b_fra_lin_swaspr_txt_003201,track_a_fra_swa_linspr_txt_003201,lin,track_a,medium,1.0,1.0,1.0,50
track_b_fra_lin_swaspr_txt_001004,track_a_fra_swa_linspr_txt_001004,lin,track_a,high,0.5,0.0,0.6309297535714575,50
track_b_fra_lin_swaspr_txt_002820,track_a_fra_swa_linspr_txt_002820,lin,track_a,high,1.0,1.0,1.0,50
track_b_fra_lin_swaspr_txt_003991,track_a_fra_swa_linspr_txt_003991,lin,track_a,high,1.0,1.0,1.0,50
track_b_fra_lin_swaspr_txt_003216,track_a_fra_swa_linspr_txt_003216,lin,track_a,high,1.0,1.0,1.0,50
track_b_fra_lin_swaspr_txt_000036,track_a_fra_swa_linspr_txt_000036,lin,track_a,high,1.0,1.0,1.0,50
track_b_fra_lin_swaspr_txt_002385,track_a_fra_swa_linspr_txt_002385,lin,track_a,high,1.0,1.0,1.0,50
track_b_fra_lin_swaspr_txt_002510,track_a_fra_swa_linspr_txt_002510,lin,track_a,high,1.0,1.0,1.0,50
track_b_fra_lin_swaspr_txt_001316,track_a_fra_swa_linspr_txt_001316,lin,track_a,medium,1.0,1.0,1.0,50
track_b_fra_lin_swaspr_txt_002233,track_a_fra_swa_linspr_txt_002233,lin,track_a,medium,1.0,1.0,1.0,50
track_b_fra_lin_swaspr_txt_003938,track_a_fra_swa_linspr_txt_003938,lin,track_a,high,1.0,1.0,1.0,50
track_b_fra_lin_swaspr_txt_000300,track_a_fra_swa_linspr_txt_000300,lin,track_a,high,1.0,1.0,1.0,50
track_b_fra_lin_swaspr_txt_002191,track_a_fra_swa_linspr_txt_002191,lin,track_a,medium,1.0,1.0,1.0,50
track_b_fra_lin_swaspr_txt_000819,track_a_fra_swa_linspr_txt_000819,lin,track_a,medium,1.0,1.0,1.0,50
track_b_fra_lin_swaspr_txt_003479,track_a_fra_swa_linspr_txt_003479,lin,track_a,high,1.0,1.0,1.0,50
track_b_fra_lin_swaspr_txt_003598,track_a_fra_swa_linspr_txt_003598,lin,track_a,medium,1.0,1.0,1.0,50
track_b_fra_lin_swaspr_txt_002250,track_a_fra_swa_linspr_txt_002250,lin,track_a,high,0.25,0.0,0.43067655807339306,50
track_b_fra_lin_swaspr_txt_001935,track_a_fra_swa_linspr_txt_001935,lin,track_a,medium,1.0,1.0,1.0,50
track_b_fra_lin_swaspr_txt_002014,track_a_fra_swa_linspr_txt_002014,lin,track_a,high,1.0,1.0,1.0,50
track_b_fra_lin_swaspr_txt_000461,track_a_fra_swa_linspr_txt_000461,lin,track_a,high,1.0,1.0,1.0,50
track_b_fra_lin_swaspr_txt_003597,track_a_fra_swa_linspr_txt_003597,lin,track_a,high,1.0,1.0,1.0,50
track_b_fra_lin_swaspr_txt_002921,track_a_fra_swa_linspr_txt_002921,lin,track_a,medium,0.25,0.0,0.43067655807339306,50
track_b_fra_lin_swaspr_txt_000579,track_a_fra_swa_linspr_txt_000579,lin,track_a,high,1.0,1.0,1.0,50
track_b_fra_lin_swaspr_txt_001029,track_a_fra_swa_linspr_txt_001029,lin,track_a,high,1.0,1.0,1.0,50
track_b_fra_lin_swaspr_txt_003958,track_a_fra_swa_linspr_txt_003958,lin,track_a,medium,1.0,1.0,1.0,50
track_b_fra_lin_swaspr_txt_002236,track_a_fra_swa_linspr_txt_002236,lin,track_a,medium,1.0,1.0,1.0,50
track_b_fra_lin_swaspr_txt_000945,track_a_fra_swa_linspr_txt_000945,lin,track_a,high,0.3333333333333333,0.0,0.5,50
track_b_fra_lin_swaspr_txt_000878,track_a_fra_swa_linspr_txt_000878,lin,track_a,high,1.0,1.0,1.0,50
track_b_fra_lin_swaspr_txt_003595,track_a_fra_swa_linspr_txt_003595,lin,track_a,high,1.0,1.0,1.0,50
track_b_fra_lin_swaspr_txt_000353,track_a_fra_swa_linspr_txt_000353,lin,track_a,high,0.058823529411764705,0.0,0.0,50
track_b_fra_lin_swaspr_txt_001531,track_a_fra_swa_linspr_txt_001531,lin,track_a,medium,1.0,1.0,1.0,50
track_b_fra_lin_swaspr_txt_003851,track_a_fra_swa_linspr_txt_003851,lin,track_a,high,1.0,1.0,1.0,50
track_b_fra_lin_swaspr_txt_002639,track_a_fra_swa_linspr_txt_002639,lin,track_a,high,1.0,1.0,1.0,50
track_b_fra_lin_swaspr_txt_003454,track_a_fra_swa_linspr_txt_003454,lin,track_a,high,0.058823529411764705,0.0,0.0,50
track_b_fra_lin_swaspr_txt_001611,track_a_fra_swa_linspr_txt_001611,lin,track_a,medium,1.0,1.0,1.0,50
track_b_fra_lin_swaspr_txt_001686,track_a_fra_swa_linspr_txt_001686,lin,track_a,medium,1.0,1.0,1.0,50
track_b_fra_lin_swaspr_txt_002654,track_a_fra_swa_linspr_txt_002654,lin,track_a,high,1.0,1.0,1.0,50
track_b_fra_lin_swaspr_txt_001861,track_a_fra_swa_linspr_txt_001861,lin,track_a,medium,0.3333333333333333,0.0,0.5,50
track_b_fra_lin_swaspr_txt_000828,track_a_fra_swa_linspr_txt_000828,lin,track_a,high,1.0,1.0,1.0,50
track_b_fra_lin_swaspr_txt_002231,track_a_fra_swa_linspr_txt_002231,lin,track_a,high,1.0,1.0,1.0,50
track_b_fra_lin_swaspr_txt_003319,track_a_fra_swa_linspr_txt_003319,lin,track_a,high,1.0,1.0,1.0,50
track_b_fra_lin_swaspr_txt_002690,track_a_fra_swa_linspr_txt_002690,lin,track_a,medium,1.0,1.0,1.0,50
track_b_fra_lin_swaspr_txt_001695,track_a_fra_swa_linspr_txt_001695,lin,track_a,high,0.04,0.0,0.0,50
track_b_fra_lin_swaspr_txt_001270,track_a_fra_swa_linspr_txt_001270,lin,track_a,medium,1.0,1.0,1.0,50
track_a_fra_swa_linspr_txt_003619,track_a_fra_swa_linspr_txt_001531,lin,track_a,high,0.06666666666666667,0.0,0.0,50
track_b_fra_lin_swaspr_txt_000606,track_a_fra_swa_linspr_txt_000606,lin,track_a,high,1.0,1.0,1.0,50
track_b_fra_lin_swaspr_txt_003910,track_a_fra_swa_linspr_txt_003910,lin,track_a,high,0.3333333333333333,0.0,0.5,50
track_b_fra_lin_swaspr_txt_001970,track_a_fra_swa_linspr_txt_001970,lin,track_a,medium,1.0,1.0,1.0,50
track_b_fra_lin_swaspr_txt_003918,track_a_fra_swa_linspr_txt_003918,lin,track_a,medium,1.0,1.0,1.0,50
track_b_fra_lin_swaspr_txt_003087,track_a_fra_swa_linspr_txt_003087,lin,track_a,high,1.0,1.0,1.0,50
track_b_fra_lin_swaspr_txt_003884,track_a_fra_swa_linspr_txt_003884,lin,track_a,medium,0.5,0.0,0.6309297535714575,50
track_b_fra_lin_swaspr_txt_001966,track_a_fra_swa_linspr_txt_001966,lin,track_a,medium,0.25,0.0,0.43067655807339306,50
track_b_fra_lin_swaspr_txt_003797,track_a_fra_swa_linspr_txt_003797,lin,track_a,high,1.0,1.0,1.0,50
track_b_fra_lin_swaspr_txt_003619,track_a_fra_swa_linspr_txt_003619,lin,track_a,high,0.09090909090909091,0.0,0.0,50
track_b_fra_lin_swaspr_txt_001801,track_a_fra_swa_linspr_txt_001801,lin,track_a,high,0.1,0.0,0.0,50
track_b_fra_lin_swaspr_txt_001586,track_a_fra_swa_linspr_txt_001586,lin,track_a,high,1.0,1.0,1.0,50
track_b_fra_lin_swaspr_txt_001402,track_a_fra_swa_linspr_txt_001402,lin,track_a,high,0.03225806451612903,0.0,0.0,50
track_b_fra_lin_swaspr_txt_000888,track_a_fra_swa_linspr_txt_000888,lin,track_a,medium,1.0,1.0,1.0,50
track_b_fra_lin_swaspr_txt_002066,track_a_fra_swa_linspr_txt_002066,lin,track_a,medium,1.0,1.0,1.0,50
track_b_fra_lin_swaspr_txt_003731,track_a_fra_swa_linspr_txt_003731,lin,track_a,high,1.0,1.0,1.0,50
track_b_fra_lin_swaspr_txt_001306,track_a_fra_swa_linspr_txt_001306,lin,track_a,high,1.0,1.0,1.0,50
track_b_fra_lin_swaspr_txt_002096,track_a_fra_swa_linspr_txt_002096,lin,track_a,high,1.0,1.0,1.0,50
track_a_fra_swa_linspr_txt_002464,track_a_fra_swa_linspr_txt_001936,swa,track_a,medium,0.125,0.0,0.0,50
track_a_fra_swa_linspr_txt_003119,track_a_fra_swa_linspr_txt_001614,swa,track_a,medium,0.14285714285714285,0.0,0.0,50
track_a_fra_swa_linspr_txt_003851,track_a_fra_swa_linspr_txt_000010,swa,track_a,high,1.0,1.0,1.0,50
track_a_fra_swa_linspr_txt_003866,track_a_fra_swa_linspr_txt_002956,swa,track_a,high,0.14285714285714285,0.0,0.0,50
track_a_fra_swa_linspr_txt_002581,track_a_fra_swa_linspr_txt_003918,swa,track_a,medium,0.25,0.0,0.43067655807339306,50
track_a_fra_swa_linspr_txt_001433,track_a_fra_swa_linspr_txt_002409,swa,track_a,medium,0.06666666666666667,0.0,0.0,50
track_a_fra_swa_linspr_txt_001255,track_a_fra_swa_linspr_txt_001385,swa,track_a,high,0.08333333333333333,0.0,0.0,50
track_a_fra_swa_linspr_txt_001543,track_a_fra_swa_linspr_txt_001260,swa,track_a,high,0.14285714285714285,0.0,0.0,50
track_a_fra_swa_linspr_txt_001212,track_a_fra_swa_linspr_txt_000481,swa,track_a,high,0.1,0.0,0.0,50
track_a_fra_swa_linspr_txt_000163,track_a_fra_swa_linspr_txt_000062,swa,track_a,high,0.5,0.0,0.6309297535714575,50
track_a_fra_swa_linspr_txt_000452,track_a_fra_swa_linspr_txt_003314,swa,track_a,high,0.3333333333333333,0.0,0.5,50
track_a_fra_swa_linspr_txt_002415,track_a_fra_swa_linspr_txt_000036,swa,track_a,high,0.09090909090909091,0.0,0.0,50
track_a_fra_swa_linspr_txt_000810,track_a_fra_swa_linspr_txt_001334,swa,track_a,high,0.5,0.0,0.6309297535714575,50
track_a_fra_swa_linspr_txt_002530,track_a_fra_swa_linspr_txt_001472,swa,track_a,high,0.14285714285714285,0.0,0.0,50
track_a_fra_swa_linspr_txt_002858,track_a_fra_swa_linspr_txt_001552,swa,track_a,high,0.058823529411764705,0.0,0.0,50
track_a_fra_swa_linspr_txt_000595,track_a_fra_swa_linspr_txt_001992,swa,track_a,medium,1.0,1.0,1.0,50
track_a_fra_swa_linspr_txt_003731,track_a_fra_swa_linspr_txt_003541,swa,track_a,high,0.25,0.0,0.43067655807339306,50
track_a_fra_swa_linspr_txt_002648,track_a_fra_swa_linspr_txt_002049,swa,track_a,high,1.0,1.0,1.0,50
track_a_fra_swa_linspr_txt_003996,track_a_fra_swa_linspr_txt_000231,swa,track_a,high,0.1,0.0,0.0,50
track_a_fra_swa_linspr_txt_002820,track_a_fra_swa_linspr_txt_001334,swa,track_a,high,0.1111111111111111,0.0,0.0,50
track_a_fra_swa_linspr_txt_001632,track_a_fra_swa_linspr_txt_001295,swa,track_a,high,0.2,0.0,0.38685280723454163,50
track_a_fra_swa_linspr_txt_001062,track_a_fra_swa_linspr_txt_001092,swa,track_a,high,0.16666666666666666,0.0,0.0,50
track_a_fra_swa_linspr_txt_001059,track_a_fra_swa_linspr_txt_001921,swa,track_a,high,0.3333333333333333,0.0,0.5,50
track_a_fra_swa_linspr_txt_003041,track_a_fra_swa_linspr_txt_001364,swa,track_a,high,0.5,0.0,0.6309297535714575,50
track_a_fra_swa_linspr_txt_003319,track_a_fra_swa_linspr_txt_001274,swa,track_a,medium,0.07142857142857142,0.0,0.0,50
track_a_fra_swa_linspr_txt_002982,track_a_fra_swa_linspr_txt_000498,swa,track_a,high,0.2,0.0,0.38685280723454163,50
track_a_fra_swa_linspr_txt_003268,track_a_fra_swa_linspr_txt_001861,swa,track_a,medium,0.16666666666666666,0.0,0.0,50
track_a_fra_swa_linspr_txt_001371,track_a_fra_swa_linspr_txt_002364,swa,track_a,medium,0.0625,0.0,0.0,50
track_a_fra_swa_linspr_txt_002859,track_a_fra_swa_linspr_txt_001614,swa,track_a,medium,0.07692307692307693,0.0,0.0,50
track_a_fra_swa_linspr_txt_003688,track_a_fra_swa_linspr_txt_001632,swa,track_a,high,0.06666666666666667,0.0,0.0,50
track_a_fra_swa_linspr_txt_001807,track_a_fra_swa_linspr_txt_002014,swa,track_a,medium,0.07142857142857142,0.0,0.0,50
track_a_fra_swa_linspr_txt_001689,track_a_fra_swa_linspr_txt_001775,swa,track_a,high,0.2,0.0,0.38685280723454163,50
track_a_fra_swa_linspr_txt_003219,track_a_fra_swa_linspr_txt_002014,swa,track_a,medium,0.06666666666666667,0.0,0.0,50
track_a_fra_swa_linspr_txt_000256,track_a_fra_swa_linspr_txt_000327,swa,track_a,high,0.1111111111111111,0.0,0.0,50
track_a_fra_swa_linspr_txt_003931,track_a_fra_swa_linspr_txt_001472,swa,track_a,medium,0.1,0.0,0.0,50
track_a_fra_swa_linspr_txt_002070,track_a_fra_swa_linspr_txt_002690,swa,track_a,high,1.0,1.0,1.0,50
track_a_fra_swa_linspr_txt_001966,track_a_fra_swa_linspr_txt_002364,swa,track_a,medium,0.08333333333333333,0.0,0.0,50
track_a_fra_swa_linspr_txt_002411,track_a_fra_swa_linspr_txt_001260,swa,track_a,high,0.1,0.0,0.0,50
track_a_fra_swa_linspr_txt_002133,track_a_fra_swa_linspr_txt_003938,swa,track_a,medium,0.16666666666666666,0.0,0.0,50
track_a_fra_swa_linspr_txt_002170,track_a_fra_swa_linspr_txt_001249,swa,track_a,high,0.0625,0.0,0.0,50
track_a_fra_swa_linspr_txt_002295,track_a_fra_swa_linspr_txt_000327,swa,track_a,high,0.3333333333333333,0.0,0.5,50
track_a_fra_swa_linspr_txt_000356,track_a_fra_swa_linspr_txt_001698,swa,track_a,high,0.038461538461538464,0.0,0.0,50
track_a_fra_swa_linspr_txt_002405,track_a_fra_swa_linspr_txt_001463,swa,track_a,medium,0.09090909090909091,0.0,0.0,50
track_a_fra_swa_linspr_txt_001270,track_a_fra_swa_linspr_txt_001338,swa,track_a,high,0.25,0.0,0.43067655807339306,50
track_a_fra_swa_linspr_txt_003595,track_a_fra_swa_linspr_txt_002024,swa,track_a,high,0.041666666666666664,0.0,0.0,50
track_a_fra_swa_linspr_txt_001573,track_a_fra_swa_linspr_txt_001270,swa,track_a,high,0.3333333333333333,0.0,0.5,50
track_a_fra_swa_linspr_txt_003282,track_a_fra_swa_linspr_txt_001745,swa,track_a,high,0.3333333333333333,0.0,0.5,50
track_a_fra_swa_linspr_txt_001295,track_a_fra_swa_linspr_txt_001632,swa,track_a,medium,0.2,0.0,0.38685280723454163,50
track_a_fra_swa_linspr_txt_003543,track_a_fra_swa_linspr_txt_002364,swa,track_a,medium,0.1,0.0,0.0,50
track_a_fra_swa_linspr_txt_000399,track_a_fra_swa_linspr_txt_000069,swa,track_a,high,0.25,0.0,0.43067655807339306,50
track_a_fra_swa_linspr_txt_003770,track_a_fra_swa_linspr_txt_001698,swa,track_a,high,0.09090909090909091,0.0,0.0,50
track_a_fra_swa_linspr_txt_002503,track_a_fra_swa_linspr_txt_001686,swa,track_a,high,0.2,0.0,0.38685280723454163,50
track_a_fra_swa_linspr_txt_001775,track_a_fra_swa_linspr_txt_001632,swa,track_a,high,0.1,0.0,0.0,50
track_a_fra_swa_linspr_txt_001845,track_a_fra_swa_linspr_txt_001334,swa,track_a,medium,0.5,0.0,0.6309297535714575,50
track_a_fra_swa_linspr_txt_001907,track_a_fra_swa_linspr_txt_001921,swa,track_a,high,0.5,0.0,0.6309297535714575,50
track_a_fra_swa_linspr_txt_001426,track_a_fra_swa_linspr_txt_001385,swa,track_a,high,0.14285714285714285,0.0,0.0,50
track_a_fra_swa_linspr_txt_002191,track_a_fra_swa_linspr_txt_001614,swa,track_a,high,0.1,0.0,0.0,50
track_a_fra_swa_linspr_txt_002251,track_a_fra_swa_linspr_txt_001367,swa,track_a,high,0.08333333333333333,0.0,0.0,50
track_a_fra_swa_linspr_txt_001108,track_a_fra_swa_linspr_txt_001463,swa,track_a,medium,0.05,0.0,0.0,50
track_a_fra_swa_linspr_txt_002218,track_a_fra_swa_linspr_txt_001953,swa,track_a,medium,0.09090909090909091,0.0,0.0,50
track_a_fra_swa_linspr_txt_000682,track_a_fra_swa_linspr_txt_000478,swa,track_a,high,0.3333333333333333,0.0,0.5,50
track_a_fra_swa_linspr_txt_000049,track_a_fra_swa_linspr_txt_001744,swa,track_a,high,1.0,1.0,1.0,50
track_a_fra_swa_linspr_txt_001360,track_a_fra_swa_linspr_txt_001472,swa,track_a,medium,0.125,0.0,0.0,50
track_a_fra_swa_linspr_txt_003550,track_a_fra_swa_linspr_txt_000231,swa,track_a,medium,0.3333333333333333,0.0,0.5,50
track_a_fra_swa_linspr_txt_001400,track_a_fra_swa_linspr_txt_003216,swa,track_a,medium,0.3333333333333333,0.0,0.5,50
track_a_fra_swa_linspr_txt_001316,track_a_fra_swa_linspr_txt_001698,swa,track_a,medium,0.1,0.0,0.0,50
track_a_fra_swa_linspr_txt_000945,track_a_fra_swa_linspr_txt_001114,swa,track_a,high,0.25,0.0,0.43067655807339306,50
track_a_fra_swa_linspr_txt_002139,track_a_fra_swa_linspr_txt_001306,swa,track_a,medium,0.1,0.0,0.0,50
track_a_fra_swa_linspr_txt_001548,track_a_fra_swa_linspr_txt_002409,swa,track_a,high,0.125,0.0,0.0,50
track_a_fra_swa_linspr_txt_002690,track_a_fra_swa_linspr_txt_002928,swa,track_a,medium,1.0,1.0,1.0,50
track_a_fra_swa_linspr_txt_000616,track_a_fra_swa_linspr_txt_000359,swa,track_a,high,1.0,1.0,1.0,50
track_a_fra_swa_linspr_txt_002385,track_a_fra_swa_linspr_txt_000892,swa,track_a,high,0.058823529411764705,0.0,0.0,50
track_a_fra_swa_linspr_txt_002174,track_a_fra_swa_linspr_txt_000478,swa,track_a,high,0.08333333333333333,0.0,0.0,50
track_a_fra_swa_linspr_txt_001936,track_a_fra_swa_linspr_txt_000231,swa,track_a,high,0.1,0.0,0.0,50
track_a_fra_swa_linspr_txt_002689,track_a_fra_swa_linspr_txt_000166,swa,track_a,high,0.1,0.0,0.0,50
track_a_fra_swa_linspr_txt_001041,track_a_fra_swa_linspr_txt_001338,swa,track_a,high,0.1,0.0,0.0,50
track_a_fra_swa_linspr_txt_003422,track_a_fra_swa_linspr_txt_000888,swa,track_a,medium,0.08333333333333333,0.0,0.0,50
track_a_fra_swa_linspr_txt_000633,track_a_fra_swa_linspr_txt_001334,swa,track_a,medium,0.07692307692307693,0.0,0.0,50
track_a_fra_swa_linspr_txt_003803,track_a_fra_swa_linspr_txt_001698,swa,track_a,medium,0.08333333333333333,0.0,0.0,50
track_a_fra_swa_linspr_txt_003387,track_a_fra_swa_linspr_txt_000590,swa,track_a,high,0.125,0.0,0.0,50
track_a_fra_swa_linspr_txt_002845,track_a_fra_swa_linspr_txt_002165,swa,track_a,high,0.2,0.0,0.38685280723454163,50
track_a_fra_swa_linspr_txt_002066,track_a_fra_swa_linspr_txt_000498,swa,track_a,high,0.25,0.0,0.43067655807339306,50
track_a_fra_swa_linspr_txt_002000,track_a_fra_swa_linspr_txt_000595,swa,track_a,medium,0.2,0.0,0.38685280723454163,50
track_a_fra_swa_linspr_txt_000190,track_a_fra_swa_linspr_txt_000010,swa,track_a,high,0.16666666666666666,0.0,0.0,50
track_a_fra_swa_linspr_txt_000586,track_a_fra_swa_linspr_txt_002024,swa,track_a,high,0.07142857142857142,0.0,0.0,50
track_a_fra_swa_linspr_txt_001953,track_a_fra_swa_linspr_txt_001249,swa,track_a,medium,1.0,1.0,1.0,50
track_a_fra_swa_linspr_txt_001921,track_a_fra_swa_linspr_txt_001614,swa,track_a,high,0.25,0.0,0.43067655807339306,50
track_a_fra_swa_linspr_txt_001060,track_a_fra_swa_linspr_txt_000498,swa,track_a,high,0.09090909090909091,0.0,0.0,50
track_a_fra_swa_linspr_txt_001759,track_a_fra_swa_linspr_txt_001686,swa,track_a,medium,0.07692307692307693,0.0,0.0,50
track_a_fra_swa_linspr_txt_001310,track_a_fra_swa_linspr_txt_001270,swa,track_a,high,0.08333333333333333,0.0,0.0,50
track_a_fra_swa_linspr_txt_001552,track_a_fra_swa_linspr_txt_002165,swa,track_a,high,0.08333333333333333,0.0,0.0,50
track_a_fra_swa_linspr_txt_000879,track_a_fra_swa_linspr_txt_001472,swa,track_a,high,0.1,0.0,0.0,50
track_a_fra_swa_linspr_txt_003541,track_a_fra_swa_linspr_txt_003665,swa,track_a,medium,0.2,0.0,0.38685280723454163,50
track_a_fra_swa_linspr_txt_000840,track_a_fra_swa_linspr_txt_002096,swa,track_a,medium,0.05263157894736842,0.0,0.0,50
track_a_fra_swa_linspr_txt_002084,track_a_fra_swa_linspr_txt_001334,swa,track_a,medium,0.07142857142857142,0.0,0.0,50
track_a_fra_swa_linspr_txt_001463,track_a_fra_swa_linspr_txt_001270,swa,track_a,high,0.07142857142857142,0.0,0.0,50
track_a_fra_swa_linspr_txt_002097,track_a_fra_swa_linspr_txt_002859,swa,track_a,high,0.1111111111111111,0.0,0.0,50
track_a_fra_swa_linspr_txt_003783,track_a_fra_swa_linspr_txt_000595,swa,track_a,high,0.3333333333333333,0.0,0.5,50
track_a_fra_swa_linspr_txt_002801,track_a_fra_swa_linspr_txt_002014,swa,track_a,medium,1.0,1.0,1.0,50
track_a_fra_swa_linspr_txt_001761,track_a_fra_swa_linspr_txt_001371,swa,track_a,high,0.2,0.0,0.38685280723454163,50
track_a_fra_swa_linspr_txt_000931,track_a_fra_swa_linspr_txt_000579,swa,track_a,high,0.14285714285714285,0.0,0.0,50
track_a_fra_swa_linspr_txt_001792,track_a_fra_swa_linspr_txt_001921,swa,track_a,high,0.1,0.0,0.0,50
track_a_fra_swa_linspr_txt_001004,track_a_fra_swa_linspr_txt_003201,swa,track_a,high,1.0,1.0,1.0,50
track_a_fra_swa_linspr_txt_003482,track_a_fra_swa_linspr_txt_002008,swa,track_a,high,0.5,0.0,0.6309297535714575,50
track_a_fra_swa_linspr_txt_003393,track_a_fra_swa_linspr_txt_001463,swa,track_a,high,0.1,0.0,0.0,50
track_a_fra_swa_linspr_txt_002128,track_a_fra_swa_linspr_txt_002411,swa,track_a,high,0.07692307692307693,0.0,0.0,50
track_a_fra_swa_linspr_txt_003792,track_a_fra_swa_linspr_txt_001371,swa,track_a,medium,0.05,0.0,0.0,50
track_a_fra_swa_linspr_txt_000638,track_a_fra_swa_linspr_txt_001734,swa,track_a,medium,0.09090909090909091,0.0,0.0,50
track_a_fra_swa_linspr_txt_001614,track_a_fra_swa_linspr_txt_001921,swa,track_a,high,1.0,1.0,1.0,50
track_a_fra_swa_linspr_txt_003442,track_a_fra_swa_linspr_txt_000041,swa,track_a,high,0.16666666666666666,0.0,0.0,50
track_a_fra_swa_linspr_txt_002974,track_a_fra_swa_linspr_txt_001614,swa,track_a,high,0.14285714285714285,0.0,0.0,50
track_a_fra_swa_linspr_txt_000481,track_a_fra_swa_linspr_txt_001364,swa,track_a,medium,0.25,0.0,0.43067655807339306,50
track_a_fra_swa_linspr_txt_002417,track_a_fra_swa_linspr_txt_001734,swa,track_a,medium,0.0625,0.0,0.0,50
track_a_fra_swa_linspr_txt_001854,track_a_fra_swa_linspr_txt_003595,swa,track_a,medium,0.125,0.0,0.0,50
track_a_fra_swa_linspr_txt_002186,track_a_fra_swa_linspr_txt_000840,swa,track_a,high,0.3333333333333333,0.0,0.5,50
track_a_fra_swa_linspr_txt_000819,track_a_fra_swa_linspr_txt_001552,swa,track_a,high,0.1,0.0,0.0,50
track_a_fra_swa_linspr_txt_001776,track_a_fra_swa_linspr_txt_000231,swa,track_a,high,0.16666666666666666,0.0,0.0,50
track_a_fra_swa_linspr_txt_001743,track_a_fra_swa_linspr_txt_000356,swa,track_a,high,0.1111111111111111,0.0,0.0,50
track_a_fra_swa_linspr_txt_001092,track_a_fra_swa_linspr_txt_001249,swa,track_a,high,0.08333333333333333,0.0,0.0,50
track_a_fra_swa_linspr_txt_002825,track_a_fra_swa_linspr_txt_003665,swa,track_a,high,0.2,0.0,0.38685280723454163,50
track_a_fra_swa_linspr_txt_002928,track_a_fra_swa_linspr_txt_002690,swa,track_a,medium,1.0,1.0,1.0,50
track_a_fra_swa_linspr_txt_003370,track_a_fra_swa_linspr_txt_003219,swa,track_a,medium,0.14285714285714285,0.0,0.0,50
track_a_fra_swa_linspr_txt_003087,track_a_fra_swa_linspr_txt_000175,swa,track_a,high,1.0,1.0,1.0,50
track_a_fra_swa_linspr_txt_001171,track_a_fra_swa_linspr_txt_000036,swa,track_a,high,0.07692307692307693,0.0,0.0,50
track_a_fra_swa_linspr_txt_001995,track_a_fra_swa_linspr_txt_002165,swa,track_a,high,0.3333333333333333,0.0,0.5,50
track_a_fra_swa_linspr_txt_001072,track_a_fra_swa_linspr_txt_000036,swa,track_a,high,0.08333333333333333,0.0,0.0,50
track_a_fra_swa_linspr_txt_000069,track_a_fra_swa_linspr_txt_000376,swa,track_a,high,0.07142857142857142,0.0,0.0,50
track_a_fra_swa_linspr_txt_002135,track_a_fra_swa_linspr_txt_001854,swa,track_a,medium,0.2,0.0,0.38685280723454163,50
track_a_fra_swa_linspr_txt_000036,track_a_fra_swa_linspr_txt_001472,swa,track_a,high,0.3333333333333333,0.0,0.5,50
track_a_fra_swa_linspr_txt_000920,track_a_fra_swa_linspr_txt_003724,swa,track_a,high,1.0,1.0,1.0,50
track_a_fra_swa_linspr_txt_001370,track_a_fra_swa_linspr_txt_001338,swa,track_a,high,0.07692307692307693,0.0,0.0,50
track_a_fra_swa_linspr_txt_003884,track_a_fra_swa_linspr_txt_001689,swa,track_a,medium,0.1,0.0,0.0,50
track_a_fra_swa_linspr_txt_002639,track_a_fra_swa_linspr_txt_001734,swa,track_a,high,0.16666666666666666,0.0,0.0,50
track_a_fra_swa_linspr_txt_000590,track_a_fra_swa_linspr_txt_001338,swa,track_a,medium,0.08333333333333333,0.0,0.0,50
track_a_fra_swa_linspr_txt_001751,track_a_fra_swa_linspr_txt_002294,swa,track_a,high,1.0,1.0,1.0,50
track_a_fra_swa_linspr_txt_000072,track_a_fra_swa_linspr_txt_002690,swa,track_a,high,0.09090909090909091,0.0,0.0,50
track_a_fra_swa_linspr_txt_001498,track_a_fra_swa_linspr_txt_001334,swa,track_a,medium,0.07692307692307693,0.0,0.0,50
track_a_fra_swa_linspr_txt_003899,track_a_fra_swa_linspr_txt_003219,swa,track_a,high,0.1,0.0,0.0,50
track_a_fra_swa_linspr_txt_001672,track_a_fra_swa_linspr_txt_000231,swa,track_a,high,0.09090909090909091,0.0,0.0,50
track_a_fra_swa_linspr_txt_003479,track_a_fra_swa_linspr_txt_002008,swa,track_a,high,0.1,0.0,0.0,50
track_a_fra_swa_linspr_txt_001863,track_a_fra_swa_linspr_txt_001334,swa,track_a,medium,1.0,1.0,1.0,50
track_a_fra_swa_linspr_txt_000544,track_a_fra_swa_linspr_txt_001698,swa,track_a,medium,0.09090909090909091,0.0,0.0,50
track_a_fra_swa_linspr_txt_003075,track_a_fra_swa_linspr_txt_001255,swa,track_a,high,0.07692307692307693,0.0,0.0,50
track_a_fra_swa_linspr_txt_000927,track_a_fra_swa_linspr_txt_000421,swa,track_a,high,0.08333333333333333,0.0,0.0,50
track_a_fra_swa_linspr_txt_002024,track_a_fra_swa_linspr_txt_002409,swa,track_a,high,0.25,0.0,0.43067655807339306,50
track_a_fra_swa_linspr_txt_000839,track_a_fra_swa_linspr_txt_001145,swa,track_a,high,1.0,1.0,1.0,50
track_a_fra_swa_linspr_txt_000744,track_a_fra_swa_linspr_txt_001249,swa,track_a,high,0.125,0.0,0.0,50
track_a_fra_swa_linspr_txt_000901,track_a_fra_swa_linspr_txt_000359,swa,track_a,high,1.0,1.0,1.0,50
track_a_fra_swa_linspr_txt_003918,track_a_fra_swa_linspr_txt_001472,swa,track_a,high,0.07692307692307693,0.0,0.0,50
track_a_fra_swa_linspr_txt_000051,track_a_fra_swa_linspr_txt_000175,swa,track_a,high,0.1,0.0,0.0,50
track_a_fra_swa_linspr_txt_003634,track_a_fra_swa_linspr_txt_001334,swa,track_a,high,0.09090909090909091,0.0,0.0,50
track_a_fra_swa_linspr_txt_000132,track_a_fra_swa_linspr_txt_001274,swa,track_a,high,0.5,0.0,0.6309297535714575,50
track_a_fra_swa_linspr_txt_001695,track_a_fra_swa_linspr_txt_001260,swa,track_a,high,0.09090909090909091,0.0,0.0,50
track_a_fra_swa_linspr_txt_003286,track_a_fra_swa_linspr_txt_001249,swa,track_a,medium,0.0625,0.0,0.0,50
track_a_fra_swa_linspr_txt_003661,track_a_fra_swa_linspr_txt_001334,swa,track_a,high,0.1111111111111111,0.0,0.0,50
track_a_fra_swa_linspr_txt_001795,track_a_fra_swa_linspr_txt_001970,swa,track_a,medium,1.0,1.0,1.0,50
track_a_fra_swa_linspr_txt_003534,track_a_fra_swa_linspr_txt_001970,swa,track_a,high,0.08333333333333333,0.0,0.0,50
track_a_fra_swa_linspr_txt_001575,track_a_fra_swa_linspr_txt_000175,swa,track_a,medium,0.125,0.0,0.0,50
track_a_fra_swa_linspr_txt_003665,track_a_fra_swa_linspr_txt_003541,swa,track_a,high,0.125,0.0,0.0,50
track_a_fra_swa_linspr_txt_003200,track_a_fra_swa_linspr_txt_002364,swa,track_a,high,0.5,0.0,0.6309297535714575,50
track_a_fra_swa_linspr_txt_001261,track_a_fra_swa_linspr_txt_001632,swa,track_a,medium,0.08333333333333333,0.0,0.0,50
track_a_fra_swa_linspr_txt_002364,track_a_fra_swa_linspr_txt_002409,swa,track_a,medium,0.07142857142857142,0.0,0.0,50
track_a_fra_swa_linspr_txt_002632,track_a_fra_swa_linspr_txt_003314,swa,track_a,high,0.08333333333333333,0.0,0.0,50
track_a_fra_swa_linspr_txt_003331,track_a_fra_swa_linspr_txt_003665,swa,track_a,medium,0.1,0.0,0.0,50
track_a_fra_swa_linspr_txt_000231,track_a_fra_swa_linspr_txt_003112,swa,track_a,medium,0.1111111111111111,0.0,0.0,50
track_a_fra_swa_linspr_txt_002409,track_a_fra_swa_linspr_txt_002024,swa,track_a,high,0.1111111111111111,0.0,0.0,50
track_a_fra_swa_linspr_txt_002654,track_a_fra_swa_linspr_txt_002165,swa,track_a,medium,0.09090909090909091,0.0,0.0,50
track_a_fra_swa_linspr_txt_002169,track_a_fra_swa_linspr_txt_000461,swa,track_a,high,1.0,1.0,1.0,50
track_a_fra_swa_linspr_txt_003251,track_a_fra_swa_linspr_txt_001632,swa,track_a,high,0.08333333333333333,0.0,0.0,50
track_a_fra_swa_linspr_txt_000953,track_a_fra_swa_linspr_txt_000840,swa,track_a,high,1.0,1.0,1.0,50
track_a_fra_swa_linspr_txt_003077,track_a_fra_swa_linspr_txt_000586,swa,track_a,high,0.2,0.0,0.38685280723454163,50
track_a_fra_swa_linspr_txt_001437,track_a_fra_swa_linspr_txt_000595,swa,track_a,high,0.14285714285714285,0.0,0.0,50
track_a_fra_swa_linspr_txt_001142,track_a_fra_swa_linspr_txt_001472,swa,track_a,high,0.16666666666666666,0.0,0.0,50
track_a_fra_swa_linspr_txt_000050,track_a_fra_swa_linspr_txt_000888,swa,track_a,high,0.125,0.0,0.0,50
track_a_fra_swa_linspr_txt_002096,track_a_fra_swa_linspr_txt_001260,swa,track_a,medium,0.1,0.0,0.0,50
track_a_fra_swa_linspr_txt_001861,track_a_fra_swa_linspr_txt_001698,swa,track_a,high,0.2,0.0,0.38685280723454163,50
track_a_fra_swa_linspr_txt_003063,track_a_fra_swa_linspr_txt_003963,swa,track_a,high,1.0,1.0,1.0,50
track_a_fra_swa_linspr_txt_001445,track_a_fra_swa_linspr_txt_001614,swa,track_a,high,0.07692307692307693,0.0,0.0,50
track_a_fra_swa_linspr_txt_001869,track_a_fra_swa_linspr_txt_000062,swa,track_a,medium,1.0,1.0,1.0,50
track_a_fra_swa_linspr_txt_002743,track_a_fra_swa_linspr_txt_002024,swa,track_a,high,0.07142857142857142,0.0,0.0,50
track_a_fra_swa_linspr_txt_002250,track_a_fra_swa_linspr_txt_001357,swa,track_a,high,0.14285714285714285,0.0,0.0,50
track_a_fra_swa_linspr_txt_002468,track_a_fra_swa_linspr_txt_001531,swa,track_a,high,0.07142857142857142,0.0,0.0,50
track_a_fra_swa_linspr_txt_002014,track_a_fra_swa_linspr_txt_003219,swa,track_a,medium,0.06666666666666667,0.0,0.0,50
track_a_fra_swa_linspr_txt_002099,track_a_fra_swa_linspr_txt_001338,swa,track_a,high,0.08333333333333333,0.0,0.0,50
track_a_fra_swa_linspr_txt_003795,track_a_fra_swa_linspr_txt_002113,swa,track_a,high,1.0,1.0,1.0,50
track_a_fra_swa_linspr_txt_000478,track_a_fra_swa_linspr_txt_001542,swa,track_a,high,0.1,0.0,0.0,50
track_a_fra_swa_linspr_txt_003598,track_a_fra_swa_linspr_txt_001249,swa,track_a,high,0.08333333333333333,0.0,0.0,50
track_a_fra_swa_linspr_txt_002516,track_a_fra_swa_linspr_txt_000812,swa,track_a,high,0.14285714285714285,0.0,0.0,50
track_a_fra_swa_linspr_txt_001935,track_a_fra_swa_linspr_txt_002008,swa,track_a,medium,0.25,0.0,0.43067655807339306,50
track_a_fra_swa_linspr_txt_000985,track_a_fra_swa_linspr_txt_000878,swa,track_a,high,1.0,1.0,1.0,50
track_a_fra_swa_linspr_txt_003084,track_a_fra_swa_linspr_txt_001686,swa,track_a,high,0.16666666666666666,0.0,0.0,50
track_a_fra_swa_linspr_txt_001858,track_a_fra_swa_linspr_txt_000452,swa,track_a,medium,0.2,0.0,0.38685280723454163,50
track_a_fra_swa_linspr_txt_001478,track_a_fra_swa_linspr_txt_001338,swa,track_a,high,0.1,0.0,0.0,50
track_a_fra_swa_linspr_txt_002608,track_a_fra_swa_linspr_txt_001367,swa,track_a,high,0.06666666666666667,0.0,0.0,50
track_a_fra_swa_linspr_txt_002122,track_a_fra_swa_linspr_txt_001360,swa,track_a,medium,0.09090909090909091,0.0,0.0,50
track_a_fra_swa_linspr_txt_000559,track_a_fra_swa_linspr_txt_001260,swa,track_a,high,0.06666666666666667,0.0,0.0,50
track_a_fra_swa_linspr_txt_002063,track_a_fra_swa_linspr_txt_000498,swa,track_a,high,0.1111111111111111,0.0,0.0,50
track_a_fra_swa_linspr_txt_000227,track_a_fra_swa_linspr_txt_000670,swa,track_a,high,0.16666666666666666,0.0,0.0,50
track_a_fra_swa_linspr_txt_000878,track_a_fra_swa_linspr_txt_000985,swa,track_a,high,0.5,0.0,0.6309297535714575,50
track_a_fra_swa_linspr_txt_000888,track_a_fra_swa_linspr_txt_002411,swa,track_a,high,0.08333333333333333,0.0,0.0,50
track_a_fra_swa_linspr_txt_002261,track_a_fra_swa_linspr_txt_001316,swa,track_a,high,1.0,1.0,1.0,50
track_a_fra_swa_linspr_txt_003475,track_a_fra_swa_linspr_txt_001306,swa,track_a,medium,0.08333333333333333,0.0,0.0,50
track_a_fra_swa_linspr_txt_000266,track_a_fra_swa_linspr_txt_001367,swa,track_a,high,1.0,1.0,1.0,50
track_a_fra_swa_linspr_txt_003568,track_a_fra_swa_linspr_txt_001698,swa,track_a,medium,0.1,0.0,0.0,50
track_a_fra_swa_linspr_txt_000175,track_a_fra_swa_linspr_txt_002165,swa,track_a,medium,0.08333333333333333,0.0,0.0,50
track_a_fra_swa_linspr_txt_003549,track_a_fra_swa_linspr_txt_002014,swa,track_a,high,1.0,1.0,1.0,50
track_a_fra_swa_linspr_txt_003392,track_a_fra_swa_linspr_txt_002364,swa,track_a,high,1.0,1.0,1.0,50
track_a_fra_swa_linspr_txt_002921,track_a_fra_swa_linspr_txt_003688,swa,track_a,medium,0.3333333333333333,0.0,0.5,50
track_a_fra_swa_linspr_txt_001698,track_a_fra_swa_linspr_txt_002956,swa,track_a,medium,0.1,0.0,0.0,50
track_a_fra_swa_linspr_txt_001537,track_a_fra_swa_linspr_txt_001921,swa,track_a,medium,0.25,0.0,0.43067655807339306,50
track_a_fra_swa_linspr_txt_001744,track_a_fra_swa_linspr_txt_002066,swa,track_a,high,0.25,0.0,0.43067655807339306,50
track_a_fra_swa_linspr_txt_000861,track_a_fra_swa_linspr_txt_001260,swa,track_a,high,0.5,0.0,0.6309297535714575,50
track_a_fra_swa_linspr_txt_002389,track_a_fra_swa_linspr_txt_000632,swa,track_a,high,0.3333333333333333,0.0,0.5,50
track_a_fra_swa_linspr_txt_000359,track_a_fra_swa_linspr_txt_001108,swa,track_a,high,0.08333333333333333,0.0,0.0,50
track_a_fra_swa_linspr_txt_001324,track_a_fra_swa_linspr_txt_000840,swa,track_a,medium,0.07142857142857142,0.0,0.0,50
track_a_fra_swa_linspr_txt_000300,track_a_fra_swa_linspr_txt_000062,swa,track_a,high,0.25,0.0,0.43067655807339306,50
track_a_fra_swa_linspr_txt_002836,track_a_fra_swa_linspr_txt_000586,swa,track_a,high,0.3333333333333333,0.0,0.5,50
track_a_fra_swa_linspr_txt_000670,track_a_fra_swa_linspr_txt_001698,swa,track_a,medium,0.07142857142857142,0.0,0.0,50
track_a_fra_swa_linspr_txt_000084,track_a_fra_swa_linspr_txt_000314,swa,track_a,high,1.0,1.0,1.0,50
track_a_fra_swa_linspr_txt_000083,track_a_fra_swa_linspr_txt_000726,swa,track_a,high,0.16666666666666666,0.0,0.0,50
track_a_fra_swa_linspr_txt_003966,track_a_fra_swa_linspr_txt_000840,swa,track_a,medium,0.1111111111111111,0.0,0.0,50
track_a_fra_swa_linspr_txt_003271,track_a_fra_swa_linspr_txt_001463,swa,track_a,high,0.07142857142857142,0.0,0.0,50
track_a_fra_swa_linspr_txt_003270,track_a_fra_swa_linspr_txt_001260,swa,track_a,medium,0.0625,0.0,0.0,50
track_a_fra_swa_linspr_txt_001748,track_a_fra_swa_linspr_txt_001463,swa,track_a,high,0.06666666666666667,0.0,0.0,50
track_a_fra_swa_linspr_txt_003958,track_a_fra_swa_linspr_txt_003314,swa,track_a,high,0.1,0.0,0.0,50
track_a_fra_swa_linspr_txt_001357,track_a_fra_swa_linspr_txt_003314,swa,track_a,medium,0.16666666666666666,0.0,0.0,50
track_a_fra_swa_linspr_txt_003724,track_a_fra_swa_linspr_txt_002014,swa,track_a,medium,0.14285714285714285,0.0,0.0,50
track_a_fra_swa_linspr_txt_001745,track_a_fra_swa_linspr_txt_002024,swa,track_a,medium,0.1,0.0,0.0,50
track_a_fra_swa_linspr_txt_001169,track_a_fra_swa_linspr_txt_001992,swa,track_a,high,0.2,0.0,0.38685280723454163,50
track_a_fra_swa_linspr_txt_002423,track_a_fra_swa_linspr_txt_003219,swa,track_a,high,0.08333333333333333,0.0,0.0,50
track_a_fra_swa_linspr_txt_002596,track_a_fra_swa_linspr_txt_001260,swa,track_a,medium,0.08333333333333333,0.0,0.0,50
track_a_fra_swa_linspr_txt_000845,track_a_fra_swa_linspr_txt_003314,swa,track_a,high,0.06666666666666667,0.0,0.0,50
track_a_fra_swa_linspr_txt_003039,track_a_fra_swa_linspr_txt_001338,swa,track_a,medium,0.07692307692307693,0.0,0.0,50
track_a_fra_swa_linspr_txt_000924,track_a_fra_swa_linspr_txt_003665,swa,track_a,high,0.5,0.0,0.6309297535714575,50
track_a_fra_swa_linspr_txt_001242,track_a_fra_swa_linspr_txt_001463,swa,track_a,high,0.1,0.0,0.0,50
track_a_fra_swa_linspr_txt_000421,track_a_fra_swa_linspr_txt_001338,swa,track_a,high,0.2,0.0,0.38685280723454163,50
track_a_fra_swa_linspr_txt_002450,track_a_fra_swa_linspr_txt_000166,swa,track_a,high,0.09090909090909091,0.0,0.0,50
track_a_fra_swa_linspr_txt_003403,track_a_fra_swa_linspr_txt_001686,swa,track_a,medium,0.1111111111111111,0.0,0.0,50
track_a_fra_swa_linspr_txt_001942,track_a_fra_swa_linspr_txt_001295,swa,track_a,high,0.16666666666666666,0.0,0.0,50
track_a_fra_swa_linspr_txt_003992,track_a_fra_swa_linspr_txt_002165,swa,track_a,medium,0.16666666666666666,0.0,0.0,50
track_a_fra_swa_linspr_txt_002377,track_a_fra_swa_linspr_txt_001472,swa,track_a,medium,0.16666666666666666,0.0,0.0,50
track_a_fra_swa_linspr_txt_003928,track_a_fra_swa_linspr_txt_000888,swa,track_a,high,1.0,1.0,1.0,50
track_a_fra_swa_linspr_txt_001992,track_a_fra_swa_linspr_txt_002165,swa,track_a,medium,0.1,0.0,0.0,50
track_a_fra_swa_linspr_txt_002271,track_a_fra_swa_linspr_txt_000888,swa,track_a,high,0.16666666666666666,0.0,0.0,50
track_a_fra_swa_linspr_txt_000885,track_a_fra_swa_linspr_txt_002008,swa,track_a,high,0.1111111111111111,0.0,0.0,50
track_a_fra_swa_linspr_txt_002996,track_a_fra_swa_linspr_txt_000595,swa,track_a,high,0.1111111111111111,0.0,0.0,50
track_a_fra_swa_linspr_txt_001154,track_a_fra_swa_linspr_txt_000069,swa,track_a,high,0.5,0.0,0.6309297535714575,50
track_a_fra_swa_linspr_txt_000909,track_a_fra_swa_linspr_txt_001316,swa,track_a,medium,0.09090909090909091,0.0,0.0,50
track_a_fra_swa_linspr_txt_003617,track_a_fra_swa_linspr_txt_000481,swa,track_a,medium,0.06666666666666667,0.0,0.0,50
track_a_fra_swa_linspr_txt_003216,track_a_fra_swa_linspr_txt_001334,swa,track_a,high,0.3333333333333333,0.0,0.5,50
track_a_fra_swa_linspr_txt_003223,track_a_fra_swa_linspr_txt_001385,swa,track_a,medium,0.09090909090909091,0.0,0.0,50
track_a_fra_swa_linspr_txt_001385,track_a_fra_swa_linspr_txt_001260,swa,track_a,high,0.25,0.0,0.43067655807339306,50
track_a_fra_swa_linspr_txt_000327,track_a_fra_swa_linspr_txt_002295,swa,track_a,medium,0.09090909090909091,0.0,0.0,50
track_a_fra_swa_linspr_txt_001334,track_a_fra_swa_linspr_txt_003216,swa,track_a,high,0.16666666666666666,0.0,0.0,50
track_a_fra_swa_linspr_txt_001531,track_a_fra_swa_linspr_txt_001255,swa,track_a,medium,0.07692307692307693,0.0,0.0,50
track_a_fra_swa_linspr_txt_001114,track_a_fra_swa_linspr_txt_000231,swa,track_a,medium,0.5,0.0,0.6309297535714575,50
track_a_fra_swa_linspr_txt_002053,track_a_fra_swa_linspr_txt_001367,swa,track_a,high,0.08333333333333333,0.0,0.0,50
track_a_fra_swa_linspr_txt_002283,track_a_fra_swa_linspr_txt_001338,swa,track_a,medium,0.09090909090909091,0.0,0.0,50
track_a_fra_swa_linspr_txt_000632,track_a_fra_swa_linspr_txt_001364,swa,track_a,medium,0.3333333333333333,0.0,0.5,50
track_a_fra_swa_linspr_txt_003112,track_a_fra_swa_linspr_txt_002196,swa,track_a,high,0.16666666666666666,0.0,0.0,50
track_a_fra_swa_linspr_txt_003781,track_a_fra_swa_linspr_txt_001338,swa,track_a,high,0.1,0.0,0.0,50
track_a_fra_swa_linspr_txt_002270,track_a_fra_swa_linspr_txt_000885,swa,track_a,high,0.2,0.0,0.38685280723454163,50
track_a_fra_swa_linspr_txt_003454,track_a_fra_swa_linspr_txt_001445,swa,track_a,high,0.06666666666666667,0.0,0.0,50
track_a_fra_swa_linspr_txt_001364,track_a_fra_swa_linspr_txt_001472,swa,track_a,medium,1.0,1.0,1.0,50
track_a_fra_swa_linspr_txt_000216,track_a_fra_swa_linspr_txt_000175,swa,track_a,high,0.1,0.0,0.0,50
track_a_fra_swa_linspr_txt_001574,track_a_fra_swa_linspr_txt_001249,swa,track_a,high,0.2,0.0,0.38685280723454163,50
track_a_fra_swa_linspr_txt_003777,track_a_fra_swa_linspr_txt_000606,swa,track_a,high,0.09090909090909091,0.0,0.0,50
track_a_fra_swa_linspr_txt_002175,track_a_fra_swa_linspr_txt_001698,swa,track_a,high,0.14285714285714285,0.0,0.0,50
track_a_fra_swa_linspr_txt_002113,track_a_fra_swa_linspr_txt_001861,swa,track_a,medium,0.14285714285714285,0.0,0.0,50
track_a_fra_swa_linspr_txt_000376,track_a_fra_swa_linspr_txt_001698,swa,track_a,high,0.1111111111111111,0.0,0.0,50
track_a_fra_swa_linspr_txt_003182,track_a_fra_swa_linspr_txt_001921,swa,track_a,high,0.5,0.0,0.6309297535714575,50
track_a_fra_swa_linspr_txt_001198,track_a_fra_swa_linspr_txt_000036,swa,track_a,high,0.5,0.0,0.6309297535714575,50
track_a_fra_swa_linspr_txt_000579,track_a_fra_swa_linspr_txt_000840,swa,track_a,high,0.5,0.0,0.6309297535714575,50
track_a_fra_swa_linspr_txt_000168,track_a_fra_swa_linspr_txt_001478,swa,track_a,high,0.5,0.0,0.6309297535714575,50
track_a_fra_swa_linspr_txt_002300,track_a_fra_swa_linspr_txt_000544,swa,track_a,high,0.25,0.0,0.43067655807339306,50
track_a_fra_swa_linspr_txt_002332,track_a_fra_swa_linspr_txt_002314,swa,track_a,high,0.5,0.0,0.6309297535714575,50
track_a_fra_swa_linspr_txt_003756,track_a_fra_swa_linspr_txt_000496,swa,track_a,high,0.14285714285714285,0.0,0.0,50
track_a_fra_swa_linspr_txt_001029,track_a_fra_swa_linspr_txt_001472,swa,track_a,medium,0.1,0.0,0.0,50
track_a_fra_swa_linspr_txt_000608,track_a_fra_swa_linspr_txt_000840,swa,track_a,medium,0.3333333333333333,0.0,0.5,50
track_a_fra_swa_linspr_txt_002196,track_a_fra_swa_linspr_txt_001338,swa,track_a,high,0.08333333333333333,0.0,0.0,50
track_a_fra_swa_linspr_txt_003887,track_a_fra_swa_linspr_txt_001334,swa,track_a,medium,0.07692307692307693,0.0,0.0,50
track_a_fra_swa_linspr_txt_001402,track_a_fra_swa_linspr_txt_001854,swa,track_a,high,1.0,1.0,1.0,50
track_a_fra_swa_linspr_txt_000726,track_a_fra_swa_linspr_txt_003541,swa,track_a,medium,0.1111111111111111,0.0,0.0,50
track_a_fra_swa_linspr_txt_001611,track_a_fra_swa_linspr_txt_002364,swa,track_a,medium,0.09090909090909091,0.0,0.0,50
track_a_fra_swa_linspr_txt_001490,track_a_fra_swa_linspr_txt_000175,swa,track_a,high,0.25,0.0,0.43067655807339306,50
track_a_fra_swa_linspr_txt_000277,track_a_fra_swa_linspr_txt_001371,swa,track_a,high,0.041666666666666664,0.0,0.0,50
track_a_fra_swa_linspr_txt_000612,track_a_fra_swa_linspr_txt_001745,swa,track_a,high,0.3333333333333333,0.0,0.5,50
track_a_fra_swa_linspr_txt_002104,track_a_fra_swa_linspr_txt_003271,swa,track_a,medium,0.16666666666666666,0.0,0.0,50
track_a_fra_swa_linspr_txt_000961,track_a_fra_swa_linspr_txt_001249,swa,track_a,high,0.07142857142857142,0.0,0.0,50
track_a_fra_swa_linspr_txt_003291,track_a_fra_swa_linspr_txt_002409,swa,track_a,medium,0.1,0.0,0.0,50
track_a_fra_swa_linspr_txt_003733,track_a_fra_swa_linspr_txt_001936,swa,track_a,medium,0.5,0.0,0.6309297535714575,50
track_a_fra_swa_linspr_txt_000892,track_a_fra_swa_linspr_txt_001364,swa,track_a,high,0.1,0.0,0.0,50
track_a_fra_swa_linspr_txt_003860,track_a_fra_swa_linspr_txt_000845,swa,track_a,medium,0.14285714285714285,0.0,0.0,50
track_a_fra_swa_linspr_txt_002956,track_a_fra_swa_linspr_txt_001698,swa,track_a,high,0.07142857142857142,0.0,0.0,50
track_a_fra_swa_linspr_txt_000912,track_a_fra_swa_linspr_txt_002096,swa,track_a,medium,0.09090909090909091,0.0,0.0,50
track_a_fra_swa_linspr_txt_000353,track_a_fra_swa_linspr_txt_000327,swa,track_a,high,0.06666666666666667,0.0,0.0,50
track_a_fra_swa_linspr_txt_002140,track_a_fra_swa_linspr_txt_001614,swa,track_a,medium,0.1,0.0,0.0,50
track_a_fra_swa_linspr_txt_003983,track_a_fra_swa_linspr_txt_001869,swa,track_a,high,0.1111111111111111,0.0,0.0,50
track_a_fra_swa_linspr_txt_003048,track_a_fra_swa_linspr_txt_000892,swa,track_a,high,0.08333333333333333,0.0,0.0,50
track_a_fra_swa_linspr_txt_000812,track_a_fra_swa_linspr_txt_000840,swa,track_a,medium,0.1,0.0,0.0,50
track_a_fra_swa_linspr_txt_001542,track_a_fra_swa_linspr_txt_001260,swa,track_a,high,0.2,0.0,0.38685280723454163,50
track_a_fra_swa_linspr_txt_001970,track_a_fra_swa_linspr_txt_003216,swa,track_a,medium,0.06666666666666667,0.0,0.0,50
track_a_fra_swa_linspr_txt_001215,track_a_fra_swa_linspr_txt_002196,swa,track_a,high,1.0,1.0,1.0,50
track_a_fra_swa_linspr_txt_003180,track_a_fra_swa_linspr_txt_001992,swa,track_a,high,0.1,0.0,0.0,50
track_a_fra_swa_linspr_txt_001686,track_a_fra_swa_linspr_txt_002690,swa,track_a,medium,0.08333333333333333,0.0,0.0,50
track_a_fra_swa_linspr_txt_000869,track_a_fra_swa_linspr_txt_000175,swa,track_a,high,1.0,1.0,1.0,50
track_a_fra_swa_linspr_txt_000041,track_a_fra_swa_linspr_txt_003442,swa,track_a,high,0.16666666666666666,0.0,0.0,50
track_a_fra_swa_linspr_txt_000606,track_a_fra_swa_linspr_txt_000953,swa,track_a,medium,0.25,0.0,0.43067655807339306,50
track_a_fra_swa_linspr_txt_003797,track_a_fra_swa_linspr_txt_002186,swa,track_a,medium,0.16666666666666666,0.0,0.0,50
track_a_fra_swa_linspr_txt_001734,track_a_fra_swa_linspr_txt_001992,swa,track_a,medium,0.0625,0.0,0.0,50
track_a_fra_swa_linspr_txt_002236,track_a_fra_swa_linspr_txt_001932,swa,track_a,high,1.0,1.0,1.0,50
track_a_fra_swa_linspr_txt_003439,track_a_fra_swa_linspr_txt_002014,swa,track_a,high,0.058823529411764705,0.0,0.0,50
track_a_fra_swa_linspr_txt_003597,track_a_fra_swa_linspr_txt_000840,swa,track_a,high,0.1111111111111111,0.0,0.0,50
track_a_fra_swa_linspr_txt_002793,track_a_fra_swa_linspr_txt_001761,swa,track_a,high,0.3333333333333333,0.0,0.5,50
track_a_fra_swa_linspr_txt_002165,track_a_fra_swa_linspr_txt_002008,swa,track_a,medium,0.1,0.0,0.0,50
track_a_fra_swa_linspr_txt_003293,track_a_fra_swa_linspr_txt_001041,swa,track_a,high,0.25,0.0,0.43067655807339306,50
track_a_fra_swa_linspr_txt_000062,track_a_fra_swa_linspr_txt_001869,swa,track_a,high,1.0,1.0,1.0,50
track_a_fra_swa_linspr_txt_003960,track_a_fra_swa_linspr_txt_001360,swa,track_a,high,0.08333333333333333,0.0,0.0,50
track_a_fra_swa_linspr_txt_003963,track_a_fra_swa_linspr_txt_001734,swa,track_a,high,0.07692307692307693,0.0,0.0,50
track_a_fra_swa_linspr_txt_000533,track_a_fra_swa_linspr_txt_001371,swa,track_a,high,0.125,0.0,0.0,50
track_a_fra_swa_linspr_txt_002231,track_a_fra_swa_linspr_txt_001334,swa,track_a,medium,0.1,0.0,0.0,50
track_a_fra_swa_linspr_txt_002878,track_a_fra_swa_linspr_txt_001698,swa,track_a,high,0.08333333333333333,0.0,0.0,50
track_a_fra_swa_linspr_txt_002803,track_a_fra_swa_linspr_txt_002921,swa,track_a,high,0.5,0.0,0.6309297535714575,50
track_a_fra_swa_linspr_txt_003201,track_a_fra_swa_linspr_txt_001306,swa,track_a,medium,0.08333333333333333,0.0,0.0,50
track_a_fra_swa_linspr_txt_003938,track_a_fra_swa_linspr_txt_002014,swa,track_a,medium,0.07692307692307693,0.0,0.0,50
track_a_fra_swa_linspr_txt_000899,track_a_fra_swa_linspr_txt_001255,swa,track_a,medium,0.1,0.0,0.0,50
track_a_fra_swa_linspr_txt_001367,track_a_fra_swa_linspr_txt_002608,swa,track_a,high,0.05555555555555555,0.0,0.0,50
track_a_fra_swa_linspr_txt_002837,track_a_fra_swa_linspr_txt_001316,swa,track_a,high,0.1,0.0,0.0,50
track_a_fra_swa_linspr_txt_003188,track_a_fra_swa_linspr_txt_002409,swa,track_a,medium,0.1,0.0,0.0,50
track_a_fra_swa_linspr_txt_001338,track_a_fra_swa_linspr_txt_001270,swa,track_a,high,0.16666666666666666,0.0,0.0,50
track_a_fra_swa_linspr_txt_001806,track_a_fra_swa_linspr_txt_000612,swa,track_a,high,0.5,0.0,0.6309297535714575,50
track_a_fra_swa_linspr_txt_002294,track_a_fra_swa_linspr_txt_001338,swa,track_a,high,0.058823529411764705,0.0,0.0,50
track_a_fra_swa_linspr_txt_002587,track_a_fra_swa_linspr_txt_000496,swa,track_a,high,0.08333333333333333,0.0,0.0,50
track_a_fra_swa_linspr_txt_000738,track_a_fra_swa_linspr_txt_000036,swa,track_a,high,1.0,1.0,1.0,50
track_a_fra_swa_linspr_txt_001145,track_a_fra_swa_linspr_txt_001306,swa,track_a,high,0.09090909090909091,0.0,0.0,50
track_a_fra_swa_linspr_txt_000166,track_a_fra_swa_linspr_txt_001092,swa,track_a,high,0.3333333333333333,0.0,0.5,50
track_a_fra_swa_linspr_txt_000461,track_a_fra_swa_linspr_txt_002364,swa,track_a,high,0.08333333333333333,0.0,0.0,50
track_a_fra_swa_linspr_txt_001586,track_a_fra_swa_linspr_txt_000498,swa,track_a,high,0.16666666666666666,0.0,0.0,50
track_a_fra_swa_linspr_txt_003991,track_a_fra_swa_linspr_txt_002014,swa,track_a,medium,0.2,0.0,0.38685280723454163,50
track_a_fra_swa_linspr_txt_002023,track_a_fra_swa_linspr_txt_002859,swa,track_a,medium,0.25,0.0,0.43067655807339306,50
track_a_fra_swa_linspr_txt_003507,track_a_fra_swa_linspr_txt_001274,swa,track_a,medium,0.06666666666666667,0.0,0.0,50
track_a_fra_swa_linspr_txt_000831,track_a_fra_swa_linspr_txt_000879,swa,track_a,high,0.1111111111111111,0.0,0.0,50
track_a_fra_swa_linspr_txt_000314,track_a_fra_swa_linspr_txt_000084,swa,track_a,high,1.0,1.0,1.0,50
track_a_fra_swa_linspr_txt_001626,track_a_fra_swa_linspr_txt_001338,swa,track_a,high,0.125,0.0,0.0,50
track_a_fra_swa_linspr_txt_001249,track_a_fra_swa_linspr_txt_001698,swa,track_a,high,0.06666666666666667,0.0,0.0,50
track_a_fra_swa_linspr_txt_003988,track_a_fra_swa_linspr_txt_001472,swa,track_a,medium,0.09090909090909091,0.0,0.0,50
track_a_fra_swa_linspr_txt_002510,track_a_fra_swa_linspr_txt_001306,swa,track_a,medium,0.1,0.0,0.0,50
track_a_fra_swa_linspr_txt_002623,track_a_fra_swa_linspr_txt_002364,swa,track_a,high,0.0625,0.0,0.0,50
track_a_fra_swa_linspr_txt_001932,track_a_fra_swa_linspr_txt_002236,swa,track_a,high,0.5,0.0,0.6309297535714575,50
track_a_fra_swa_linspr_txt_001801,track_a_fra_swa_linspr_txt_001334,swa,track_a,medium,1.0,1.0,1.0,50
track_a_fra_swa_linspr_txt_003107,track_a_fra_swa_linspr_txt_002000,swa,track_a,high,0.3333333333333333,0.0,0.5,50
track_a_fra_swa_linspr_txt_003218,track_a_fra_swa_linspr_txt_001573,swa,track_a,high,0.1,0.0,0.0,50
track_a_fra_swa_linspr_txt_000498,track_a_fra_swa_linspr_txt_002066,swa,track_a,high,0.16666666666666666,0.0,0.0,50
track_a_fra_swa_linspr_txt_001472,track_a_fra_swa_linspr_txt_001360,swa,track_a,medium,0.1111111111111111,0.0,0.0,50
track_a_fra_swa_linspr_txt_000010,track_a_fra_swa_linspr_txt_003851,swa,track_a,medium,1.0,1.0,1.0,50
track_a_fra_swa_linspr_txt_001910,track_a_fra_swa_linspr_txt_002140,swa,track_a,high,1.0,1.0,1.0,50
track_a_fra_swa_linspr_txt_002459,track_a_fra_swa_linspr_txt_000840,swa,track_a,high,0.5,0.0,0.6309297535714575,50
track_a_fra_swa_linspr_txt_001260,track_a_fra_swa_linspr_txt_001385,swa,track_a,high,0.09090909090909091,0.0,0.0,50
track_a_fra_swa_linspr_txt_002008,track_a_fra_swa_linspr_txt_002165,swa,track_a,medium,0.2,0.0,0.38685280723454163,50
track_a_fra_swa_linspr_txt_002314,track_a_fra_swa_linspr_txt_001371,swa,track_a,high,0.1,0.0,0.0,50
track_a_fra_swa_linspr_txt_002060,track_a_fra_swa_linspr_txt_001698,swa,track_a,high,0.08333333333333333,0.0,0.0,50
track_a_fra_swa_linspr_txt_000144,track_a_fra_swa_linspr_txt_001574,swa,track_a,medium,0.16666666666666666,0.0,0.0,50
track_a_fra_swa_linspr_txt_003910,track_a_fra_swa_linspr_txt_001921,swa,track_a,high,0.5,0.0,0.6309297535714575,50
track_a_fra_swa_linspr_txt_003283,track_a_fra_swa_linspr_txt_002096,swa,track_a,medium,0.08333333333333333,0.0,0.0,50
track_a_fra_swa_linspr_txt_001882,track_a_fra_swa_linspr_txt_001338,swa,track_a,medium,0.06666666666666667,0.0,0.0,50
track_a_fra_swa_linspr_txt_001274,track_a_fra_swa_linspr_txt_001632,swa,track_a,medium,0.16666666666666666,0.0,0.0,50
track_a_fra_swa_linspr_txt_003314,track_a_fra_swa_linspr_txt_001270,swa,track_a,high,0.1,0.0,0.0,50
track_a_fra_swa_linspr_txt_003005,track_a_fra_swa_linspr_txt_002096,swa,track_a,high,0.1,0.0,0.0,50
track_a_fra_swa_linspr_txt_002957,track_a_fra_swa_linspr_txt_001367,swa,track_a,high,1.0,1.0,1.0,50
track_a_fra_swa_linspr_txt_000496,track_a_fra_swa_linspr_txt_003216,swa,track_a,high,1.0,1.0,1.0,50
track_a_fra_swa_linspr_txt_002262,track_a_fra_swa_linspr_txt_001698,swa,track_a,high,0.1,0.0,0.0,50
track_a_fra_swa_linspr_txt_002049,track_a_fra_swa_linspr_txt_002063,swa,track_a,high,1.0,1.0,1.0,50
track_a_fra_swa_linspr_txt_001128,track_a_fra_swa_linspr_txt_001338,swa,track_a,medium,0.07692307692307693,0.0,0.0,50
track_a_fra_swa_linspr_txt_002747,track_a_fra_swa_linspr_txt_001932,swa,track_a,high,0.1,0.0,0.0,50
track_a_fra_swa_linspr_txt_002474,track_a_fra_swa_linspr_txt_001614,swa,track_a,high,0.1111111111111111,0.0,0.0,50
track_a_fra_swa_linspr_txt_002806,track_a_fra_swa_linspr_txt_001128,swa,track_a,medium,0.25,0.0,0.43067655807339306,50
track_a_fra_swa_linspr_txt_002233,track_a_fra_swa_linspr_txt_001364,swa,track_a,medium,0.09090909090909091,0.0,0.0,50
track_a_fra_swa_linspr_txt_001485,track_a_fra_swa_linspr_txt_001114,swa,track_a,high,0.5,0.0,0.6309297535714575,50
track_a_fra_swa_linspr_txt_001197,track_a_fra_swa_linspr_txt_000496,swa,track_a,high,0.07692307692307693,0.0,0.0,50
track_a_fra_swa_linspr_txt_000764,track_a_fra_swa_linspr_txt_001698,swa,track_a,high,0.07142857142857142,0.0,0.0,50
track_a_fra_swa_linspr_txt_000999,track_a_fra_swa_linspr_txt_001367,swa,track_a,medium,0.05,0.0,0.0,50
track_a_fra_swa_linspr_txt_001306,track_a_fra_swa_linspr_txt_001807,swa,track_a,medium,0.5,0.0,0.6309297535714575,50
track_a_fra_swa_linspr_txt_000842,track_a_fra_swa_linspr_txt_001385,swa,track_a,medium,0.08333333333333333,0.0,0.0,50
track_a_fra_swa_linspr_txt_000828,track_a_fra_swa_linspr_txt_001734,swa,track_a,medium,0.08333333333333333,0.0,0.0,50
track_a_fra_swa_linspr_txt_000020,track_a_fra_swa_linspr_txt_000595,swa,track_a,high,0.2,0.0,0.38685280723454163,50
track_a_fra_swa_linspr_txt_002464,track_b_fra_lin_swaspr_txt_002464,fra,track_b,medium,0.5,0.0,0.6309297535714575,50
track_a_fra_swa_linspr_txt_003119,track_b_fra_lin_swaspr_txt_003119,fra,track_b,medium,1.0,1.0,1.0,50
track_a_fra_swa_linspr_txt_003851,track_b_fra_lin_swaspr_txt_003851,fra,track_b,high,1.0,1.0,1.0,50
track_b_fra_lin_swaspr_txt_002956,track_b_fra_lin_swaspr_txt_001698,fra,track_b,high,0.25,0.0,0.43067655807339306,50
track_a_fra_swa_linspr_txt_003866,track_b_fra_lin_swaspr_txt_003866,fra,track_b,high,1.0,1.0,1.0,50
track_a_fra_swa_linspr_txt_002581,track_b_fra_lin_swaspr_txt_002581,fra,track_b,medium,1.0,1.0,1.0,50
track_b_fra_lin_swaspr_txt_001171,track_b_fra_lin_swaspr_txt_000175,fra,track_b,high,0.125,0.0,0.0,50
track_a_fra_swa_linspr_txt_001433,track_b_fra_lin_swaspr_txt_001433,fra,track_b,medium,1.0,1.0,1.0,50
track_a_fra_swa_linspr_txt_001255,track_b_fra_lin_swaspr_txt_001255,fra,track_b,high,1.0,1.0,1.0,50
track_a_fra_swa_linspr_txt_001543,track_b_fra_lin_swaspr_txt_001543,fra,track_b,high,1.0,1.0,1.0,50
track_a_fra_swa_linspr_txt_001212,track_b_fra_lin_swaspr_txt_001212,fra,track_b,high,0.3333333333333333,0.0,0.5,50
track_a_fra_swa_linspr_txt_000163,track_b_fra_lin_swaspr_txt_000163,fra,track_b,high,0.3333333333333333,0.0,0.5,50
track_a_fra_swa_linspr_txt_000810,track_b_fra_lin_swaspr_txt_000810,fra,track_b,high,1.0,1.0,1.0,50
track_a_fra_swa_linspr_txt_002530,track_b_fra_lin_swaspr_txt_002530,fra,track_b,high,1.0,1.0,1.0,50
track_b_fra_lin_swaspr_txt_000084,track_b_fra_lin_swaspr_txt_003770,fra,track_b,high,1.0,1.0,1.0,50
track_b_fra_lin_swaspr_txt_001542,track_b_fra_lin_swaspr_txt_001734,fra,track_b,medium,0.1,0.0,0.0,50
track_a_fra_swa_linspr_txt_000140,track_b_fra_lin_swaspr_txt_000140,fra,track_b,high,1.0,1.0,1.0,50
track_a_fra_swa_linspr_txt_002858,track_b_fra_lin_swaspr_txt_002858,fra,track_b,high,1.0,1.0,1.0,50
track_b_fra_lin_swaspr_txt_000726,track_b_fra_lin_swaspr_txt_001260,fra,track_b,medium,0.3333333333333333,0.0,0.5,50
track_a_fra_swa_linspr_txt_000595,track_b_fra_lin_swaspr_txt_000595,fra,track_b,medium,1.0,1.0,1.0,50
track_a_fra_swa_linspr_txt_003731,track_b_fra_lin_swaspr_txt_003731,fra,track_b,high,1.0,1.0,1.0,50
track_a_fra_swa_linspr_txt_002648,track_b_fra_lin_swaspr_txt_002648,fra,track_b,high,1.0,1.0,1.0,50
track_a_fra_swa_linspr_txt_003996,track_b_fra_lin_swaspr_txt_003996,fra,track_b,high,0.06666666666666667,0.0,0.0,50
track_b_fra_lin_swaspr_txt_002516,track_b_fra_lin_swaspr_txt_001338,fra,track_b,high,0.08333333333333333,0.0,0.0,50
track_a_fra_swa_linspr_txt_002820,track_b_fra_lin_swaspr_txt_002820,fra,track_b,high,1.0,1.0,1.0,50
track_a_fra_swa_linspr_txt_001632,track_b_fra_lin_swaspr_txt_001632,fra,track_b,high,1.0,1.0,1.0,50
track_a_fra_swa_linspr_txt_001062,track_b_fra_lin_swaspr_txt_001062,fra,track_b,high,1.0,1.0,1.0,50
track_a_fra_swa_linspr_txt_001059,track_b_fra_lin_swaspr_txt_001059,fra,track_b,high,1.0,1.0,1.0,50
track_a_fra_swa_linspr_txt_003041,track_b_fra_lin_swaspr_txt_003041,fra,track_b,high,1.0,1.0,1.0,50
track_b_fra_lin_swaspr_txt_001575,track_b_fra_lin_swaspr_txt_000812,fra,track_b,medium,0.5,0.0,0.6309297535714575,50
track_a_fra_swa_linspr_txt_003319,track_b_fra_lin_swaspr_txt_003319,fra,track_b,medium,1.0,1.0,1.0,50
track_a_fra_swa_linspr_txt_002982,track_b_fra_lin_swaspr_txt_002982,fra,track_b,high,1.0,1.0,1.0,50
track_a_fra_swa_linspr_txt_003268,track_b_fra_lin_swaspr_txt_003268,fra,track_b,medium,1.0,1.0,1.0,50
track_b_fra_lin_swaspr_txt_002801,track_b_fra_lin_swaspr_txt_001463,fra,track_b,high,0.1,0.0,0.0,50
track_b_fra_lin_swaspr_txt_002803,track_b_fra_lin_swaspr_txt_001310,fra,track_b,high,0.2,0.0,0.38685280723454163,50
track_b_fra_lin_swaspr_txt_000892,track_b_fra_lin_swaspr_txt_002956,fra,track_b,medium,0.06666666666666667,0.0,0.0,50
track_b_fra_lin_swaspr_txt_000682,track_b_fra_lin_swaspr_txt_001921,fra,track_b,high,1.0,1.0,1.0,50
track_a_fra_swa_linspr_txt_001371,track_b_fra_lin_swaspr_txt_001371,fra,track_b,medium,1.0,1.0,1.0,50
track_b_fra_lin_swaspr_txt_000231,track_b_fra_lin_swaspr_txt_003314,fra,track_b,medium,0.07692307692307693,0.0,0.0,50
track_a_fra_swa_linspr_txt_002859,track_b_fra_lin_swaspr_txt_002859,fra,track_b,medium,1.0,1.0,1.0,50
track_b_fra_lin_swaspr_txt_000912,track_b_fra_lin_swaspr_txt_001306,fra,track_b,high,0.1,0.0,0.0,50
track_b_fra_lin_swaspr_txt_002793,track_b_fra_lin_swaspr_txt_001970,fra,track_b,medium,0.09090909090909091,0.0,0.0,50
track_b_fra_lin_swaspr_txt_001776,track_b_fra_lin_swaspr_txt_000899,fra,track_b,high,0.1,0.0,0.0,50
track_b_fra_lin_swaspr_txt_000953,track_b_fra_lin_swaspr_txt_000840,fra,track_b,high,1.0,1.0,1.0,50
track_a_fra_swa_linspr_txt_003688,track_b_fra_lin_swaspr_txt_003688,fra,track_b,high,1.0,1.0,1.0,50
track_b_fra_lin_swaspr_txt_000670,track_b_fra_lin_swaspr_txt_001611,fra,track_b,high,0.1,0.0,0.0,50
track_a_fra_swa_linspr_txt_001807,track_b_fra_lin_swaspr_txt_001807,fra,track_b,medium,1.0,1.0,1.0,50
track_a_fra_swa_linspr_txt_003760,track_b_fra_lin_swaspr_txt_003760,fra,track_b,high,1.0,1.0,1.0,50
track_b_fra_lin_swaspr_txt_002581,track_b_fra_lin_swaspr_txt_001338,fra,track_b,medium,0.09090909090909091,0.0,0.0,50
track_b_fra_lin_swaspr_txt_003724,track_b_fra_lin_swaspr_txt_001632,fra,track_b,medium,0.1111111111111111,0.0,0.0,50
track_a_fra_swa_linspr_txt_001689,track_b_fra_lin_swaspr_txt_001689,fra,track_b,high,1.0,1.0,1.0,50
track_a_fra_swa_linspr_txt_003219,track_b_fra_lin_swaspr_txt_003219,fra,track_b,medium,1.0,1.0,1.0,50
track_a_fra_swa_linspr_txt_000256,track_b_fra_lin_swaspr_txt_000256,fra,track_b,high,1.0,1.0,1.0,50
track_a_fra_swa_linspr_txt_003931,track_b_fra_lin_swaspr_txt_003931,fra,track_b,medium,1.0,1.0,1.0,50
track_b_fra_lin_swaspr_txt_000050,track_b_fra_lin_swaspr_txt_001573,fra,track_b,high,0.1111111111111111,0.0,0.0,50
track_a_fra_swa_linspr_txt_002070,track_b_fra_lin_swaspr_txt_002070,fra,track_b,high,1.0,1.0,1.0,50
track_a_fra_swa_linspr_txt_001966,track_b_fra_lin_swaspr_txt_001966,fra,track_b,medium,1.0,1.0,1.0,50
track_a_fra_swa_linspr_txt_002411,track_b_fra_lin_swaspr_txt_002411,fra,track_b,high,1.0,1.0,1.0,50
track_a_fra_swa_linspr_txt_002133,track_b_fra_lin_swaspr_txt_002133,fra,track_b,medium,1.0,1.0,1.0,50
track_b_fra_lin_swaspr_txt_002747,track_b_fra_lin_swaspr_txt_001338,fra,track_b,medium,0.1,0.0,0.0,50
track_b_fra_lin_swaspr_txt_003475,track_b_fra_lin_swaspr_txt_001385,fra,track_b,medium,0.09090909090909091,0.0,0.0,50
track_b_fra_lin_swaspr_txt_003617,track_b_fra_lin_swaspr_txt_000840,fra,track_b,high,0.1,0.0,0.0,50
track_a_fra_swa_linspr_txt_002170,track_b_fra_lin_swaspr_txt_002170,fra,track_b,high,1.0,1.0,1.0,50
track_b_fra_lin_swaspr_txt_003283,track_b_fra_lin_swaspr_txt_001249,fra,track_b,high,0.08333333333333333,0.0,0.0,50
track_b_fra_lin_swaspr_txt_003270,track_b_fra_lin_swaspr_txt_001385,fra,track_b,medium,0.07142857142857142,0.0,0.0,50
track_a_fra_swa_linspr_txt_002295,track_b_fra_lin_swaspr_txt_002295,fra,track_b,high,1.0,1.0,1.0,50
track_a_fra_swa_linspr_txt_000356,track_b_fra_lin_swaspr_txt_000356,fra,track_b,high,1.0,1.0,1.0,50
track_b_fra_lin_swaspr_txt_002632,track_b_fra_lin_swaspr_txt_001759,fra,track_b,high,1.0,1.0,1.0,50
track_b_fra_lin_swaspr_txt_000764,track_b_fra_lin_swaspr_txt_000840,fra,track_b,high,0.25,0.0,0.43067655807339306,50
track_b_fra_lin_swaspr_txt_000041,track_b_fra_lin_swaspr_txt_001863,fra,track_b,high,0.2,0.0,0.38685280723454163,50
track_b_fra_lin_swaspr_txt_002474,track_b_fra_lin_swaspr_txt_001316,fra,track_b,high,0.2,0.0,0.38685280723454163,50
track_b_fra_lin_swaspr_txt_001807,track_b_fra_lin_swaspr_txt_002014,fra,track_b,high,0.1111111111111111,0.0,0.0,50
track_b_fra_lin_swaspr_txt_002174,track_b_fra_lin_swaspr_txt_002409,fra,track_b,high,0.2,0.0,0.38685280723454163,50
track_b_fra_lin_swaspr_txt_000069,track_b_fra_lin_swaspr_txt_001371,fra,track_b,high,0.1,0.0,0.0,50
track_a_fra_swa_linspr_txt_002405,track_b_fra_lin_swaspr_txt_002405,fra,track_b,medium,1.0,1.0,1.0,50
track_a_fra_swa_linspr_txt_001270,track_b_fra_lin_swaspr_txt_001270,fra,track_b,high,1.0,1.0,1.0,50
track_a_fra_swa_linspr_txt_003595,track_b_fra_lin_swaspr_txt_003595,fra,track_b,high,1.0,1.0,1.0,50
track_a_fra_swa_linspr_txt_001573,track_b_fra_lin_swaspr_txt_001573,fra,track_b,high,1.0,1.0,1.0,50
track_a_fra_swa_linspr_txt_003282,track_b_fra_lin_swaspr_txt_003282,fra,track_b,high,0.2,0.0,0.38685280723454163,50
track_b_fra_lin_swaspr_txt_001367,track_b_fra_lin_swaspr_txt_001295,fra,track_b,high,0.125,0.0,0.0,50
track_b_fra_lin_swaspr_txt_003931,track_b_fra_lin_swaspr_txt_001632,fra,track_b,high,0.2,0.0,0.38685280723454163,50
track_b_fra_lin_swaspr_txt_000168,track_b_fra_lin_swaspr_txt_001882,fra,track_b,high,1.0,1.0,1.0,50
track_b_fra_lin_swaspr_txt_000277,track_b_fra_lin_swaspr_txt_001371,fra,track_b,high,0.07692307692307693,0.0,0.0,50
track_a_fra_swa_linspr_txt_001295,track_b_fra_lin_swaspr_txt_001295,fra,track_b,medium,1.0,1.0,1.0,50
track_b_fra_lin_swaspr_txt_001548,track_b_fra_lin_swaspr_txt_000083,fra,track_b,medium,1.0,1.0,1.0,50
track_b_fra_lin_swaspr_txt_001400,track_b_fra_lin_swaspr_txt_003216,fra,track_b,medium,0.1,0.0,0.0,50
track_a_fra_swa_linspr_txt_003543,track_b_fra_lin_swaspr_txt_003543,fra,track_b,medium,1.0,1.0,1.0,50
track_a_fra_swa_linspr_txt_000399,track_b_fra_lin_swaspr_txt_000399,fra,track_b,high,1.0,1.0,1.0,50
track_b_fra_lin_swaspr_txt_001573,track_b_fra_lin_swaspr_txt_001472,fra,track_b,high,0.06666666666666667,0.0,0.0,50
track_a_fra_swa_linspr_txt_003770,track_b_fra_lin_swaspr_txt_003770,fra,track_b,high,1.0,1.0,1.0,50
track_b_fra_lin_swaspr_txt_003899,track_b_fra_lin_swaspr_txt_001537,fra,track_b,high,1.0,1.0,1.0,50
track_a_fra_swa_linspr_txt_002503,track_b_fra_lin_swaspr_txt_002503,fra,track_b,high,1.0,1.0,1.0,50
track_a_fra_swa_linspr_txt_001775,track_b_fra_lin_swaspr_txt_001775,fra,track_b,high,1.0,1.0,1.0,50
track_b_fra_lin_swaspr_txt_000452,track_b_fra_lin_swaspr_txt_003938,fra,track_b,high,0.2,0.0,0.38685280723454163,50
track_b_fra_lin_swaspr_txt_002128,track_b_fra_lin_swaspr_txt_001734,fra,track_b,high,0.07692307692307693,0.0,0.0,50
track_b_fra_lin_swaspr_txt_003550,track_b_fra_lin_swaspr_txt_001611,fra,track_b,high,0.09090909090909091,0.0,0.0,50
track_b_fra_lin_swaspr_txt_003665,track_b_fra_lin_swaspr_txt_001632,fra,track_b,high,0.1,0.0,0.0,50
track_a_fra_swa_linspr_txt_001845,track_b_fra_lin_swaspr_txt_001845,fra,track_b,medium,0.5,0.0,0.6309297535714575,50
track_b_fra_lin_swaspr_txt_003507,track_b_fra_lin_swaspr_txt_000840,fra,track_b,high,0.09090909090909091,0.0,0.0,50
track_b_fra_lin_swaspr_txt_002175,track_b_fra_lin_swaspr_txt_002262,fra,track_b,medium,0.2,0.0,0.38685280723454163,50
track_a_fra_swa_linspr_txt_001907,track_b_fra_lin_swaspr_txt_001907,fra,track_b,high,1.0,1.0,1.0,50
track_b_fra_lin_swaspr_txt_000544,track_b_fra_lin_swaspr_txt_003219,fra,track_b,high,0.2,0.0,0.38685280723454163,50
track_b_fra_lin_swaspr_txt_001689,track_b_fra_lin_swaspr_txt_001385,fra,track_b,high,0.125,0.0,0.0,50
track_b_fra_lin_swaspr_txt_000481,track_b_fra_lin_swaspr_txt_001385,fra,track_b,high,0.16666666666666666,0.0,0.0,50
track_a_fra_swa_linspr_txt_002191,track_b_fra_lin_swaspr_txt_002191,fra,track_b,high,1.0,1.0,1.0,50
track_b_fra_lin_swaspr_txt_002300,track_b_fra_lin_swaspr_txt_002024,fra,track_b,high,0.1,0.0,0.0,50
track_a_fra_swa_linspr_txt_002251,track_b_fra_lin_swaspr_txt_002251,fra,track_b,high,1.0,1.0,1.0,50
track_b_fra_lin_swaspr_txt_002251,track_b_fra_lin_swaspr_txt_001632,fra,track_b,medium,0.08333333333333333,0.0,0.0,50
track_a_fra_swa_linspr_txt_001108,track_b_fra_lin_swaspr_txt_001108,fra,track_b,medium,1.0,1.0,1.0,50
track_b_fra_lin_swaspr_txt_003063,track_b_fra_lin_swaspr_txt_000010,fra,track_b,high,0.09090909090909091,0.0,0.0,50
track_b_fra_lin_swaspr_txt_002122,track_b_fra_lin_swaspr_txt_001316,fra,track_b,high,0.14285714285714285,0.0,0.0,50
track_a_fra_swa_linspr_txt_002218,track_b_fra_lin_swaspr_txt_002218,fra,track_b,medium,0.5,0.0,0.6309297535714575,50
track_a_fra_swa_linspr_txt_000682,track_b_fra_lin_swaspr_txt_000682,fra,track_b,high,1.0,1.0,1.0,50
track_a_fra_swa_linspr_txt_000049,track_b_fra_lin_swaspr_txt_000049,fra,track_b,high,0.3333333333333333,0.0,0.5,50
track_b_fra_lin_swaspr_txt_002261,track_b_fra_lin_swaspr_txt_002411,fra,track_b,medium,0.1,0.0,0.0,50
track_a_fra_swa_linspr_txt_001360,track_b_fra_lin_swaspr_txt_001360,fra,track_b,medium,1.0,1.0,1.0,50
track_b_fra_lin_swaspr_txt_002596,track_b_fra_lin_swaspr_txt_001632,fra,track_b,medium,0.3333333333333333,0.0,0.5,50
track_a_fra_swa_linspr_txt_003550,track_b_fra_lin_swaspr_txt_003550,fra,track_b,medium,0.5,0.0,0.6309297535714575,50
track_a_fra_swa_linspr_txt_001400,track_b_fra_lin_swaspr_txt_001400,fra,track_b,medium,1.0,1.0,1.0,50
track_a_fra_swa_linspr_txt_001316,track_b_fra_lin_swaspr_txt_001316,fra,track_b,medium,1.0,1.0,1.0,50
track_b_fra_lin_swaspr_txt_003992,track_b_fra_lin_swaspr_txt_001338,fra,track_b,high,0.1,0.0,0.0,50
track_b_fra_lin_swaspr_txt_003291,track_b_fra_lin_swaspr_txt_002014,fra,track_b,high,0.06666666666666667,0.0,0.0,50
track_b_fra_lin_swaspr_txt_000686,track_b_fra_lin_swaspr_txt_000819,fra,track_b,high,0.3333333333333333,0.0,0.5,50
track_a_fra_swa_linspr_txt_000945,track_b_fra_lin_swaspr_txt_000945,fra,track_b,high,0.1,0.0,0.0,50
track_b_fra_lin_swaspr_txt_001921,track_b_fra_lin_swaspr_txt_001611,fra,track_b,high,0.1,0.0,0.0,50
track_b_fra_lin_swaspr_txt_001472,track_b_fra_lin_swaspr_txt_001573,fra,track_b,medium,0.16666666666666666,0.0,0.0,50
track_b_fra_lin_swaspr_txt_003119,track_b_fra_lin_swaspr_txt_000478,fra,track_b,high,0.25,0.0,0.43067655807339306,50
track_b_fra_lin_swaspr_txt_003963,track_b_fra_lin_swaspr_txt_002014,fra,track_b,medium,1.0,1.0,1.0,50
track_a_fra_swa_linspr_txt_002139,track_b_fra_lin_swaspr_txt_002139,fra,track_b,medium,1.0,1.0,1.0,50
track_a_fra_swa_linspr_txt_001548,track_b_fra_lin_swaspr_txt_001548,fra,track_b,high,1.0,1.0,1.0,50
track_b_fra_lin_swaspr_txt_001274,track_b_fra_lin_swaspr_txt_000478,fra,track_b,medium,0.1111111111111111,0.0,0.0,50
track_b_fra_lin_swaspr_txt_000496,track_b_fra_lin_swaspr_txt_001108,fra,track_b,medium,0.06666666666666667,0.0,0.0,50
track_a_fra_swa_linspr_txt_002690,track_b_fra_lin_swaspr_txt_002690,fra,track_b,medium,1.0,1.0,1.0,50
track_b_fra_lin_swaspr_txt_002845,track_b_fra_lin_swaspr_txt_001745,fra,track_b,high,0.07692307692307693,0.0,0.0,50
track_b_fra_lin_swaspr_txt_001626,track_b_fra_lin_swaspr_txt_001698,fra,track_b,medium,0.09090909090909091,0.0,0.0,50
track_a_fra_swa_linspr_txt_000616,track_b_fra_lin_swaspr_txt_000616,fra,track_b,high,1.0,1.0,1.0,50
track_b_fra_lin_swaspr_txt_002464,track_b_fra_lin_swaspr_txt_003314,fra,track_b,high,0.25,0.0,0.43067655807339306,50
track_b_fra_lin_swaspr_txt_001743,track_b_fra_lin_swaspr_txt_001463,fra,track_b,medium,0.07692307692307693,0.0,0.0,50
track_a_fra_swa_linspr_txt_002385,track_b_fra_lin_swaspr_txt_002385,fra,track_b,high,1.0,1.0,1.0,50
track_a_fra_swa_linspr_txt_002174,track_b_fra_lin_swaspr_txt_002174,fra,track_b,high,1.0,1.0,1.0,50
track_a_fra_swa_linspr_txt_001936,track_b_fra_lin_swaspr_txt_001936,fra,track_b,high,0.07692307692307693,0.0,0.0,50
track_b_fra_lin_swaspr_txt_003251,track_b_fra_lin_swaspr_txt_001316,fra,track_b,high,0.1,0.0,0.0,50
track_b_fra_lin_swaspr_txt_002023,track_b_fra_lin_swaspr_txt_001463,fra,track_b,high,0.058823529411764705,0.0,0.0,50
track_a_fra_swa_linspr_txt_002689,track_b_fra_lin_swaspr_txt_002689,fra,track_b,high,1.0,1.0,1.0,50
track_a_fra_swa_linspr_txt_001041,track_b_fra_lin_swaspr_txt_001041,fra,track_b,high,1.0,1.0,1.0,50
track_b_fra_lin_swaspr_txt_001310,track_b_fra_lin_swaspr_txt_001463,fra,track_b,medium,0.08333333333333333,0.0,0.0,50
track_a_fra_swa_linspr_txt_003422,track_b_fra_lin_swaspr_txt_003422,fra,track_b,medium,0.1,0.0,0.0,50
track_a_fra_swa_linspr_txt_000633,track_b_fra_lin_swaspr_txt_000633,fra,track_b,medium,1.0,1.0,1.0,50
track_a_fra_swa_linspr_txt_003803,track_b_fra_lin_swaspr_txt_003803,fra,track_b,medium,1.0,1.0,1.0,50
track_a_fra_swa_linspr_txt_003387,track_b_fra_lin_swaspr_txt_003387,fra,track_b,high,1.0,1.0,1.0,50
track_a_fra_swa_linspr_txt_002845,track_b_fra_lin_swaspr_txt_002845,fra,track_b,high,1.0,1.0,1.0,50
track_a_fra_swa_linspr_txt_002066,track_b_fra_lin_swaspr_txt_002066,fra,track_b,high,1.0,1.0,1.0,50
track_a_fra_swa_linspr_txt_002000,track_b_fra_lin_swaspr_txt_002000,fra,track_b,medium,1.0,1.0,1.0,50
track_b_fra_lin_swaspr_txt_001775,track_b_fra_lin_swaspr_txt_001573,fra,track_b,high,0.25,0.0,0.43067655807339306,50
track_a_fra_swa_linspr_txt_000586,track_b_fra_lin_swaspr_txt_000586,fra,track_b,high,1.0,1.0,1.0,50
track_b_fra_lin_swaspr_txt_000216,track_b_fra_lin_swaspr_txt_001854,fra,track_b,high,0.1,0.0,0.0,50
track_a_fra_swa_linspr_txt_000565,track_b_fra_lin_swaspr_txt_000565,fra,track_b,high,1.0,1.0,1.0,50
track_a_fra_swa_linspr_txt_001953,track_b_fra_lin_swaspr_txt_001953,fra,track_b,medium,1.0,1.0,1.0,50
track_a_fra_swa_linspr_txt_001921,track_b_fra_lin_swaspr_txt_001921,fra,track_b,high,1.0,1.0,1.0,50
track_b_fra_lin_swaspr_txt_003568,track_b_fra_lin_swaspr_txt_001270,fra,track_b,high,0.14285714285714285,0.0,0.0,50
track_a_fra_swa_linspr_txt_001060,track_b_fra_lin_swaspr_txt_001060,fra,track_b,high,0.25,0.0,0.43067655807339306,50
track_a_fra_swa_linspr_txt_001759,track_b_fra_lin_swaspr_txt_001759,fra,track_b,medium,1.0,1.0,1.0,50
track_b_fra_lin_swaspr_txt_003482,track_b_fra_lin_swaspr_txt_000175,fra,track_b,high,0.09090909090909091,0.0,0.0,50
track_a_fra_swa_linspr_txt_001310,track_b_fra_lin_swaspr_txt_001310,fra,track_b,high,1.0,1.0,1.0,50
track_a_fra_swa_linspr_txt_001552,track_b_fra_lin_swaspr_txt_001552,fra,track_b,high,1.0,1.0,1.0,50
track_b_fra_lin_swaspr_txt_000924,track_b_fra_lin_swaspr_txt_001632,fra,track_b,high,0.2,0.0,0.38685280723454163,50
track_b_fra_lin_swaspr_txt_001953,track_b_fra_lin_swaspr_txt_001882,fra,track_b,medium,0.5,0.0,0.6309297535714575,50
track_a_fra_swa_linspr_txt_000879,track_b_fra_lin_swaspr_txt_000879,fra,track_b,high,1.0,1.0,1.0,50
track_a_fra_swa_linspr_txt_003541,track_b_fra_lin_swaspr_txt_003541,fra,track_b,medium,1.0,1.0,1.0,50
track_a_fra_swa_linspr_txt_000840,track_b_fra_lin_swaspr_txt_000840,fra,track_b,medium,1.0,1.0,1.0,50
track_a_fra_swa_linspr_txt_002084,track_b_fra_lin_swaspr_txt_002084,fra,track_b,medium,1.0,1.0,1.0,50
track_a_fra_swa_linspr_txt_001463,track_b_fra_lin_swaspr_txt_001463,fra,track_b,high,1.0,1.0,1.0,50
track_b_fra_lin_swaspr_txt_000072,track_b_fra_lin_swaspr_txt_000376,fra,track_b,high,0.1,0.0,0.0,50
track_a_fra_swa_linspr_txt_002097,track_b_fra_lin_swaspr_txt_002097,fra,track_b,high,0.07692307692307693,0.0,0.0,50
track_b_fra_lin_swaspr_txt_001041,track_b_fra_lin_swaspr_txt_000544,fra,track_b,high,0.08333333333333333,0.0,0.0,50
track_a_fra_swa_linspr_txt_003783,track_b_fra_lin_swaspr_txt_003783,fra,track_b,high,1.0,1.0,1.0,50
track_a_fra_swa_linspr_txt_002801,track_b_fra_lin_swaspr_txt_002801,fra,track_b,medium,1.0,1.0,1.0,50
track_a_fra_swa_linspr_txt_001761,track_b_fra_lin_swaspr_txt_001761,fra,track_b,high,1.0,1.0,1.0,50
track_b_fra_lin_swaspr_txt_002587,track_b_fra_lin_swaspr_txt_000496,fra,track_b,high,0.25,0.0,0.43067655807339306,50
track_b_fra_lin_swaspr_txt_000533,track_b_fra_lin_swaspr_txt_002008,fra,track_b,medium,0.16666666666666666,0.0,0.0,50
track_b_fra_lin_swaspr_txt_001338,track_b_fra_lin_swaspr_txt_001632,fra,track_b,high,0.1,0.0,0.0,50
track_a_fra_swa_linspr_txt_000931,track_b_fra_lin_swaspr_txt_000931,fra,track_b,high,1.0,1.0,1.0,50
track_a_fra_swa_linspr_txt_001792,track_b_fra_lin_swaspr_txt_001792,fra,track_b,high,0.3333333333333333,0.0,0.5,50
track_a_fra_swa_linspr_txt_001004,track_b_fra_lin_swaspr_txt_001004,fra,track_b,high,1.0,1.0,1.0,50
track_a_fra_swa_linspr_txt_003482,track_b_fra_lin_swaspr_txt_003482,fra,track_b,high,1.0,1.0,1.0,50
track_b_fra_lin_swaspr_txt_002858,track_b_fra_lin_swaspr_txt_002364,fra,track_b,medium,0.09090909090909091,0.0,0.0,50
track_a_fra_swa_linspr_txt_003393,track_b_fra_lin_swaspr_txt_003393,fra,track_b,high,0.5,0.0,0.6309297535714575,50
track_a_fra_swa_linspr_txt_002128,track_b_fra_lin_swaspr_txt_002128,fra,track_b,high,1.0,1.0,1.0,50
track_a_fra_swa_linspr_txt_003792,track_b_fra_lin_swaspr_txt_003792,fra,track_b,medium,1.0,1.0,1.0,50
track_b_fra_lin_swaspr_txt_002314,track_b_fra_lin_swaspr_txt_001371,fra,track_b,high,0.047619047619047616,0.0,0.0,50
track_b_fra_lin_swaspr_txt_002097,track_b_fra_lin_swaspr_txt_001108,fra,track_b,high,0.1,0.0,0.0,50
track_a_fra_swa_linspr_txt_000638,track_b_fra_lin_swaspr_txt_000638,fra,track_b,medium,1.0,1.0,1.0,50
track_b_fra_lin_swaspr_txt_003180,track_b_fra_lin_swaspr_txt_001611,fra,track_b,medium,0.07142857142857142,0.0,0.0,50
track_a_fra_swa_linspr_txt_001614,track_b_fra_lin_swaspr_txt_001614,fra,track_b,high,1.0,1.0,1.0,50
track_b_fra_lin_swaspr_txt_002825,track_b_fra_lin_swaspr_txt_000051,fra,track_b,high,0.1111111111111111,0.0,0.0,50
track_b_fra_lin_swaspr_txt_001498,track_b_fra_lin_swaspr_txt_003219,fra,track_b,high,0.1111111111111111,0.0,0.0,50
track_a_fra_swa_linspr_txt_003442,track_b_fra_lin_swaspr_txt_003442,fra,track_b,high,1.0,1.0,1.0,50
track_b_fra_lin_swaspr_txt_002008,track_b_fra_lin_swaspr_txt_001632,fra,track_b,high,0.1,0.0,0.0,50
track_a_fra_swa_linspr_txt_002974,track_b_fra_lin_swaspr_txt_002974,fra,track_b,high,1.0,1.0,1.0,50
track_a_fra_swa_linspr_txt_000481,track_b_fra_lin_swaspr_txt_000481,fra,track_b,medium,1.0,1.0,1.0,50
track_b_fra_lin_swaspr_txt_001845,track_b_fra_lin_swaspr_txt_000633,fra,track_b,high,0.14285714285714285,0.0,0.0,50
track_b_fra_lin_swaspr_txt_002084,track_b_fra_lin_swaspr_txt_002409,fra,track_b,high,0.1,0.0,0.0,50
track_a_fra_swa_linspr_txt_002417,track_b_fra_lin_swaspr_txt_002417,fra,track_b,medium,1.0,1.0,1.0,50
track_b_fra_lin_swaspr_txt_002409,track_b_fra_lin_swaspr_txt_002014,fra,track_b,high,0.09090909090909091,0.0,0.0,50
track_b_fra_lin_swaspr_txt_000869,track_b_fra_lin_swaspr_txt_001364,fra,track_b,high,0.1,0.0,0.0,50
track_b_fra_lin_swaspr_txt_001198,track_b_fra_lin_swaspr_txt_001970,fra,track_b,high,0.1,0.0,0.0,50
track_b_fra_lin_swaspr_txt_000595,track_b_fra_lin_swaspr_txt_000175,fra,track_b,high,1.0,1.0,1.0,50
track_b_fra_lin_swaspr_txt_001932,track_b_fra_lin_swaspr_txt_001295,fra,track_b,medium,0.09090909090909091,0.0,0.0,50
track_a_fra_swa_linspr_txt_001854,track_b_fra_lin_swaspr_txt_001854,fra,track_b,medium,1.0,1.0,1.0,50
track_a_fra_swa_linspr_txt_000819,track_b_fra_lin_swaspr_txt_000819,fra,track_b,high,0.3333333333333333,0.0,0.5,50
track_b_fra_lin_swaspr_txt_000590,track_b_fra_lin_swaspr_txt_001338,fra,track_b,medium,0.1,0.0,0.0,50
track_a_fra_swa_linspr_txt_001776,track_b_fra_lin_swaspr_txt_001776,fra,track_b,high,1.0,1.0,1.0,50
track_a_fra_swa_linspr_txt_001743,track_b_fra_lin_swaspr_txt_001743,fra,track_b,high,0.04,0.0,0.0,50
track_b_fra_lin_swaspr_txt_002405,track_b_fra_lin_swaspr_txt_001463,fra,track_b,high,0.07142857142857142,0.0,0.0,50
track_a_fra_swa_linspr_txt_001092,track_b_fra_lin_swaspr_txt_001092,fra,track_b,high,0.09090909090909091,0.0,0.0,50
track_b_fra_lin_swaspr_txt_002377,track_b_fra_lin_swaspr_txt_001632,fra,track_b,high,0.09090909090909091,0.0,0.0,50
track_b_fra_lin_swaspr_txt_001371,track_b_fra_lin_swaspr_txt_001761,fra,track_b,high,1.0,1.0,1.0,50
track_a_fra_swa_linspr_txt_002825,track_b_fra_lin_swaspr_txt_002825,fra,track_b,high,1.0,1.0,1.0,50
track_a_fra_swa_linspr_txt_002928,track_b_fra_lin_swaspr_txt_002928,fra,track_b,medium,1.0,1.0,1.0,50
track_b_fra_lin_swaspr_txt_002417,track_b_fra_lin_swaspr_txt_001463,fra,track_b,medium,0.07692307692307693,0.0,0.0,50
track_b_fra_lin_swaspr_txt_000633,track_b_fra_lin_swaspr_txt_001953,fra,track_b,medium,0.25,0.0,0.43067655807339306,50
track_a_fra_swa_linspr_txt_003370,track_b_fra_lin_swaspr_txt_003370,fra,track_b,medium,1.0,1.0,1.0,50
track_b_fra_lin_swaspr_txt_003783,track_b_fra_lin_swaspr_txt_000888,fra,track_b,medium,0.16666666666666666,0.0,0.0,50
track_b_fra_lin_swaspr_txt_002878,track_b_fra_lin_swaspr_txt_001249,fra,track_b,medium,0.09090909090909091,0.0,0.0,50
track_b_fra_lin_swaspr_txt_001242,track_b_fra_lin_swaspr_txt_003931,fra,track_b,high,1.0,1.0,1.0,50
track_b_fra_lin_swaspr_txt_001745,track_b_fra_lin_swaspr_txt_002845,fra,track_b,medium,1.0,1.0,1.0,50
track_b_fra_lin_swaspr_txt_001744,track_b_fra_lin_swaspr_txt_001338,fra,track_b,high,0.14285714285714285,0.0,0.0,50
track_a_fra_swa_linspr_txt_003087,track_b_fra_lin_swaspr_txt_003087,fra,track_b,high,1.0,1.0,1.0,50
track_b_fra_lin_swaspr_txt_001478,track_b_fra_lin_swaspr_txt_002956,fra,track_b,medium,1.0,1.0,1.0,50
track_b_fra_lin_swaspr_txt_000010,track_b_fra_lin_swaspr_txt_003216,fra,track_b,high,0.1111111111111111,0.0,0.0,50
track_b_fra_lin_swaspr_txt_001869,track_b_fra_lin_swaspr_txt_001385,fra,track_b,high,0.1,0.0,0.0,50
track_b_fra_lin_swaspr_txt_002104,track_b_fra_lin_swaspr_txt_002377,fra,track_b,medium,0.08333333333333333,0.0,0.0,50
track_b_fra_lin_swaspr_txt_002859,track_b_fra_lin_swaspr_txt_003112,fra,track_b,medium,0.125,0.0,0.0,50
track_b_fra_lin_swaspr_txt_002294,track_b_fra_lin_swaspr_txt_002066,fra,track_b,medium,0.1111111111111111,0.0,0.0,50
track_a_fra_swa_linspr_txt_001072,track_b_fra_lin_swaspr_txt_001072,fra,track_b,high,1.0,1.0,1.0,50
track_a_fra_swa_linspr_txt_000069,track_b_fra_lin_swaspr_txt_000069,fra,track_b,high,0.07692307692307693,0.0,0.0,50
track_b_fra_lin_swaspr_txt_001806,track_b_fra_lin_swaspr_txt_002261,fra,track_b,medium,0.09090909090909091,0.0,0.0,50
track_b_fra_lin_swaspr_txt_001761,track_b_fra_lin_swaspr_txt_001371,fra,track_b,high,1.0,1.0,1.0,50
track_b_fra_lin_swaspr_txt_000049,track_b_fra_lin_swaspr_txt_000498,fra,track_b,high,0.3333333333333333,0.0,0.5,50
track_b_fra_lin_swaspr_txt_003760,track_b_fra_lin_swaspr_txt_000376,fra,track_b,high,0.07142857142857142,0.0,0.0,50
track_b_fra_lin_swaspr_txt_002974,track_b_fra_lin_swaspr_txt_000632,fra,track_b,high,0.3333333333333333,0.0,0.5,50
track_b_fra_lin_swaspr_txt_000062,track_b_fra_lin_swaspr_txt_000231,fra,track_b,high,0.125,0.0,0.0,50
track_b_fra_lin_swaspr_txt_001882,track_b_fra_lin_swaspr_txt_001953,fra,track_b,medium,0.1,0.0,0.0,50
track_a_fra_swa_linspr_txt_002135,track_b_fra_lin_swaspr_txt_002135,fra,track_b,medium,1.0,1.0,1.0,50
track_a_fra_swa_linspr_txt_000036,track_b_fra_lin_swaspr_txt_000036,fra,track_b,high,1.0,1.0,1.0,50
track_b_fra_lin_swaspr_txt_000144,track_b_fra_lin_swaspr_txt_003541,fra,track_b,high,0.2,0.0,0.38685280723454163,50
track_b_fra_lin_swaspr_txt_003887,track_b_fra_lin_swaspr_txt_000840,fra,track_b,medium,0.0625,0.0,0.0,50
track_b_fra_lin_swaspr_txt_002060,track_b_fra_lin_swaspr_txt_001478,fra,track_b,high,0.2,0.0,0.38685280723454163,50
track_a_fra_swa_linspr_txt_001370,track_b_fra_lin_swaspr_txt_001370,fra,track_b,high,1.0,1.0,1.0,50
track_b_fra_lin_swaspr_txt_001537,track_b_fra_lin_swaspr_txt_001385,fra,track_b,medium,0.09090909090909091,0.0,0.0,50
track_a_fra_swa_linspr_txt_003884,track_b_fra_lin_swaspr_txt_003884,fra,track_b,medium,1.0,1.0,1.0,50
track_b_fra_lin_swaspr_txt_000927,track_b_fra_lin_swaspr_txt_002845,fra,track_b,high,0.3333333333333333,0.0,0.5,50
track_a_fra_swa_linspr_txt_002639,track_b_fra_lin_swaspr_txt_002639,fra,track_b,high,1.0,1.0,1.0,50
track_a_fra_swa_linspr_txt_000590,track_b_fra_lin_swaspr_txt_000590,fra,track_b,medium,1.0,1.0,1.0,50
track_b_fra_lin_swaspr_txt_001748,track_b_fra_lin_swaspr_txt_002008,fra,track_b,medium,0.08333333333333333,0.0,0.0,50
track_a_fra_swa_linspr_txt_001751,track_b_fra_lin_swaspr_txt_001751,fra,track_b,high,1.0,1.0,1.0,50
track_a_fra_swa_linspr_txt_000072,track_b_fra_lin_swaspr_txt_000072,fra,track_b,high,0.125,0.0,0.0,50
track_a_fra_swa_linspr_txt_001498,track_b_fra_lin_swaspr_txt_001498,fra,track_b,medium,1.0,1.0,1.0,50
track_b_fra_lin_swaspr_txt_001672,track_b_fra_lin_swaspr_txt_002186,fra,track_b,high,1.0,1.0,1.0,50
track_b_fra_lin_swaspr_txt_002530,track_b_fra_lin_swaspr_txt_001632,fra,track_b,medium,0.09090909090909091,0.0,0.0,50
track_b_fra_lin_swaspr_txt_000359,track_b_fra_lin_swaspr_txt_001611,fra,track_b,high,1.0,1.0,1.0,50
track_a_fra_swa_linspr_txt_003899,track_b_fra_lin_swaspr_txt_003899,fra,track_b,high,1.0,1.0,1.0,50
track_b_fra_lin_swaspr_txt_001854,track_b_fra_lin_swaspr_txt_001338,fra,track_b,medium,0.1,0.0,0.0,50
track_b_fra_lin_swaspr_txt_000421,track_b_fra_lin_swaspr_txt_003314,fra,track_b,high,0.1,0.0,0.0,50
track_b_fra_lin_swaspr_txt_003866,track_b_fra_lin_swaspr_txt_001306,fra,track_b,medium,0.045454545454545456,0.0,0.0,50
track_b_fra_lin_swaspr_txt_003188,track_b_fra_lin_swaspr_txt_001385,fra,track_b,high,0.1111111111111111,0.0,0.0,50
track_b_fra_lin_swaspr_txt_003988,track_b_fra_lin_swaspr_txt_001698,fra,track_b,medium,0.1,0.0,0.0,50
track_b_fra_lin_swaspr_txt_003370,track_b_fra_lin_swaspr_txt_000840,fra,track_b,medium,0.3333333333333333,0.0,0.5,50
track_b_fra_lin_swaspr_txt_000885,track_b_fra_lin_swaspr_txt_002014,fra,track_b,medium,0.1,0.0,0.0,50
track_a_fra_swa_linspr_txt_001672,track_b_fra_lin_swaspr_txt_001672,fra,track_b,high,0.16666666666666666,0.0,0.0,50
track_a_fra_swa_linspr_txt_003479,track_b_fra_lin_swaspr_txt_003479,fra,track_b,high,0.3333333333333333,0.0,0.5,50
track_b_fra_lin_swaspr_txt_002982,track_b_fra_lin_swaspr_txt_002377,fra,track_b,high,0.16666666666666666,0.0,0.0,50
track_b_fra_lin_swaspr_txt_002648,track_b_fra_lin_swaspr_txt_000175,fra,track_b,high,0.07142857142857142,0.0,0.0,50
track_a_fra_swa_linspr_txt_001863,track_b_fra_lin_swaspr_txt_001863,fra,track_b,medium,1.0,1.0,1.0,50
track_a_fra_swa_linspr_txt_000544,track_b_fra_lin_swaspr_txt_000544,fra,track_b,medium,1.0,1.0,1.0,50
track_a_fra_swa_linspr_txt_003075,track_b_fra_lin_swaspr_txt_003075,fra,track_b,high,1.0,1.0,1.0,50
track_a_fra_swa_linspr_txt_000927,track_b_fra_lin_swaspr_txt_000927,fra,track_b,high,1.0,1.0,1.0,50
track_b_fra_lin_swaspr_txt_001062,track_b_fra_lin_swaspr_txt_002014,fra,track_b,medium,0.09090909090909091,0.0,0.0,50
track_b_fra_lin_swaspr_txt_002332,track_b_fra_lin_swaspr_txt_001295,fra,track_b,high,0.2,0.0,0.38685280723454163,50
track_b_fra_lin_swaspr_txt_000632,track_b_fra_lin_swaspr_txt_001364,fra,track_b,medium,0.3333333333333333,0.0,0.5,50
track_b_fra_lin_swaspr_txt_001936,track_b_fra_lin_swaspr_txt_003938,fra,track_b,high,0.1,0.0,0.0,50
track_b_fra_lin_swaspr_txt_000051,track_b_fra_lin_swaspr_txt_001316,fra,track_b,high,0.06666666666666667,0.0,0.0,50
track_a_fra_swa_linspr_txt_002024,track_b_fra_lin_swaspr_txt_002024,fra,track_b,high,1.0,1.0,1.0,50
track_a_fra_swa_linspr_txt_000839,track_b_fra_lin_swaspr_txt_000839,fra,track_b,high,0.3333333333333333,0.0,0.5,50
track_b_fra_lin_swaspr_txt_003928,track_b_fra_lin_swaspr_txt_003910,fra,track_b,high,0.5,0.0,0.6309297535714575,50
track_a_fra_swa_linspr_txt_000744,track_b_fra_lin_swaspr_txt_000744,fra,track_b,high,0.08333333333333333,0.0,0.0,50
track_a_fra_swa_linspr_txt_000901,track_b_fra_lin_swaspr_txt_000901,fra,track_b,high,1.0,1.0,1.0,50
track_a_fra_swa_linspr_txt_003918,track_b_fra_lin_swaspr_txt_003918,fra,track_b,high,1.0,1.0,1.0,50
track_a_fra_swa_linspr_txt_000051,track_b_fra_lin_swaspr_txt_000051,fra,track_b,high,1.0,1.0,1.0,50
track_a_fra_swa_linspr_txt_003634,track_b_fra_lin_swaspr_txt_003634,fra,track_b,high,1.0,1.0,1.0,50
track_a_fra_swa_linspr_txt_000132,track_b_fra_lin_swaspr_txt_000132,fra,track_b,high,0.2,0.0,0.38685280723454163,50
track_b_fra_lin_swaspr_txt_003733,track_b_fra_lin_swaspr_txt_001966,fra,track_b,medium,1.0,1.0,1.0,50
track_a_fra_swa_linspr_txt_001695,track_b_fra_lin_swaspr_txt_001695,fra,track_b,high,0.09090909090909091,0.0,0.0,50
track_b_fra_lin_swaspr_txt_001324,track_b_fra_lin_swaspr_txt_000840,fra,track_b,medium,0.08333333333333333,0.0,0.0,50
track_b_fra_lin_swaspr_txt_002837,track_b_fra_lin_swaspr_txt_000586,fra,track_b,high,0.07692307692307693,0.0,0.0,50
track_b_fra_lin_swaspr_txt_000478,track_b_fra_lin_swaspr_txt_001734,fra,track_b,high,0.09090909090909091,0.0,0.0,50
track_b_fra_lin_swaspr_txt_002364,track_b_fra_lin_swaspr_txt_001632,fra,track_b,medium,0.1,0.0,0.0,50
track_b_fra_lin_swaspr_txt_002389,track_b_fra_lin_swaspr_txt_003938,fra,track_b,high,1.0,1.0,1.0,50
track_a_fra_swa_linspr_txt_003286,track_b_fra_lin_swaspr_txt_003286,fra,track_b,medium,1.0,1.0,1.0,50
track_b_fra_lin_swaspr_txt_001364,track_b_fra_lin_swaspr_txt_002014,fra,track_b,high,0.08333333333333333,0.0,0.0,50
track_a_fra_swa_linspr_txt_003661,track_b_fra_lin_swaspr_txt_003661,fra,track_b,high,0.1111111111111111,0.0,0.0,50
track_a_fra_swa_linspr_txt_001795,track_b_fra_lin_swaspr_txt_001795,fra,track_b,medium,1.0,1.0,1.0,50
track_a_fra_swa_linspr_txt_003534,track_b_fra_lin_swaspr_txt_003534,fra,track_b,high,1.0,1.0,1.0,50
track_a_fra_swa_linspr_txt_001575,track_b_fra_lin_swaspr_txt_001575,fra,track_b,medium,1.0,1.0,1.0,50
track_a_fra_swa_linspr_txt_003665,track_b_fra_lin_swaspr_txt_003665,fra,track_b,high,1.0,1.0,1.0,50
track_b_fra_lin_swaspr_txt_003960,track_b_fra_lin_swaspr_txt_002014,fra,track_b,high,0.08333333333333333,0.0,0.0,50
track_b_fra_lin_swaspr_txt_003392,track_b_fra_lin_swaspr_txt_002364,fra,track_b,medium,0.06666666666666667,0.0,0.0,50
track_a_fra_swa_linspr_txt_003200,track_b_fra_lin_swaspr_txt_003200,fra,track_b,high,1.0,1.0,1.0,50
track_b_fra_lin_swaspr_txt_001255,track_b_fra_lin_swaspr_txt_001632,fra,track_b,medium,0.3333333333333333,0.0,0.5,50
track_b_fra_lin_swaspr_txt_003403,track_b_fra_lin_swaspr_txt_001734,fra,track_b,medium,0.08333333333333333,0.0,0.0,50
track_a_fra_swa_linspr_txt_001261,track_b_fra_lin_swaspr_txt_001261,fra,track_b,medium,1.0,1.0,1.0,50
track_b_fra_lin_swaspr_txt_001060,track_b_fra_lin_swaspr_txt_001632,fra,track_b,medium,0.09090909090909091,0.0,0.0,50
track_a_fra_swa_linspr_txt_002364,track_b_fra_lin_swaspr_txt_002364,fra,track_b,medium,1.0,1.0,1.0,50
track_b_fra_lin_swaspr_txt_000744,track_b_fra_lin_swaspr_txt_000670,fra,track_b,high,1.0,1.0,1.0,50
track_a_fra_swa_linspr_txt_002632,track_b_fra_lin_swaspr_txt_002632,fra,track_b,high,1.0,1.0,1.0,50
track_b_fra_lin_swaspr_txt_000901,track_b_fra_lin_swaspr_txt_000478,fra,track_b,high,0.2,0.0,0.38685280723454163,50
track_a_fra_swa_linspr_txt_003331,track_b_fra_lin_swaspr_txt_003331,fra,track_b,medium,1.0,1.0,1.0,50
track_a_fra_swa_linspr_txt_000231,track_b_fra_lin_swaspr_txt_000231,fra,track_b,medium,1.0,1.0,1.0,50
track_b_fra_lin_swaspr_txt_002468,track_b_fra_lin_swaspr_txt_000892,fra,track_b,high,0.07692307692307693,0.0,0.0,50
track_b_fra_lin_swaspr_txt_001907,track_b_fra_lin_swaspr_txt_001632,fra,track_b,medium,1.0,1.0,1.0,50
track_a_fra_swa_linspr_txt_002409,track_b_fra_lin_swaspr_txt_002409,fra,track_b,high,1.0,1.0,1.0,50
track_a_fra_swa_linspr_txt_002654,track_b_fra_lin_swaspr_txt_002654,fra,track_b,medium,1.0,1.0,1.0,50
track_a_fra_swa_linspr_txt_002169,track_b_fra_lin_swaspr_txt_002169,fra,track_b,high,1.0,1.0,1.0,50
track_a_fra_swa_linspr_txt_003251,track_b_fra_lin_swaspr_txt_003251,fra,track_b,high,1.0,1.0,1.0,50
track_a_fra_swa_linspr_txt_000953,track_b_fra_lin_swaspr_txt_000953,fra,track_b,high,1.0,1.0,1.0,50
track_b_fra_lin_swaspr_txt_001145,track_b_fra_lin_swaspr_txt_001478,fra,track_b,medium,0.125,0.0,0.0,50
track_b_fra_lin_swaspr_txt_003218,track_b_fra_lin_swaspr_txt_001858,fra,track_b,high,1.0,1.0,1.0,50
track_b_fra_lin_swaspr_txt_000175,track_b_fra_lin_swaspr_txt_001632,fra,track_b,medium,0.14285714285714285,0.0,0.0,50
track_b_fra_lin_swaspr_txt_003041,track_b_fra_lin_swaspr_txt_001385,fra,track_b,high,0.07692307692307693,0.0,0.0,50
track_a_fra_swa_linspr_txt_003077,track_b_fra_lin_swaspr_txt_003077,fra,track_b,high,1.0,1.0,1.0,50
track_a_fra_swa_linspr_txt_001437,track_b_fra_lin_swaspr_txt_001437,fra,track_b,high,0.05,0.0,0.0,50
track_b_fra_lin_swaspr_txt_002623,track_b_fra_lin_swaspr_txt_001632,fra,track_b,high,0.3333333333333333,0.0,0.5,50
track_a_fra_swa_linspr_txt_001142,track_b_fra_lin_swaspr_txt_001142,fra,track_b,high,1.0,1.0,1.0,50
track_b_fra_lin_swaspr_txt_002000,track_b_fra_lin_swaspr_txt_000481,fra,track_b,high,0.25,0.0,0.43067655807339306,50
track_a_fra_swa_linspr_txt_002096,track_b_fra_lin_swaspr_txt_002096,fra,track_b,medium,1.0,1.0,1.0,50
track_a_fra_swa_linspr_txt_001861,track_b_fra_lin_swaspr_txt_001861,fra,track_b,high,0.5,0.0,0.6309297535714575,50
track_b_fra_lin_swaspr_txt_003996,track_b_fra_lin_swaspr_txt_000231,fra,track_b,high,0.5,0.0,0.6309297535714575,50
track_a_fra_swa_linspr_txt_003063,track_b_fra_lin_swaspr_txt_003063,fra,track_b,high,1.0,1.0,1.0,50
track_b_fra_lin_swaspr_txt_001445,track_b_fra_lin_swaspr_txt_002122,fra,track_b,high,1.0,1.0,1.0,50
track_b_fra_lin_swaspr_txt_001128,track_b_fra_lin_swaspr_txt_001338,fra,track_b,medium,0.07142857142857142,0.0,0.0,50
track_b_fra_lin_swaspr_txt_000812,track_b_fra_lin_swaspr_txt_001575,fra,track_b,medium,0.3333333333333333,0.0,0.5,50
track_b_fra_lin_swaspr_txt_003795,track_b_fra_lin_swaspr_txt_003219,fra,track_b,high,0.07692307692307693,0.0,0.0,50
track_a_fra_swa_linspr_txt_001445,track_b_fra_lin_swaspr_txt_001445,fra,track_b,high,1.0,1.0,1.0,50
track_b_fra_lin_swaspr_txt_001992,track_b_fra_lin_swaspr_txt_000840,fra,track_b,high,1.0,1.0,1.0,50
track_b_fra_lin_swaspr_txt_002135,track_b_fra_lin_swaspr_txt_002411,fra,track_b,high,0.2,0.0,0.38685280723454163,50
track_b_fra_lin_swaspr_txt_003803,track_b_fra_lin_swaspr_txt_000544,fra,track_b,high,0.09090909090909091,0.0,0.0,50
track_a_fra_swa_linspr_txt_001869,track_b_fra_lin_swaspr_txt_001869,fra,track_b,medium,0.16666666666666666,0.0,0.0,50
track_a_fra_swa_linspr_txt_002743,track_b_fra_lin_swaspr_txt_002743,fra,track_b,high,1.0,1.0,1.0,50
track_b_fra_lin_swaspr_txt_001437,track_b_fra_lin_swaspr_txt_000899,fra,track_b,high,0.1111111111111111,0.0,0.0,50
track_a_fra_swa_linspr_txt_002250,track_b_fra_lin_swaspr_txt_002250,fra,track_b,high,0.14285714285714285,0.0,0.0,50
track_a_fra_swa_linspr_txt_002468,track_b_fra_lin_swaspr_txt_002468,fra,track_b,high,1.0,1.0,1.0,50
track_a_fra_swa_linspr_txt_002014,track_b_fra_lin_swaspr_txt_002014,fra,track_b,medium,1.0,1.0,1.0,50
track_a_fra_swa_linspr_txt_002099,track_b_fra_lin_swaspr_txt_002099,fra,track_b,high,1.0,1.0,1.0,50
track_b_fra_lin_swaspr_txt_002928,track_b_fra_lin_swaspr_txt_002411,fra,track_b,high,0.09090909090909091,0.0,0.0,50
track_b_fra_lin_swaspr_txt_000586,track_b_fra_lin_swaspr_txt_000842,fra,track_b,medium,0.08333333333333333,0.0,0.0,50
track_b_fra_lin_swaspr_txt_002996,track_b_fra_lin_swaspr_txt_003219,fra,track_b,high,0.1111111111111111,0.0,0.0,50
track_b_fra_lin_swaspr_txt_002423,track_b_fra_lin_swaspr_txt_003219,fra,track_b,high,0.058823529411764705,0.0,0.0,50
track_a_fra_swa_linspr_txt_000478,track_b_fra_lin_swaspr_txt_000478,fra,track_b,high,1.0,1.0,1.0,50
track_b_fra_lin_swaspr_txt_001261,track_b_fra_lin_swaspr_txt_003595,fra,track_b,medium,0.25,0.0,0.43067655807339306,50
track_b_fra_lin_swaspr_txt_001995,track_b_fra_lin_swaspr_txt_001745,fra,track_b,medium,0.08333333333333333,0.0,0.0,50
track_a_fra_swa_linspr_txt_003598,track_b_fra_lin_swaspr_txt_003598,fra,track_b,high,0.25,0.0,0.43067655807339306,50
track_b_fra_lin_swaspr_txt_002957,track_b_fra_lin_swaspr_txt_001698,fra,track_b,medium,0.07142857142857142,0.0,0.0,50
track_a_fra_swa_linspr_txt_002516,track_b_fra_lin_swaspr_txt_002516,fra,track_b,high,1.0,1.0,1.0,50
track_a_fra_swa_linspr_txt_001935,track_b_fra_lin_swaspr_txt_001935,fra,track_b,medium,1.0,1.0,1.0,50
track_b_fra_lin_swaspr_txt_002262,track_b_fra_lin_swaspr_txt_001385,fra,track_b,medium,0.08333333333333333,0.0,0.0,50
track_a_fra_swa_linspr_txt_000985,track_b_fra_lin_swaspr_txt_000985,fra,track_b,high,1.0,1.0,1.0,50
track_a_fra_swa_linspr_txt_003084,track_b_fra_lin_swaspr_txt_003084,fra,track_b,high,0.3333333333333333,0.0,0.5,50
track_b_fra_lin_swaspr_txt_003756,track_b_fra_lin_swaspr_txt_001338,fra,track_b,high,0.1,0.0,0.0,50
track_a_fra_swa_linspr_txt_001858,track_b_fra_lin_swaspr_txt_001858,fra,track_b,medium,0.5,0.0,0.6309297535714575,50
track_a_fra_swa_linspr_txt_001478,track_b_fra_lin_swaspr_txt_001478,fra,track_b,high,1.0,1.0,1.0,50
track_a_fra_swa_linspr_txt_002608,track_b_fra_lin_swaspr_txt_002608,fra,track_b,high,1.0,1.0,1.0,50
track_a_fra_swa_linspr_txt_002122,track_b_fra_lin_swaspr_txt_002122,fra,track_b,medium,1.0,1.0,1.0,50
track_a_fra_swa_linspr_txt_000559,track_b_fra_lin_swaspr_txt_000559,fra,track_b,high,1.0,1.0,1.0,50
track_b_fra_lin_swaspr_txt_003534,track_b_fra_lin_swaspr_txt_000899,fra,track_b,medium,0.09090909090909091,0.0,0.0,50
track_a_fra_swa_linspr_txt_000686,track_b_fra_lin_swaspr_txt_000686,fra,track_b,high,0.3333333333333333,0.0,0.5,50
track_a_fra_swa_linspr_txt_002063,track_b_fra_lin_swaspr_txt_002063,fra,track_b,high,1.0,1.0,1.0,50
track_a_fra_swa_linspr_txt_000227,track_b_fra_lin_swaspr_txt_000227,fra,track_b,high,1.0,1.0,1.0,50
track_a_fra_swa_linspr_txt_000878,track_b_fra_lin_swaspr_txt_000878,fra,track_b,high,0.3333333333333333,0.0,0.5,50
track_b_fra_lin_swaspr_txt_001863,track_b_fra_lin_swaspr_txt_001748,fra,track_b,high,0.16666666666666666,0.0,0.0,50
track_b_fra_lin_swaspr_txt_000638,track_b_fra_lin_swaspr_txt_000840,fra,track_b,high,0.1,0.0,0.0,50
track_a_fra_swa_linspr_txt_000888,track_b_fra_lin_swaspr_txt_000888,fra,track_b,high,1.0,1.0,1.0,50
track_b_fra_lin_swaspr_txt_001212,track_b_fra_lin_swaspr_txt_000533,fra,track_b,medium,0.1,0.0,0.0,50
track_a_fra_swa_linspr_txt_003475,track_b_fra_lin_swaspr_txt_003475,fra,track_b,medium,1.0,1.0,1.0,50
track_b_fra_lin_swaspr_txt_002140,track_b_fra_lin_swaspr_txt_001295,fra,track_b,high,0.07692307692307693,0.0,0.0,50
track_b_fra_lin_swaspr_txt_002608,track_b_fra_lin_swaspr_txt_001295,fra,track_b,medium,0.125,0.0,0.0,50
track_b_fra_lin_swaspr_txt_003293,track_b_fra_lin_swaspr_txt_001426,fra,track_b,high,0.16666666666666666,0.0,0.0,50
track_b_fra_lin_swaspr_txt_001360,track_b_fra_lin_swaspr_txt_001632,fra,track_b,medium,0.14285714285714285,0.0,0.0,50
track_b_fra_lin_swaspr_txt_003223,track_b_fra_lin_swaspr_txt_001632,fra,track_b,medium,0.1,0.0,0.0,50
track_a_fra_swa_linspr_txt_000266,track_b_fra_lin_swaspr_txt_000266,fra,track_b,high,1.0,1.0,1.0,50
track_a_fra_swa_linspr_txt_003568,track_b_fra_lin_swaspr_txt_003568,fra,track_b,medium,1.0,1.0,1.0,50
track_b_fra_lin_swaspr_txt_003039,track_b_fra_lin_swaspr_txt_000175,fra,track_b,high,1.0,1.0,1.0,50
track_b_fra_lin_swaspr_txt_000608,track_b_fra_lin_swaspr_txt_000586,fra,track_b,medium,1.0,1.0,1.0,50
track_a_fra_swa_linspr_txt_000175,track_b_fra_lin_swaspr_txt_000175,fra,track_b,medium,1.0,1.0,1.0,50
track_a_fra_swa_linspr_txt_003549,track_b_fra_lin_swaspr_txt_003549,fra,track_b,high,1.0,1.0,1.0,50
track_b_fra_lin_swaspr_txt_000227,track_b_fra_lin_swaspr_txt_000166,fra,track_b,high,1.0,1.0,1.0,50
track_a_fra_swa_linspr_txt_003392,track_b_fra_lin_swaspr_txt_003392,fra,track_b,high,1.0,1.0,1.0,50
track_b_fra_lin_swaspr_txt_003549,track_b_fra_lin_swaspr_txt_003991,fra,track_b,high,1.0,1.0,1.0,50
track_b_fra_lin_swaspr_txt_001632,track_b_fra_lin_swaspr_txt_003665,fra,track_b,medium,0.1,0.0,0.0,50
track_b_fra_lin_swaspr_txt_001260,track_b_fra_lin_swaspr_txt_002377,fra,track_b,medium,0.09090909090909091,0.0,0.0,50
track_a_fra_swa_linspr_txt_002921,track_b_fra_lin_swaspr_txt_002921,fra,track_b,medium,1.0,1.0,1.0,50
track_b_fra_lin_swaspr_txt_001490,track_b_fra_lin_swaspr_txt_001498,fra,track_b,medium,0.09090909090909091,0.0,0.0,50
track_b_fra_lin_swaspr_txt_001858,track_b_fra_lin_swaspr_txt_001334,fra,track_b,high,0.09090909090909091,0.0,0.0,50
track_b_fra_lin_swaspr_txt_003634,track_b_fra_lin_swaspr_txt_003910,fra,track_b,high,0.25,0.0,0.43067655807339306,50
track_a_fra_swa_linspr_txt_001698,track_b_fra_lin_swaspr_txt_001698,fra,track_b,medium,1.0,1.0,1.0,50
track_a_fra_swa_linspr_txt_001537,track_b_fra_lin_swaspr_txt_001537,fra,track_b,medium,1.0,1.0,1.0,50
track_a_fra_swa_linspr_txt_001744,track_b_fra_lin_swaspr_txt_001744,fra,track_b,high,1.0,1.0,1.0,50
track_a_fra_swa_linspr_txt_000861,track_b_fra_lin_swaspr_txt_000861,fra,track_b,high,0.3333333333333333,0.0,0.5,50
track_b_fra_lin_swaspr_txt_000266,track_b_fra_lin_swaspr_txt_001698,fra,track_b,high,0.07692307692307693,0.0,0.0,50
track_b_fra_lin_swaspr_txt_000810,track_b_fra_lin_swaspr_txt_002409,fra,track_b,high,0.07692307692307693,0.0,0.0,50
track_a_fra_swa_linspr_txt_002389,track_b_fra_lin_swaspr_txt_002389,fra,track_b,high,1.0,1.0,1.0,50
track_b_fra_lin_swaspr_txt_001574,track_b_fra_lin_swaspr_txt_001611,fra,track_b,medium,0.1,0.0,0.0,50
track_a_fra_swa_linspr_txt_000359,track_b_fra_lin_swaspr_txt_000359,fra,track_b,high,0.09090909090909091,0.0,0.0,50
track_b_fra_lin_swaspr_txt_000314,track_b_fra_lin_swaspr_txt_001385,fra,track_b,high,0.1,0.0,0.0,50
track_a_fra_swa_linspr_txt_001324,track_b_fra_lin_swaspr_txt_001324,fra,track_b,medium,1.0,1.0,1.0,50
track_b_fra_lin_swaspr_txt_003393,track_b_fra_lin_swaspr_txt_001433,fra,track_b,medium,0.2,0.0,0.38685280723454163,50
track_a_fra_swa_linspr_txt_000300,track_b_fra_lin_swaspr_txt_000300,fra,track_b,high,1.0,1.0,1.0,50
track_b_fra_lin_swaspr_txt_001426,track_b_fra_lin_swaspr_txt_003216,fra,track_b,high,0.2,0.0,0.38685280723454163,50
track_a_fra_swa_linspr_txt_002836,track_b_fra_lin_swaspr_txt_002836,fra,track_b,high,1.0,1.0,1.0,50
track_b_fra_lin_swaspr_txt_001114,track_b_fra_lin_swaspr_txt_001632,fra,track_b,medium,0.1,0.0,0.0,50
track_a_fra_swa_linspr_txt_000670,track_b_fra_lin_swaspr_txt_000670,fra,track_b,medium,0.1,0.0,0.0,50
track_a_fra_swa_linspr_txt_000084,track_b_fra_lin_swaspr_txt_000084,fra,track_b,high,1.0,1.0,1.0,50
track_a_fra_swa_linspr_txt_003966,track_b_fra_lin_swaspr_txt_003966,fra,track_b,medium,1.0,1.0,1.0,50
track_a_fra_swa_linspr_txt_003271,track_b_fra_lin_swaspr_txt_003271,fra,track_b,high,1.0,1.0,1.0,50
track_b_fra_lin_swaspr_txt_002139,track_b_fra_lin_swaspr_txt_002409,fra,track_b,high,0.1,0.0,0.0,50
track_a_fra_swa_linspr_txt_003270,track_b_fra_lin_swaspr_txt_003270,fra,track_b,medium,1.0,1.0,1.0,50
track_b_fra_lin_swaspr_txt_002063,track_b_fra_lin_swaspr_txt_000682,fra,track_b,high,1.0,1.0,1.0,50
track_a_fra_swa_linspr_txt_001748,track_b_fra_lin_swaspr_txt_001748,fra,track_b,high,1.0,1.0,1.0,50
track_b_fra_lin_swaspr_txt_002271,track_b_fra_lin_swaspr_txt_002845,fra,track_b,medium,0.1,0.0,0.0,50
track_a_fra_swa_linspr_txt_003958,track_b_fra_lin_swaspr_txt_003958,fra,track_b,high,1.0,1.0,1.0,50
track_b_fra_lin_swaspr_txt_003077,track_b_fra_lin_swaspr_txt_001338,fra,track_b,high,0.2,0.0,0.38685280723454163,50
track_a_fra_swa_linspr_txt_001357,track_b_fra_lin_swaspr_txt_001357,fra,track_b,medium,1.0,1.0,1.0,50
track_b_fra_lin_swaspr_txt_002049,track_b_fra_lin_swaspr_txt_002014,fra,track_b,high,0.1111111111111111,0.0,0.0,50
track_a_fra_swa_linspr_txt_003724,track_b_fra_lin_swaspr_txt_003724,fra,track_b,medium,1.0,1.0,1.0,50
track_b_fra_lin_swaspr_txt_002099,track_b_fra_lin_swaspr_txt_000544,fra,track_b,high,0.3333333333333333,0.0,0.5,50
track_b_fra_lin_swaspr_txt_000961,track_b_fra_lin_swaspr_txt_000533,fra,track_b,high,1.0,1.0,1.0,50
track_b_fra_lin_swaspr_txt_000879,track_b_fra_lin_swaspr_txt_001992,fra,track_b,high,0.3333333333333333,0.0,0.5,50
track_a_fra_swa_linspr_txt_001745,track_b_fra_lin_swaspr_txt_001745,fra,track_b,medium,1.0,1.0,1.0,50
track_a_fra_swa_linspr_txt_001169,track_b_fra_lin_swaspr_txt_001169,fra,track_b,high,1.0,1.0,1.0,50
track_a_fra_swa_linspr_txt_002423,track_b_fra_lin_swaspr_txt_002423,fra,track_b,high,1.0,1.0,1.0,50
track_a_fra_swa_linspr_txt_002596,track_b_fra_lin_swaspr_txt_002596,fra,track_b,medium,1.0,1.0,1.0,50
track_a_fra_swa_linspr_txt_000845,track_b_fra_lin_swaspr_txt_000845,fra,track_b,high,1.0,1.0,1.0,50
track_b_fra_lin_swaspr_txt_003112,track_b_fra_lin_swaspr_txt_001632,fra,track_b,medium,0.09090909090909091,0.0,0.0,50
track_b_fra_lin_swaspr_txt_002459,track_b_fra_lin_swaspr_txt_002008,fra,track_b,high,0.09090909090909091,0.0,0.0,50
track_a_fra_swa_linspr_txt_003039,track_b_fra_lin_swaspr_txt_003039,fra,track_b,medium,1.0,1.0,1.0,50
track_a_fra_swa_linspr_txt_000924,track_b_fra_lin_swaspr_txt_000924,fra,track_b,high,1.0,1.0,1.0,50
track_a_fra_swa_linspr_txt_001242,track_b_fra_lin_swaspr_txt_001242,fra,track_b,high,1.0,1.0,1.0,50
track_a_fra_swa_linspr_txt_000421,track_b_fra_lin_swaspr_txt_000421,fra,track_b,high,1.0,1.0,1.0,50
track_b_fra_lin_swaspr_txt_000999,track_b_fra_lin_swaspr_txt_001632,fra,track_b,high,0.09090909090909091,0.0,0.0,50
track_a_fra_swa_linspr_txt_003403,track_b_fra_lin_swaspr_txt_003403,fra,track_b,medium,1.0,1.0,1.0,50
track_b_fra_lin_swaspr_txt_002024,track_b_fra_lin_swaspr_txt_001338,fra,track_b,medium,0.09090909090909091,0.0,0.0,50
track_b_fra_lin_swaspr_txt_003439,track_b_fra_lin_swaspr_txt_001734,fra,track_b,high,0.5,0.0,0.6309297535714575,50
track_a_fra_swa_linspr_txt_001942,track_b_fra_lin_swaspr_txt_001942,fra,track_b,high,1.0,1.0,1.0,50
track_b_fra_lin_swaspr_txt_003442,track_b_fra_lin_swaspr_txt_001385,fra,track_b,medium,0.09090909090909091,0.0,0.0,50
track_b_fra_lin_swaspr_txt_003792,track_b_fra_lin_swaspr_txt_000353,fra,track_b,high,0.1111111111111111,0.0,0.0,50
track_b_fra_lin_swaspr_txt_001795,track_b_fra_lin_swaspr_txt_000051,fra,track_b,high,0.047619047619047616,0.0,0.0,50
track_a_fra_swa_linspr_txt_003992,track_b_fra_lin_swaspr_txt_003992,fra,track_b,medium,1.0,1.0,1.0,50
track_b_fra_lin_swaspr_txt_003860,track_b_fra_lin_swaspr_txt_001334,fra,track_b,high,0.07692307692307693,0.0,0.0,50
track_a_fra_swa_linspr_txt_002377,track_b_fra_lin_swaspr_txt_002377,fra,track_b,medium,1.0,1.0,1.0,50
track_b_fra_lin_swaspr_txt_002836,track_b_fra_lin_swaspr_txt_001478,fra,track_b,high,0.25,0.0,0.43067655807339306,50
track_b_fra_lin_swaspr_txt_000565,track_b_fra_lin_swaspr_txt_000461,fra,track_b,high,0.07142857142857142,0.0,0.0,50
track_a_fra_swa_linspr_txt_003928,track_b_fra_lin_swaspr_txt_003928,fra,track_b,high,1.0,1.0,1.0,50
track_b_fra_lin_swaspr_txt_002743,track_b_fra_lin_swaspr_txt_001338,fra,track_b,high,0.09090909090909091,0.0,0.0,50
track_a_fra_swa_linspr_txt_001992,track_b_fra_lin_swaspr_txt_001992,fra,track_b,medium,1.0,1.0,1.0,50
track_b_fra_lin_swaspr_txt_003688,track_b_fra_lin_swaspr_txt_001632,fra,track_b,medium,0.06666666666666667,0.0,0.0,50
track_a_fra_swa_linspr_txt_002271,track_b_fra_lin_swaspr_txt_002271,fra,track_b,high,0.14285714285714285,0.0,0.0,50
track_b_fra_lin_swaspr_txt_003422,track_b_fra_lin_swaspr_txt_000842,fra,track_b,high,0.125,0.0,0.0,50
track_b_fra_lin_swaspr_txt_001792,track_b_fra_lin_swaspr_txt_001472,fra,track_b,high,0.043478260869565216,0.0,0.0,50
track_a_fra_swa_linspr_txt_000885,track_b_fra_lin_swaspr_txt_000885,fra,track_b,high,1.0,1.0,1.0,50
track_b_fra_lin_swaspr_txt_001751,track_b_fra_lin_swaspr_txt_002271,fra,track_b,high,1.0,1.0,1.0,50
track_a_fra_swa_linspr_txt_002996,track_b_fra_lin_swaspr_txt_002996,fra,track_b,high,1.0,1.0,1.0,50
track_b_fra_lin_swaspr_txt_000399,track_b_fra_lin_swaspr_txt_001092,fra,track_b,high,0.3333333333333333,0.0,0.5,50
track_a_fra_swa_linspr_txt_001154,track_b_fra_lin_swaspr_txt_001154,fra,track_b,high,1.0,1.0,1.0,50
track_b_fra_lin_swaspr_txt_003541,track_b_fra_lin_swaspr_txt_003910,fra,track_b,high,1.0,1.0,1.0,50
track_b_fra_lin_swaspr_txt_002218,track_b_fra_lin_swaspr_txt_002233,fra,track_b,medium,0.3333333333333333,0.0,0.5,50
track_a_fra_swa_linspr_txt_000909,track_b_fra_lin_swaspr_txt_000909,fra,track_b,medium,1.0,1.0,1.0,50
track_a_fra_swa_linspr_txt_003617,track_b_fra_lin_swaspr_txt_003617,fra,track_b,medium,1.0,1.0,1.0,50
track_a_fra_swa_linspr_txt_003216,track_b_fra_lin_swaspr_txt_003216,fra,track_b,high,1.0,1.0,1.0,50
track_b_fra_lin_swaspr_txt_001698,track_b_fra_lin_swaspr_txt_001632,fra,track_b,high,0.3333333333333333,0.0,0.5,50
track_b_fra_lin_swaspr_txt_001433,track_b_fra_lin_swaspr_txt_002409,fra,track_b,medium,0.1,0.0,0.0,50
track_a_fra_swa_linspr_txt_003223,track_b_fra_lin_swaspr_txt_003223,fra,track_b,medium,1.0,1.0,1.0,50
track_b_fra_lin_swaspr_txt_000356,track_b_fra_lin_swaspr_txt_002411,fra,track_b,high,0.1,0.0,0.0,50
track_a_fra_swa_linspr_txt_001385,track_b_fra_lin_swaspr_txt_001385,fra,track_b,high,1.0,1.0,1.0,50
track_b_fra_lin_swaspr_txt_003200,track_b_fra_lin_swaspr_txt_001463,fra,track_b,high,0.08333333333333333,0.0,0.0,50
track_a_fra_swa_linspr_txt_000327,track_b_fra_lin_swaspr_txt_000327,fra,track_b,medium,1.0,1.0,1.0,50
track_b_fra_lin_swaspr_txt_001197,track_b_fra_lin_swaspr_txt_000036,fra,track_b,high,0.125,0.0,0.0,50
track_b_fra_lin_swaspr_txt_001759,track_b_fra_lin_swaspr_txt_002632,fra,track_b,medium,0.3333333333333333,0.0,0.5,50
track_b_fra_lin_swaspr_txt_002165,track_b_fra_lin_swaspr_txt_003219,fra,track_b,high,0.14285714285714285,0.0,0.0,50
track_a_fra_swa_linspr_txt_001334,track_b_fra_lin_swaspr_txt_001334,fra,track_b,high,1.0,1.0,1.0,50
track_b_fra_lin_swaspr_txt_002196,track_b_fra_lin_swaspr_txt_003665,fra,track_b,medium,0.125,0.0,0.0,50
track_a_fra_swa_linspr_txt_001531,track_b_fra_lin_swaspr_txt_001531,fra,track_b,medium,1.0,1.0,1.0,50
track_b_fra_lin_swaspr_txt_000559,track_b_fra_lin_swaspr_txt_001632,fra,track_b,high,0.14285714285714285,0.0,0.0,50
track_a_fra_swa_linspr_txt_001114,track_b_fra_lin_swaspr_txt_001114,fra,track_b,medium,1.0,1.0,1.0,50
track_b_fra_lin_swaspr_txt_000899,track_b_fra_lin_swaspr_txt_001316,fra,track_b,medium,1.0,1.0,1.0,50
track_b_fra_lin_swaspr_txt_000166,track_b_fra_lin_swaspr_txt_000888,fra,track_b,medium,0.125,0.0,0.0,50
track_b_fra_lin_swaspr_txt_002133,track_b_fra_lin_swaspr_txt_002270,fra,track_b,medium,0.25,0.0,0.43067655807339306,50
track_a_fra_swa_linspr_txt_002053,track_b_fra_lin_swaspr_txt_002053,fra,track_b,high,0.3333333333333333,0.0,0.5,50
track_b_fra_lin_swaspr_txt_003387,track_b_fra_lin_swaspr_txt_001295,fra,track_b,high,0.1,0.0,0.0,50
track_a_fra_swa_linspr_txt_002283,track_b_fra_lin_swaspr_txt_002283,fra,track_b,medium,1.0,1.0,1.0,50
track_b_fra_lin_swaspr_txt_000840,track_b_fra_lin_swaspr_txt_001992,fra,track_b,high,0.3333333333333333,0.0,0.5,50
track_a_fra_swa_linspr_txt_000632,track_b_fra_lin_swaspr_txt_000632,fra,track_b,medium,1.0,1.0,1.0,50
track_a_fra_swa_linspr_txt_003112,track_b_fra_lin_swaspr_txt_003112,fra,track_b,high,1.0,1.0,1.0,50
track_b_fra_lin_swaspr_txt_003048,track_b_fra_lin_swaspr_txt_000892,fra,track_b,high,0.058823529411764705,0.0,0.0,50
track_a_fra_swa_linspr_txt_003781,track_b_fra_lin_swaspr_txt_003781,fra,track_b,high,1.0,1.0,1.0,50
track_a_fra_swa_linspr_txt_002270,track_b_fra_lin_swaspr_txt_002270,fra,track_b,high,1.0,1.0,1.0,50
track_b_fra_lin_swaspr_txt_001334,track_b_fra_lin_swaspr_txt_002409,fra,track_b,high,0.1,0.0,0.0,50
track_a_fra_swa_linspr_txt_003454,track_b_fra_lin_swaspr_txt_003454,fra,track_b,high,0.09090909090909091,0.0,0.0,50
track_a_fra_swa_linspr_txt_001364,track_b_fra_lin_swaspr_txt_001364,fra,track_b,medium,1.0,1.0,1.0,50
track_b_fra_lin_swaspr_txt_003314,track_b_fra_lin_swaspr_txt_001632,fra,track_b,high,0.1,0.0,0.0,50
track_a_fra_swa_linspr_txt_001574,track_b_fra_lin_swaspr_txt_001574,fra,track_b,high,0.5,0.0,0.6309297535714575,50
track_a_fra_swa_linspr_txt_003777,track_b_fra_lin_swaspr_txt_003777,fra,track_b,high,0.1,0.0,0.0,50
track_b_fra_lin_swaspr_txt_002806,track_b_fra_lin_swaspr_txt_003271,fra,track_b,medium,0.3333333333333333,0.0,0.5,50
track_b_fra_lin_swaspr_txt_001249,track_b_fra_lin_swaspr_txt_003938,fra,track_b,medium,0.1,0.0,0.0,50
track_b_fra_lin_swaspr_txt_003219,track_b_fra_lin_swaspr_txt_002014,fra,track_b,medium,0.1,0.0,0.0,50
track_b_fra_lin_swaspr_txt_001072,track_b_fra_lin_swaspr_txt_000036,fra,track_b,high,0.2,0.0,0.38685280723454163,50
track_b_fra_lin_swaspr_txt_000738,track_b_fra_lin_swaspr_txt_000632,fra,track_b,high,1.0,1.0,1.0,50
track_a_fra_swa_linspr_txt_002175,track_b_fra_lin_swaspr_txt_002175,fra,track_b,high,1.0,1.0,1.0,50
track_a_fra_swa_linspr_txt_002113,track_b_fra_lin_swaspr_txt_002113,fra,track_b,medium,0.5,0.0,0.6309297535714575,50
track_b_fra_lin_swaspr_txt_003777,track_b_fra_lin_swaspr_txt_000051,fra,track_b,high,0.1,0.0,0.0,50
track_b_fra_lin_swaspr_txt_000376,track_b_fra_lin_swaspr_txt_001698,fra,track_b,high,0.09090909090909091,0.0,0.0,50
track_b_fra_lin_swaspr_txt_003781,track_b_fra_lin_swaspr_txt_001316,fra,track_b,high,0.16666666666666666,0.0,0.0,50
track_a_fra_swa_linspr_txt_000376,track_b_fra_lin_swaspr_txt_000376,fra,track_b,high,1.0,1.0,1.0,50
track_b_fra_lin_swaspr_txt_003271,track_b_fra_lin_swaspr_txt_001338,fra,track_b,medium,0.1,0.0,0.0,50
track_b_fra_lin_swaspr_txt_000498,track_b_fra_lin_swaspr_txt_001385,fra,track_b,high,0.045454545454545456,0.0,0.0,50
track_b_fra_lin_swaspr_txt_001142,track_b_fra_lin_swaspr_txt_001371,fra,track_b,medium,1.0,1.0,1.0,50
track_b_fra_lin_swaspr_txt_003005,track_b_fra_lin_swaspr_txt_001334,fra,track_b,high,0.14285714285714285,0.0,0.0,50
track_b_fra_lin_swaspr_txt_001108,track_b_fra_lin_swaspr_txt_002008,fra,track_b,high,0.125,0.0,0.0,50
track_b_fra_lin_swaspr_txt_003268,track_b_fra_lin_swaspr_txt_001632,fra,track_b,medium,0.1,0.0,0.0,50
track_a_fra_swa_linspr_txt_003182,track_b_fra_lin_swaspr_txt_003182,fra,track_b,high,1.0,1.0,1.0,50
track_b_fra_lin_swaspr_txt_003282,track_b_fra_lin_swaspr_txt_001385,fra,track_b,high,0.09090909090909091,0.0,0.0,50
track_a_fra_swa_linspr_txt_001198,track_b_fra_lin_swaspr_txt_001198,fra,track_b,high,0.07692307692307693,0.0,0.0,50
track_b_fra_lin_swaspr_txt_002169,track_b_fra_lin_swaspr_txt_003595,fra,track_b,high,0.25,0.0,0.43067655807339306,50
track_a_fra_swa_linspr_txt_000579,track_b_fra_lin_swaspr_txt_000579,fra,track_b,high,1.0,1.0,1.0,50
track_a_fra_swa_linspr_txt_000168,track_b_fra_lin_swaspr_txt_000168,fra,track_b,high,1.0,1.0,1.0,50
track_a_fra_swa_linspr_txt_002300,track_b_fra_lin_swaspr_txt_002300,fra,track_b,high,1.0,1.0,1.0,50
track_b_fra_lin_swaspr_txt_001295,track_b_fra_lin_swaspr_txt_002608,fra,track_b,medium,0.09090909090909091,0.0,0.0,50
track_b_fra_lin_swaspr_txt_001370,track_b_fra_lin_swaspr_txt_002411,fra,track_b,medium,0.16666666666666666,0.0,0.0,50
track_b_fra_lin_swaspr_txt_003286,track_b_fra_lin_swaspr_txt_002409,fra,track_b,medium,0.07692307692307693,0.0,0.0,50
track_a_fra_swa_linspr_txt_002332,track_b_fra_lin_swaspr_txt_002332,fra,track_b,high,0.09090909090909091,0.0,0.0,50
track_b_fra_lin_swaspr_txt_003543,track_b_fra_lin_swaspr_txt_001632,fra,track_b,high,0.08333333333333333,0.0,0.0,50
track_a_fra_swa_linspr_txt_003756,track_b_fra_lin_swaspr_txt_003756,fra,track_b,high,1.0,1.0,1.0,50
track_b_fra_lin_swaspr_txt_000909,track_b_fra_lin_swaspr_txt_001364,fra,track_b,high,1.0,1.0,1.0,50
track_a_fra_swa_linspr_txt_001029,track_b_fra_lin_swaspr_txt_001029,fra,track_b,medium,1.0,1.0,1.0,50
track_a_fra_swa_linspr_txt_000608,track_b_fra_lin_swaspr_txt_000608,fra,track_b,medium,1.0,1.0,1.0,50
track_a_fra_swa_linspr_txt_002196,track_b_fra_lin_swaspr_txt_002196,fra,track_b,high,1.0,1.0,1.0,50
track_a_fra_swa_linspr_txt_003887,track_b_fra_lin_swaspr_txt_003887,fra,track_b,medium,1.0,1.0,1.0,50
track_a_fra_swa_linspr_txt_000726,track_b_fra_lin_swaspr_txt_000726,fra,track_b,medium,1.0,1.0,1.0,50
track_b_fra_lin_swaspr_txt_000163,track_b_fra_lin_swaspr_txt_000544,fra,track_b,high,0.03571428571428571,0.0,0.0,50
track_b_fra_lin_swaspr_txt_001059,track_b_fra_lin_swaspr_txt_003938,fra,track_b,high,0.1,0.0,0.0,50
track_b_fra_lin_swaspr_txt_001385,track_b_fra_lin_swaspr_txt_001614,fra,track_b,high,0.2,0.0,0.38685280723454163,50
track_a_fra_swa_linspr_txt_001611,track_b_fra_lin_swaspr_txt_001611,fra,track_b,medium,1.0,1.0,1.0,50
track_b_fra_lin_swaspr_txt_003182,track_b_fra_lin_swaspr_txt_002364,fra,track_b,medium,0.125,0.0,0.0,50
track_a_fra_swa_linspr_txt_001490,track_b_fra_lin_swaspr_txt_001490,fra,track_b,high,1.0,1.0,1.0,50
track_a_fra_swa_linspr_txt_000612,track_b_fra_lin_swaspr_txt_000612,fra,track_b,high,0.09090909090909091,0.0,0.0,50
track_a_fra_swa_linspr_txt_002104,track_b_fra_lin_swaspr_txt_002104,fra,track_b,medium,1.0,1.0,1.0,50
track_b_fra_lin_swaspr_txt_000256,track_b_fra_lin_swaspr_txt_002503,fra,track_b,high,0.25,0.0,0.43067655807339306,50
track_b_fra_lin_swaspr_txt_003084,track_b_fra_lin_swaspr_txt_001698,fra,track_b,high,0.08333333333333333,0.0,0.0,50
track_a_fra_swa_linspr_txt_003291,track_b_fra_lin_swaspr_txt_003291,fra,track_b,medium,1.0,1.0,1.0,50
track_a_fra_swa_linspr_txt_003733,track_b_fra_lin_swaspr_txt_003733,fra,track_b,medium,1.0,1.0,1.0,50
track_a_fra_swa_linspr_txt_000892,track_b_fra_lin_swaspr_txt_000892,fra,track_b,high,1.0,1.0,1.0,50
track_b_fra_lin_swaspr_txt_000861,track_b_fra_lin_swaspr_txt_000478,fra,track_b,high,0.5,0.0,0.6309297535714575,50
track_b_fra_lin_swaspr_txt_002270,track_b_fra_lin_swaspr_txt_002409,fra,track_b,high,0.5,0.0,0.6309297535714575,50
track_a_fra_swa_linspr_txt_003860,track_b_fra_lin_swaspr_txt_003860,fra,track_b,medium,1.0,1.0,1.0,50
track_b_fra_lin_swaspr_txt_003075,track_b_fra_lin_swaspr_txt_001632,fra,track_b,medium,0.1,0.0,0.0,50
track_a_fra_swa_linspr_txt_002956,track_b_fra_lin_swaspr_txt_002956,fra,track_b,high,1.0,1.0,1.0,50
track_b_fra_lin_swaspr_txt_001543,track_b_fra_lin_swaspr_txt_001632,fra,track_b,high,0.1,0.0,0.0,50
track_b_fra_lin_swaspr_txt_002186,track_b_fra_lin_swaspr_txt_001385,fra,track_b,medium,0.09090909090909091,0.0,0.0,50
track_a_fra_swa_linspr_txt_000912,track_b_fra_lin_swaspr_txt_000912,fra,track_b,medium,1.0,1.0,1.0,50
track_b_fra_lin_swaspr_txt_001485,track_b_fra_lin_swaspr_txt_002024,fra,track_b,medium,0.1,0.0,0.0,50
track_b_fra_lin_swaspr_txt_000616,track_b_fra_lin_swaspr_txt_000638,fra,track_b,high,0.125,0.0,0.0,50
track_a_fra_swa_linspr_txt_000353,track_b_fra_lin_swaspr_txt_000353,fra,track_b,high,0.09090909090909091,0.0,0.0,50
track_b_fra_lin_swaspr_txt_002113,track_b_fra_lin_swaspr_txt_001734,fra,track_b,high,0.14285714285714285,0.0,0.0,50
track_b_fra_lin_swaspr_txt_001552,track_b_fra_lin_swaspr_txt_001334,fra,track_b,high,0.1,0.0,0.0,50
track_b_fra_lin_swaspr_txt_000931,track_b_fra_lin_swaspr_txt_001611,fra,track_b,high,0.2,0.0,0.38685280723454163,50
track_a_fra_swa_linspr_txt_002140,track_b_fra_lin_swaspr_txt_002140,fra,track_b,medium,1.0,1.0,1.0,50
track_a_fra_swa_linspr_txt_003048,track_b_fra_lin_swaspr_txt_003048,fra,track_b,high,1.0,1.0,1.0,50
track_a_fra_swa_linspr_txt_000812,track_b_fra_lin_swaspr_txt_000812,fra,track_b,medium,1.0,1.0,1.0,50
track_b_fra_lin_swaspr_txt_001734,track_b_fra_lin_swaspr_txt_001807,fra,track_b,medium,0.07692307692307693,0.0,0.0,50
track_b_fra_lin_swaspr_txt_002295,track_b_fra_lin_swaspr_txt_003112,fra,track_b,high,0.07692307692307693,0.0,0.0,50
track_b_fra_lin_swaspr_txt_003770,track_b_fra_lin_swaspr_txt_002008,fra,track_b,medium,0.16666666666666666,0.0,0.0,50
track_b_fra_lin_swaspr_txt_000083,track_b_fra_lin_swaspr_txt_001686,fra,track_b,high,0.25,0.0,0.43067655807339306,50
track_b_fra_lin_swaspr_txt_002053,track_b_fra_lin_swaspr_txt_001367,fra,track_b,high,0.5,0.0,0.6309297535714575,50
track_a_fra_swa_linspr_txt_001542,track_b_fra_lin_swaspr_txt_001542,fra,track_b,high,1.0,1.0,1.0,50
track_a_fra_swa_linspr_txt_001970,track_b_fra_lin_swaspr_txt_001970,fra,track_b,medium,1.0,1.0,1.0,50
track_b_fra_lin_swaspr_txt_002070,track_b_fra_lin_swaspr_txt_002218,fra,track_b,high,1.0,1.0,1.0,50
track_b_fra_lin_swaspr_txt_000842,track_b_fra_lin_swaspr_txt_002165,fra,track_b,high,0.09090909090909091,0.0,0.0,50
track_b_fra_lin_swaspr_txt_003331,track_b_fra_lin_swaspr_txt_001463,fra,track_b,high,0.06666666666666667,0.0,0.0,50
track_a_fra_swa_linspr_txt_003180,track_b_fra_lin_swaspr_txt_003180,fra,track_b,high,1.0,1.0,1.0,50
track_b_fra_lin_swaspr_txt_001942,track_b_fra_lin_swaspr_txt_000496,fra,track_b,high,0.08333333333333333,0.0,0.0,50
track_a_fra_swa_linspr_txt_001686,track_b_fra_lin_swaspr_txt_001686,fra,track_b,medium,1.0,1.0,1.0,50
track_a_fra_swa_linspr_txt_000869,track_b_fra_lin_swaspr_txt_000869,fra,track_b,high,0.07142857142857142,0.0,0.0,50
track_b_fra_lin_swaspr_txt_000132,track_b_fra_lin_swaspr_txt_000840,fra,track_b,high,0.1,0.0,0.0,50
track_a_fra_swa_linspr_txt_000041,track_b_fra_lin_swaspr_txt_000041,fra,track_b,high,1.0,1.0,1.0,50
track_a_fra_swa_linspr_txt_000606,track_b_fra_lin_swaspr_txt_000606,fra,track_b,medium,1.0,1.0,1.0,50
track_b_fra_lin_swaspr_txt_000327,track_b_fra_lin_swaspr_txt_001255,fra,track_b,medium,0.1,0.0,0.0,50
track_b_fra_lin_swaspr_txt_003661,track_b_fra_lin_swaspr_txt_002008,fra,track_b,high,0.1,0.0,0.0,50
track_b_fra_lin_swaspr_txt_000845,track_b_fra_lin_swaspr_txt_001249,fra,track_b,high,0.08333333333333333,0.0,0.0,50
track_b_fra_lin_swaspr_txt_001169,track_b_fra_lin_swaspr_txt_001734,fra,track_b,high,0.125,0.0,0.0,50
track_b_fra_lin_swaspr_txt_003966,track_b_fra_lin_swaspr_txt_000481,fra,track_b,high,0.1,0.0,0.0,50
track_a_fra_swa_linspr_txt_003797,track_b_fra_lin_swaspr_txt_003797,fra,track_b,medium,1.0,1.0,1.0,50
track_a_fra_swa_linspr_txt_001734,track_b_fra_lin_swaspr_txt_001734,fra,track_b,medium,1.0,1.0,1.0,50
track_b_fra_lin_swaspr_txt_001154,track_b_fra_lin_swaspr_txt_002878,fra,track_b,high,0.5,0.0,0.6309297535714575,50
track_b_fra_lin_swaspr_txt_003107,track_b_fra_lin_swaspr_txt_000840,fra,track_b,medium,0.1,0.0,0.0,50
track_a_fra_swa_linspr_txt_003439,track_b_fra_lin_swaspr_txt_003439,fra,track_b,high,0.09090909090909091,0.0,0.0,50
track_a_fra_swa_linspr_txt_003597,track_b_fra_lin_swaspr_txt_003597,fra,track_b,high,0.5,0.0,0.6309297535714575,50
track_a_fra_swa_linspr_txt_002793,track_b_fra_lin_swaspr_txt_002793,fra,track_b,high,1.0,1.0,1.0,50
track_b_fra_lin_swaspr_txt_001614,track_b_fra_lin_swaspr_txt_001385,fra,track_b,medium,0.2,0.0,0.38685280723454163,50
track_a_fra_swa_linspr_txt_002165,track_b_fra_lin_swaspr_txt_002165,fra,track_b,medium,1.0,1.0,1.0,50
track_a_fra_swa_linspr_txt_003293,track_b_fra_lin_swaspr_txt_003293,fra,track_b,high,1.0,1.0,1.0,50
track_a_fra_swa_linspr_txt_000062,track_b_fra_lin_swaspr_txt_000062,fra,track_b,high,1.0,1.0,1.0,50
track_b_fra_lin_swaspr_txt_000020,track_b_fra_lin_swaspr_txt_003219,fra,track_b,high,0.2,0.0,0.38685280723454163,50
track_b_fra_lin_swaspr_txt_001463,track_b_fra_lin_swaspr_txt_001385,fra,track_b,medium,0.14285714285714285,0.0,0.0,50
track_a_fra_swa_linspr_txt_003960,track_b_fra_lin_swaspr_txt_003960,fra,track_b,high,1.0,1.0,1.0,50
track_a_fra_swa_linspr_txt_003963,track_b_fra_lin_swaspr_txt_003963,fra,track_b,high,1.0,1.0,1.0,50
track_a_fra_swa_linspr_txt_000533,track_b_fra_lin_swaspr_txt_000533,fra,track_b,high,1.0,1.0,1.0,50
track_a_fra_swa_linspr_txt_002231,track_b_fra_lin_swaspr_txt_002231,fra,track_b,medium,1.0,1.0,1.0,50
track_a_fra_swa_linspr_txt_002878,track_b_fra_lin_swaspr_txt_002878,fra,track_b,high,1.0,1.0,1.0,50
track_a_fra_swa_linspr_txt_003201,track_b_fra_lin_swaspr_txt_003201,fra,track_b,medium,1.0,1.0,1.0,50
track_b_fra_lin_swaspr_txt_001092,track_b_fra_lin_swaspr_txt_001338,fra,track_b,medium,0.1,0.0,0.0,50
track_b_fra_lin_swaspr_txt_001357,track_b_fra_lin_swaspr_txt_000840,fra,track_b,high,0.1,0.0,0.0,50
track_a_fra_swa_linspr_txt_003938,track_b_fra_lin_swaspr_txt_003938,fra,track_b,medium,1.0,1.0,1.0,50
track_b_fra_lin_swaspr_txt_000831,track_b_fra_lin_swaspr_txt_001921,fra,track_b,high,0.16666666666666666,0.0,0.0,50
track_a_fra_swa_linspr_txt_000899,track_b_fra_lin_swaspr_txt_000899,fra,track_b,medium,1.0,1.0,1.0,50
track_a_fra_swa_linspr_txt_001367,track_b_fra_lin_swaspr_txt_001367,fra,track_b,high,1.0,1.0,1.0,50
track_b_fra_lin_swaspr_txt_002411,track_b_fra_lin_swaspr_txt_001371,fra,track_b,high,0.0625,0.0,0.0,50
track_b_fra_lin_swaspr_txt_001910,track_b_fra_lin_swaspr_txt_000496,fra,track_b,high,0.08333333333333333,0.0,0.0,50
track_a_fra_swa_linspr_txt_002837,track_b_fra_lin_swaspr_txt_002837,fra,track_b,high,1.0,1.0,1.0,50
track_b_fra_lin_swaspr_txt_003201,track_b_fra_lin_swaspr_txt_001385,fra,track_b,medium,0.05,0.0,0.0,50
track_b_fra_lin_swaspr_txt_001004,track_b_fra_lin_swaspr_txt_001537,fra,track_b,high,1.0,1.0,1.0,50
track_a_fra_swa_linspr_txt_003188,track_b_fra_lin_swaspr_txt_003188,fra,track_b,medium,1.0,1.0,1.0,50
track_b_fra_lin_swaspr_txt_002820,track_b_fra_lin_swaspr_txt_001385,fra,track_b,high,0.07692307692307693,0.0,0.0,50
track_a_fra_swa_linspr_txt_001338,track_b_fra_lin_swaspr_txt_001338,fra,track_b,high,1.0,1.0,1.0,50
track_b_fra_lin_swaspr_txt_003991,track_b_fra_lin_swaspr_txt_001463,fra,track_b,high,0.1,0.0,0.0,50
track_b_fra_lin_swaspr_txt_003216,track_b_fra_lin_swaspr_txt_002364,fra,track_b,high,1.0,1.0,1.0,50
track_b_fra_lin_swaspr_txt_000036,track_b_fra_lin_swaspr_txt_001197,fra,track_b,high,0.16666666666666666,0.0,0.0,50
track_a_fra_swa_linspr_txt_001806,track_b_fra_lin_swaspr_txt_001806,fra,track_b,high,1.0,1.0,1.0,50
track_b_fra_lin_swaspr_txt_002385,track_b_fra_lin_swaspr_txt_001310,fra,track_b,high,0.5,0.0,0.6309297535714575,50
track_b_fra_lin_swaspr_txt_002510,track_b_fra_lin_swaspr_txt_001463,fra,track_b,high,0.08333333333333333,0.0,0.0,50
track_a_fra_swa_linspr_txt_002294,track_b_fra_lin_swaspr_txt_002294,fra,track_b,high,1.0,1.0,1.0,50
track_b_fra_lin_swaspr_txt_001316,track_b_fra_lin_swaspr_txt_000899,fra,track_b,medium,1.0,1.0,1.0,50
track_b_fra_lin_swaspr_txt_002233,track_b_fra_lin_swaspr_txt_001306,fra,track_b,medium,0.1,0.0,0.0,50
track_a_fra_swa_linspr_txt_002587,track_b_fra_lin_swaspr_txt_002587,fra,track_b,high,1.0,1.0,1.0,50
track_a_fra_swa_linspr_txt_000738,track_b_fra_lin_swaspr_txt_000738,fra,track_b,high,1.0,1.0,1.0,50
track_b_fra_lin_swaspr_txt_003938,track_b_fra_lin_swaspr_txt_002014,fra,track_b,high,0.06666666666666667,0.0,0.0,50
track_a_fra_swa_linspr_txt_001145,track_b_fra_lin_swaspr_txt_001145,fra,track_b,high,1.0,1.0,1.0,50
track_a_fra_swa_linspr_txt_000166,track_b_fra_lin_swaspr_txt_000166,fra,track_b,high,1.0,1.0,1.0,50
track_b_fra_lin_swaspr_txt_000300,track_b_fra_lin_swaspr_txt_000231,fra,track_b,high,0.25,0.0,0.43067655807339306,50
track_b_fra_lin_swaspr_txt_002191,track_b_fra_lin_swaspr_txt_001295,fra,track_b,medium,0.2,0.0,0.38685280723454163,50
track_a_fra_swa_linspr_txt_000461,track_b_fra_lin_swaspr_txt_000461,fra,track_b,high,1.0,1.0,1.0,50
track_b_fra_lin_swaspr_txt_000819,track_b_fra_lin_swaspr_txt_001734,fra,track_b,medium,0.07142857142857142,0.0,0.0,50
track_a_fra_swa_linspr_txt_001586,track_b_fra_lin_swaspr_txt_001586,fra,track_b,high,1.0,1.0,1.0,50
track_b_fra_lin_swaspr_txt_003479,track_b_fra_lin_swaspr_txt_001338,fra,track_b,high,0.1,0.0,0.0,50
track_b_fra_lin_swaspr_txt_003598,track_b_fra_lin_swaspr_txt_002008,fra,track_b,medium,0.08333333333333333,0.0,0.0,50
track_a_fra_swa_linspr_txt_003991,track_b_fra_lin_swaspr_txt_003991,fra,track_b,medium,1.0,1.0,1.0,50
track_a_fra_swa_linspr_txt_002023,track_b_fra_lin_swaspr_txt_002023,fra,track_b,medium,0.1,0.0,0.0,50
track_a_fra_swa_linspr_txt_003507,track_b_fra_lin_swaspr_txt_003507,fra,track_b,medium,1.0,1.0,1.0,50
track_a_fra_swa_linspr_txt_000831,track_b_fra_lin_swaspr_txt_000831,fra,track_b,high,0.125,0.0,0.0,50
track_b_fra_lin_swaspr_txt_002250,track_b_fra_lin_swaspr_txt_000481,fra,track_b,high,0.09090909090909091,0.0,0.0,50
track_b_fra_lin_swaspr_txt_001935,track_b_fra_lin_swaspr_txt_000632,fra,track_b,medium,0.08333333333333333,0.0,0.0,50
track_b_fra_lin_swaspr_txt_002014,track_b_fra_lin_swaspr_txt_002409,fra,track_b,high,0.07692307692307693,0.0,0.0,50
track_a_fra_swa_linspr_txt_001626,track_b_fra_lin_swaspr_txt_001626,fra,track_b,high,1.0,1.0,1.0,50
track_b_fra_lin_swaspr_txt_000461,track_b_fra_lin_swaspr_txt_001338,fra,track_b,high,0.07692307692307693,0.0,0.0,50
track_b_fra_lin_swaspr_txt_003597,track_b_fra_lin_swaspr_txt_001745,fra,track_b,high,0.07692307692307693,0.0,0.0,50
track_b_fra_lin_swaspr_txt_002921,track_b_fra_lin_swaspr_txt_003271,fra,track_b,medium,0.3333333333333333,0.0,0.5,50
track_a_fra_swa_linspr_txt_001249,track_b_fra_lin_swaspr_txt_001249,fra,track_b,high,1.0,1.0,1.0,50
track_a_fra_swa_linspr_txt_003988,track_b_fra_lin_swaspr_txt_003988,fra,track_b,medium,1.0,1.0,1.0,50
track_b_fra_lin_swaspr_txt_000579,track_b_fra_lin_swaspr_txt_001385,fra,track_b,high,0.07692307692307693,0.0,0.0,50
track_b_fra_lin_swaspr_txt_001029,track_b_fra_lin_swaspr_txt_001385,fra,track_b,high,0.07692307692307693,0.0,0.0,50
track_b_fra_lin_swaspr_txt_003958,track_b_fra_lin_swaspr_txt_001759,fra,track_b,medium,0.3333333333333333,0.0,0.5,50
track_a_fra_swa_linspr_txt_002510,track_b_fra_lin_swaspr_txt_002510,fra,track_b,medium,1.0,1.0,1.0,50
track_a_fra_swa_linspr_txt_002623,track_b_fra_lin_swaspr_txt_002623,fra,track_b,high,1.0,1.0,1.0,50
track_a_fra_swa_linspr_txt_001932,track_b_fra_lin_swaspr_txt_001932,fra,track_b,high,1.0,1.0,1.0,50
track_a_fra_swa_linspr_txt_001801,track_b_fra_lin_swaspr_txt_001801,fra,track_b,medium,0.1,0.0,0.0,50
track_b_fra_lin_swaspr_txt_002236,track_b_fra_lin_swaspr_txt_001921,fra,track_b,medium,0.3333333333333333,0.0,0.5,50
track_a_fra_swa_linspr_txt_003107,track_b_fra_lin_swaspr_txt_003107,fra,track_b,high,1.0,1.0,1.0,50
track_b_fra_lin_swaspr_txt_000945,track_b_fra_lin_swaspr_txt_003938,fra,track_b,high,0.5,0.0,0.6309297535714575,50
track_b_fra_lin_swaspr_txt_000878,track_b_fra_lin_swaspr_txt_000062,fra,track_b,high,1.0,1.0,1.0,50
track_a_fra_swa_linspr_txt_003218,track_b_fra_lin_swaspr_txt_003218,fra,track_b,high,1.0,1.0,1.0,50
track_b_fra_lin_swaspr_txt_003595,track_b_fra_lin_swaspr_txt_001632,fra,track_b,high,0.25,0.0,0.43067655807339306,50
track_b_fra_lin_swaspr_txt_000353,track_b_fra_lin_swaspr_txt_001698,fra,track_b,high,0.08333333333333333,0.0,0.0,50
track_a_fra_swa_linspr_txt_000498,track_b_fra_lin_swaspr_txt_000498,fra,track_b,high,0.5,0.0,0.6309297535714575,50
track_a_fra_swa_linspr_txt_001472,track_b_fra_lin_swaspr_txt_001472,fra,track_b,medium,1.0,1.0,1.0,50
track_b_fra_lin_swaspr_txt_001531,track_b_fra_lin_swaspr_txt_001632,fra,track_b,medium,0.2,0.0,0.38685280723454163,50
track_a_fra_swa_linspr_txt_000010,track_b_fra_lin_swaspr_txt_000010,fra,track_b,medium,1.0,1.0,1.0,50
track_b_fra_lin_swaspr_txt_003851,track_b_fra_lin_swaspr_txt_001574,fra,track_b,high,0.058823529411764705,0.0,0.0,50
track_b_fra_lin_swaspr_txt_002639,track_b_fra_lin_swaspr_txt_001734,fra,track_b,high,0.3333333333333333,0.0,0.5,50
track_a_fra_swa_linspr_txt_001910,track_b_fra_lin_swaspr_txt_001910,fra,track_b,high,1.0,1.0,1.0,50
track_a_fra_swa_linspr_txt_002459,track_b_fra_lin_swaspr_txt_002459,fra,track_b,high,1.0,1.0,1.0,50
track_a_fra_swa_linspr_txt_001260,track_b_fra_lin_swaspr_txt_001260,fra,track_b,high,1.0,1.0,1.0,50
track_b_fra_lin_swaspr_txt_001611,track_b_fra_lin_swaspr_txt_001921,fra,track_b,medium,0.1111111111111111,0.0,0.0,50
track_a_fra_swa_linspr_txt_002008,track_b_fra_lin_swaspr_txt_002008,fra,track_b,medium,1.0,1.0,1.0,50
track_a_fra_swa_linspr_txt_002314,track_b_fra_lin_swaspr_txt_002314,fra,track_b,high,1.0,1.0,1.0,50
track_b_fra_lin_swaspr_txt_001686,track_b_fra_lin_swaspr_txt_002690,fra,track_b,medium,0.1111111111111111,0.0,0.0,50
track_a_fra_swa_linspr_txt_002060,track_b_fra_lin_swaspr_txt_002060,fra,track_b,high,1.0,1.0,1.0,50
track_b_fra_lin_swaspr_txt_002654,track_b_fra_lin_swaspr_txt_002364,fra,track_b,high,0.14285714285714285,0.0,0.0,50
track_b_fra_lin_swaspr_txt_001861,track_b_fra_lin_swaspr_txt_001338,fra,track_b,medium,0.09090909090909091,0.0,0.0,50
track_a_fra_swa_linspr_txt_000144,track_b_fra_lin_swaspr_txt_000144,fra,track_b,medium,0.25,0.0,0.43067655807339306,50
track_b_fra_lin_swaspr_txt_002231,track_b_fra_lin_swaspr_txt_001698,fra,track_b,high,0.1,0.0,0.0,50
track_a_fra_swa_linspr_txt_003910,track_b_fra_lin_swaspr_txt_003910,fra,track_b,high,0.5,0.0,0.6309297535714575,50
track_b_fra_lin_swaspr_txt_003319,track_b_fra_lin_swaspr_txt_000899,fra,track_b,high,0.0625,0.0,0.0,50
track_b_fra_lin_swaspr_txt_002690,track_b_fra_lin_swaspr_txt_001686,fra,track_b,medium,0.125,0.0,0.0,50
track_b_fra_lin_swaspr_txt_001695,track_b_fra_lin_swaspr_txt_002364,fra,track_b,high,0.1,0.0,0.0,50
track_b_fra_lin_swaspr_txt_001270,track_b_fra_lin_swaspr_txt_003219,fra,track_b,medium,0.14285714285714285,0.0,0.0,50
track_a_fra_swa_linspr_txt_003619,track_b_fra_lin_swaspr_txt_003619,fra,track_b,high,0.07692307692307693,0.0,0.0,50
track_b_fra_lin_swaspr_txt_000606,track_b_fra_lin_swaspr_txt_001385,fra,track_b,high,0.09090909090909091,0.0,0.0,50
track_b_fra_lin_swaspr_txt_003910,track_b_fra_lin_swaspr_txt_001338,fra,track_b,high,0.1,0.0,0.0,50
track_a_fra_swa_linspr_txt_003283,track_b_fra_lin_swaspr_txt_003283,fra,track_b,medium,1.0,1.0,1.0,50
track_a_fra_swa_linspr_txt_001882,track_b_fra_lin_swaspr_txt_001882,fra,track_b,medium,1.0,1.0,1.0,50
track_a_fra_swa_linspr_txt_001274,track_b_fra_lin_swaspr_txt_001274,fra,track_b,medium,1.0,1.0,1.0,50
track_b_fra_lin_swaspr_txt_001970,track_b_fra_lin_swaspr_txt_001632,fra,track_b,medium,1.0,1.0,1.0,50
track_a_fra_swa_linspr_txt_003314,track_b_fra_lin_swaspr_txt_003314,fra,track_b,high,0.5,0.0,0.6309297535714575,50
track_a_fra_swa_linspr_txt_003005,track_b_fra_lin_swaspr_txt_003005,fra,track_b,high,1.0,1.0,1.0,50
track_b_fra_lin_swaspr_txt_003918,track_b_fra_lin_swaspr_txt_003770,fra,track_b,medium,0.125,0.0,0.0,50
track_b_fra_lin_swaspr_txt_003087,track_b_fra_lin_swaspr_txt_001632,fra,track_b,high,0.2,0.0,0.38685280723454163,50
track_b_fra_lin_swaspr_txt_003884,track_b_fra_lin_swaspr_txt_001632,fra,track_b,medium,0.08333333333333333,0.0,0.0,50
track_a_fra_swa_linspr_txt_002957,track_b_fra_lin_swaspr_txt_002957,fra,track_b,high,1.0,1.0,1.0,50
track_a_fra_swa_linspr_txt_000496,track_b_fra_lin_swaspr_txt_000496,fra,track_b,high,1.0,1.0,1.0,50
track_a_fra_swa_linspr_txt_002262,track_b_fra_lin_swaspr_txt_002262,fra,track_b,high,1.0,1.0,1.0,50
track_a_fra_swa_linspr_txt_002049,track_b_fra_lin_swaspr_txt_002049,fra,track_b,high,1.0,1.0,1.0,50
track_b_fra_lin_swaspr_txt_001966,track_b_fra_lin_swaspr_txt_001632,fra,track_b,medium,0.07142857142857142,0.0,0.0,50
track_a_fra_swa_linspr_txt_001128,track_b_fra_lin_swaspr_txt_001128,fra,track_b,medium,1.0,1.0,1.0,50
track_a_fra_swa_linspr_txt_002747,track_b_fra_lin_swaspr_txt_002747,fra,track_b,high,1.0,1.0,1.0,50
track_b_fra_lin_swaspr_txt_003797,track_b_fra_lin_swaspr_txt_001734,fra,track_b,high,0.1,0.0,0.0,50
track_b_fra_lin_swaspr_txt_003619,track_b_fra_lin_swaspr_txt_001614,fra,track_b,high,0.08333333333333333,0.0,0.0,50
track_a_fra_swa_linspr_txt_002474,track_b_fra_lin_swaspr_txt_002474,fra,track_b,high,1.0,1.0,1.0,50
track_a_fra_swa_linspr_txt_002806,track_b_fra_lin_swaspr_txt_002806,fra,track_b,medium,1.0,1.0,1.0,50
track_b_fra_lin_swaspr_txt_001801,track_b_fra_lin_swaspr_txt_001385,fra,track_b,high,0.07692307692307693,0.0,0.0,50
track_a_fra_swa_linspr_txt_002233,track_b_fra_lin_swaspr_txt_002233,fra,track_b,medium,1.0,1.0,1.0,50
track_a_fra_swa_linspr_txt_001197,track_b_fra_lin_swaspr_txt_001197,fra,track_b,high,1.0,1.0,1.0,50
track_b_fra_lin_swaspr_txt_001586,track_b_fra_lin_swaspr_txt_001260,fra,track_b,high,0.16666666666666666,0.0,0.0,50
track_a_fra_swa_linspr_txt_000764,track_b_fra_lin_swaspr_txt_000764,fra,track_b,high,1.0,1.0,1.0,50
track_a_fra_swa_linspr_txt_000999,track_b_fra_lin_swaspr_txt_000999,fra,track_b,medium,1.0,1.0,1.0,50
track_a_fra_swa_linspr_txt_001306,track_b_fra_lin_swaspr_txt_001306,fra,track_b,medium,1.0,1.0,1.0,50
track_b_fra_lin_swaspr_txt_000888,track_b_fra_lin_swaspr_txt_001953,fra,track_b,medium,0.07692307692307693,0.0,0.0,50
track_a_fra_swa_linspr_txt_000842,track_b_fra_lin_swaspr_txt_000842,fra,track_b,medium,1.0,1.0,1.0,50
track_b_fra_lin_swaspr_txt_002066,track_b_fra_lin_swaspr_txt_001632,fra,track_b,medium,0.08333333333333333,0.0,0.0,50
track_b_fra_lin_swaspr_txt_003731,track_b_fra_lin_swaspr_txt_000036,fra,track_b,high,0.1,0.0,0.0,50
track_b_fra_lin_swaspr_txt_001306,track_b_fra_lin_swaspr_txt_003314,fra,track_b,high,0.1,0.0,0.0,50
track_a_fra_swa_linspr_txt_000828,track_b_fra_lin_swaspr_txt_000828,fra,track_b,medium,0.25,0.0,0.43067655807339306,50
track_a_fra_swa_linspr_txt_000020,track_b_fra_lin_swaspr_txt_000020,fra,track_b,high,0.1,0.0,0.0,50
track_b_fra_lin_swaspr_txt_002096,track_b_fra_lin_swaspr_txt_002409,fra,track_b,high,0.08333333333333333,0.0,0.0,50
track_b_fra_lin_swaspr_txt_002283,track_b_fra_lin_swaspr_txt_001463,lin,track_b,high,0.06666666666666667,0.0,0.0,50
track_b_fra_lin_swaspr_txt_002956,track_b_fra_lin_swaspr_txt_001698,lin,track_b,high,0.25,0.0,0.43067655807339306,50
track_b_fra_lin_swaspr_txt_001171,track_b_fra_lin_swaspr_txt_000175,lin,track_b,high,0.125,0.0,0.0,50
track_b_fra_lin_swaspr_txt_001215,track_b_fra_lin_swaspr_txt_000478,lin,track_b,high,0.5,0.0,0.6309297535714575,50
track_b_fra_lin_swaspr_txt_000084,track_b_fra_lin_swaspr_txt_003770,lin,track_b,high,1.0,1.0,1.0,50
track_b_fra_lin_swaspr_txt_001542,track_b_fra_lin_swaspr_txt_001734,lin,track_b,medium,0.1,0.0,0.0,50
track_a_fra_swa_linspr_txt_000140,track_b_fra_lin_swaspr_txt_000140,lin,track_b,high,1.0,1.0,1.0,50
track_b_fra_lin_swaspr_txt_000726,track_b_fra_lin_swaspr_txt_001260,lin,track_b,medium,0.3333333333333333,0.0,0.5,50
track_b_fra_lin_swaspr_txt_002516,track_b_fra_lin_swaspr_txt_001338,lin,track_b,high,0.09090909090909091,0.0,0.0,50
track_b_fra_lin_swaspr_txt_001575,track_b_fra_lin_swaspr_txt_000812,lin,track_b,medium,0.5,0.0,0.6309297535714575,50
track_b_fra_lin_swaspr_txt_002801,track_b_fra_lin_swaspr_txt_001463,lin,track_b,high,0.1,0.0,0.0,50
track_b_fra_lin_swaspr_txt_002803,track_b_fra_lin_swaspr_txt_001310,lin,track_b,high,0.2,0.0,0.38685280723454163,50
track_b_fra_lin_swaspr_txt_000892,track_b_fra_lin_swaspr_txt_002956,lin,track_b,medium,0.058823529411764705,0.0,0.0,50
track_b_fra_lin_swaspr_txt_000682,track_b_fra_lin_swaspr_txt_001921,lin,track_b,high,1.0,1.0,1.0,50
track_b_fra_lin_swaspr_txt_000231,track_b_fra_lin_swaspr_txt_003314,lin,track_b,medium,0.1,0.0,0.0,50
track_b_fra_lin_swaspr_txt_000912,track_b_fra_lin_swaspr_txt_001306,lin,track_b,high,0.1,0.0,0.0,50
track_b_fra_lin_swaspr_txt_002793,track_b_fra_lin_swaspr_txt_001970,lin,track_b,medium,0.08333333333333333,0.0,0.0,50
track_b_fra_lin_swaspr_txt_001776,track_b_fra_lin_swaspr_txt_000899,lin,track_b,high,0.1,0.0,0.0,50
track_b_fra_lin_swaspr_txt_000953,track_b_fra_lin_swaspr_txt_000840,lin,track_b,high,1.0,1.0,1.0,50
track_b_fra_lin_swaspr_txt_000670,track_b_fra_lin_swaspr_txt_001611,lin,track_b,high,0.1,0.0,0.0,50
track_a_fra_swa_linspr_txt_003760,track_b_fra_lin_swaspr_txt_003760,lin,track_b,high,1.0,1.0,1.0,50
track_b_fra_lin_swaspr_txt_002581,track_b_fra_lin_swaspr_txt_001338,lin,track_b,medium,0.1,0.0,0.0,50
track_b_fra_lin_swaspr_txt_003724,track_b_fra_lin_swaspr_txt_001632,lin,track_b,medium,0.1111111111111111,0.0,0.0,50
track_b_fra_lin_swaspr_txt_000050,track_b_fra_lin_swaspr_txt_001573,lin,track_b,high,0.1111111111111111,0.0,0.0,50
track_b_fra_lin_swaspr_txt_002747,track_b_fra_lin_swaspr_txt_001338,lin,track_b,medium,0.1,0.0,0.0,50
track_b_fra_lin_swaspr_txt_003475,track_b_fra_lin_swaspr_txt_001385,lin,track_b,medium,0.09090909090909091,0.0,0.0,50
track_b_fra_lin_swaspr_txt_003617,track_b_fra_lin_swaspr_txt_000840,lin,track_b,high,0.1,0.0,0.0,50
track_b_fra_lin_swaspr_txt_003283,track_b_fra_lin_swaspr_txt_001249,lin,track_b,high,0.08333333333333333,0.0,0.0,50
track_b_fra_lin_swaspr_txt_003270,track_b_fra_lin_swaspr_txt_001385,lin,track_b,medium,0.058823529411764705,0.0,0.0,50
track_b_fra_lin_swaspr_txt_002632,track_b_fra_lin_swaspr_txt_001759,lin,track_b,high,1.0,1.0,1.0,50
track_b_fra_lin_swaspr_txt_000764,track_b_fra_lin_swaspr_txt_000840,lin,track_b,high,0.25,0.0,0.43067655807339306,50
track_b_fra_lin_swaspr_txt_002689,track_b_fra_lin_swaspr_txt_003283,lin,track_b,high,1.0,1.0,1.0,50
track_b_fra_lin_swaspr_txt_000041,track_b_fra_lin_swaspr_txt_001863,lin,track_b,high,0.2,0.0,0.38685280723454163,50
track_b_fra_lin_swaspr_txt_002474,track_b_fra_lin_swaspr_txt_001316,lin,track_b,high,0.2,0.0,0.38685280723454163,50
track_b_fra_lin_swaspr_txt_001807,track_b_fra_lin_swaspr_txt_002014,lin,track_b,high,0.1111111111111111,0.0,0.0,50
track_b_fra_lin_swaspr_txt_002174,track_b_fra_lin_swaspr_txt_002409,lin,track_b,high,0.2,0.0,0.38685280723454163,50
track_b_fra_lin_swaspr_txt_000069,track_b_fra_lin_swaspr_txt_001371,lin,track_b,high,0.1,0.0,0.0,50
track_b_fra_lin_swaspr_txt_001367,track_b_fra_lin_swaspr_txt_001295,lin,track_b,high,0.125,0.0,0.0,50
track_b_fra_lin_swaspr_txt_003931,track_b_fra_lin_swaspr_txt_001632,lin,track_b,high,0.2,0.0,0.38685280723454163,50
track_b_fra_lin_swaspr_txt_000168,track_b_fra_lin_swaspr_txt_001882,lin,track_b,high,1.0,1.0,1.0,50
track_b_fra_lin_swaspr_txt_000277,track_b_fra_lin_swaspr_txt_001371,lin,track_b,high,0.08333333333333333,0.0,0.0,50
track_b_fra_lin_swaspr_txt_001548,track_b_fra_lin_swaspr_txt_000083,lin,track_b,medium,1.0,1.0,1.0,50
track_b_fra_lin_swaspr_txt_001400,track_b_fra_lin_swaspr_txt_003216,lin,track_b,medium,0.1,0.0,0.0,50
track_b_fra_lin_swaspr_txt_001573,track_b_fra_lin_swaspr_txt_001472,lin,track_b,high,0.0625,0.0,0.0,50
track_b_fra_lin_swaspr_txt_003899,track_b_fra_lin_swaspr_txt_001537,lin,track_b,high,1.0,1.0,1.0,50
track_b_fra_lin_swaspr_txt_000452,track_b_fra_lin_swaspr_txt_003938,lin,track_b,high,0.2,0.0,0.38685280723454163,50
track_b_fra_lin_swaspr_txt_002128,track_b_fra_lin_swaspr_txt_001734,lin,track_b,high,0.06666666666666667,0.0,0.0,50
track_b_fra_lin_swaspr_txt_003550,track_b_fra_lin_swaspr_txt_001611,lin,track_b,high,0.08333333333333333,0.0,0.0,50
track_b_fra_lin_swaspr_txt_003665,track_b_fra_lin_swaspr_txt_001632,lin,track_b,high,0.1,0.0,0.0,50
track_b_fra_lin_swaspr_txt_003507,track_b_fra_lin_swaspr_txt_000840,lin,track_b,high,0.08333333333333333,0.0,0.0,50
track_b_fra_lin_swaspr_txt_002175,track_b_fra_lin_swaspr_txt_002262,lin,track_b,medium,0.2,0.0,0.38685280723454163,50
track_b_fra_lin_swaspr_txt_000544,track_b_fra_lin_swaspr_txt_003219,lin,track_b,high,0.2,0.0,0.38685280723454163,50
track_b_fra_lin_swaspr_txt_001689,track_b_fra_lin_swaspr_txt_001385,lin,track_b,high,0.125,0.0,0.0,50
track_b_fra_lin_swaspr_txt_000481,track_b_fra_lin_swaspr_txt_001385,lin,track_b,high,0.16666666666666666,0.0,0.0,50
track_b_fra_lin_swaspr_txt_002300,track_b_fra_lin_swaspr_txt_002024,lin,track_b,high,0.09090909090909091,0.0,0.0,50
track_b_fra_lin_swaspr_txt_002251,track_b_fra_lin_swaspr_txt_001632,lin,track_b,medium,0.09090909090909091,0.0,0.0,50
track_b_fra_lin_swaspr_txt_003063,track_b_fra_lin_swaspr_txt_000010,lin,track_b,high,0.09090909090909091,0.0,0.0,50
track_b_fra_lin_swaspr_txt_002122,track_b_fra_lin_swaspr_txt_001316,lin,track_b,high,0.14285714285714285,0.0,0.0,50
track_b_fra_lin_swaspr_txt_002261,track_b_fra_lin_swaspr_txt_002411,lin,track_b,medium,0.09090909090909091,0.0,0.0,50
track_b_fra_lin_swaspr_txt_002596,track_b_fra_lin_swaspr_txt_001632,lin,track_b,medium,0.3333333333333333,0.0,0.5,50
track_b_fra_lin_swaspr_txt_003992,track_b_fra_lin_swaspr_txt_001338,lin,track_b,high,0.08333333333333333,0.0,0.0,50
track_b_fra_lin_swaspr_txt_003291,track_b_fra_lin_swaspr_txt_002014,lin,track_b,high,0.08333333333333333,0.0,0.0,50
track_b_fra_lin_swaspr_txt_000686,track_b_fra_lin_swaspr_txt_000819,lin,track_b,high,0.3333333333333333,0.0,0.5,50
track_b_fra_lin_swaspr_txt_001921,track_b_fra_lin_swaspr_txt_001611,lin,track_b,high,0.1,0.0,0.0,50
track_b_fra_lin_swaspr_txt_001472,track_b_fra_lin_swaspr_txt_001573,lin,track_b,medium,0.16666666666666666,0.0,0.0,50
track_b_fra_lin_swaspr_txt_003119,track_b_fra_lin_swaspr_txt_000478,lin,track_b,high,0.25,0.0,0.43067655807339306,50
track_b_fra_lin_swaspr_txt_003963,track_b_fra_lin_swaspr_txt_002014,lin,track_b,medium,1.0,1.0,1.0,50
track_b_fra_lin_swaspr_txt_001274,track_b_fra_lin_swaspr_txt_000478,lin,track_b,medium,0.1111111111111111,0.0,0.0,50
track_b_fra_lin_swaspr_txt_000496,track_b_fra_lin_swaspr_txt_001108,lin,track_b,medium,0.07142857142857142,0.0,0.0,50
track_b_fra_lin_swaspr_txt_002845,track_b_fra_lin_swaspr_txt_001745,lin,track_b,high,0.1,0.0,0.0,50
track_b_fra_lin_swaspr_txt_001626,track_b_fra_lin_swaspr_txt_001698,lin,track_b,medium,0.09090909090909091,0.0,0.0,50
track_b_fra_lin_swaspr_txt_002464,track_b_fra_lin_swaspr_txt_003314,lin,track_b,high,0.25,0.0,0.43067655807339306,50
track_b_fra_lin_swaspr_txt_001743,track_b_fra_lin_swaspr_txt_001463,lin,track_b,medium,0.08333333333333333,0.0,0.0,50
track_b_fra_lin_swaspr_txt_003251,track_b_fra_lin_swaspr_txt_001316,lin,track_b,high,0.1,0.0,0.0,50
track_b_fra_lin_swaspr_txt_002023,track_b_fra_lin_swaspr_txt_001463,lin,track_b,high,0.06666666666666667,0.0,0.0,50
track_b_fra_lin_swaspr_txt_001310,track_b_fra_lin_swaspr_txt_001463,lin,track_b,medium,0.07692307692307693,0.0,0.0,50
track_b_fra_lin_swaspr_txt_001775,track_b_fra_lin_swaspr_txt_001573,lin,track_b,high,0.25,0.0,0.43067655807339306,50
track_b_fra_lin_swaspr_txt_000216,track_b_fra_lin_swaspr_txt_001854,lin,track_b,high,0.1,0.0,0.0,50
track_a_fra_swa_linspr_txt_000565,track_b_fra_lin_swaspr_txt_000565,lin,track_b,high,1.0,1.0,1.0,50
track_b_fra_lin_swaspr_txt_003568,track_b_fra_lin_swaspr_txt_001270,lin,track_b,high,0.14285714285714285,0.0,0.0,50
track_b_fra_lin_swaspr_txt_003482,track_b_fra_lin_swaspr_txt_000175,lin,track_b,high,0.1,0.0,0.0,50
track_b_fra_lin_swaspr_txt_002503,track_b_fra_lin_swaspr_txt_002608,lin,track_b,high,0.16666666666666666,0.0,0.0,50
track_b_fra_lin_swaspr_txt_000924,track_b_fra_lin_swaspr_txt_001632,lin,track_b,high,0.2,0.0,0.38685280723454163,50
track_b_fra_lin_swaspr_txt_001953,track_b_fra_lin_swaspr_txt_001882,lin,track_b,medium,0.5,0.0,0.6309297535714575,50
track_b_fra_lin_swaspr_txt_000072,track_b_fra_lin_swaspr_txt_000376,lin,track_b,high,0.1,0.0,0.0,50
track_b_fra_lin_swaspr_txt_001041,track_b_fra_lin_swaspr_txt_000544,lin,track_b,high,0.058823529411764705,0.0,0.0,50
track_b_fra_lin_swaspr_txt_002587,track_b_fra_lin_swaspr_txt_000496,lin,track_b,high,0.25,0.0,0.43067655807339306,50
track_b_fra_lin_swaspr_txt_000533,track_b_fra_lin_swaspr_txt_002008,lin,track_b,medium,0.16666666666666666,0.0,0.0,50
track_b_fra_lin_swaspr_txt_001338,track_b_fra_lin_swaspr_txt_001632,lin,track_b,high,0.1,0.0,0.0,50
track_b_fra_lin_swaspr_txt_002858,track_b_fra_lin_swaspr_txt_002364,lin,track_b,medium,0.08333333333333333,0.0,0.0,50
track_b_fra_lin_swaspr_txt_000920,track_b_fra_lin_swaspr_txt_000461,lin,track_b,high,0.16666666666666666,0.0,0.0,50
track_b_fra_lin_swaspr_txt_002314,track_b_fra_lin_swaspr_txt_001371,lin,track_b,high,0.05263157894736842,0.0,0.0,50
track_b_fra_lin_swaspr_txt_002097,track_b_fra_lin_swaspr_txt_001108,lin,track_b,high,0.09090909090909091,0.0,0.0,50
track_b_fra_lin_swaspr_txt_003180,track_b_fra_lin_swaspr_txt_001611,lin,track_b,medium,0.09090909090909091,0.0,0.0,50
track_b_fra_lin_swaspr_txt_002825,track_b_fra_lin_swaspr_txt_000051,lin,track_b,high,0.1111111111111111,0.0,0.0,50
track_b_fra_lin_swaspr_txt_001498,track_b_fra_lin_swaspr_txt_003219,lin,track_b,high,0.1111111111111111,0.0,0.0,50
track_b_fra_lin_swaspr_txt_003983,track_b_fra_lin_swaspr_txt_003958,lin,track_b,high,1.0,1.0,1.0,50
track_b_fra_lin_swaspr_txt_002008,track_b_fra_lin_swaspr_txt_001632,lin,track_b,high,0.1,0.0,0.0,50
track_b_fra_lin_swaspr_txt_001845,track_b_fra_lin_swaspr_txt_000633,lin,track_b,high,0.14285714285714285,0.0,0.0,50
track_b_fra_lin_swaspr_txt_002084,track_b_fra_lin_swaspr_txt_002409,lin,track_b,high,0.1,0.0,0.0,50
track_b_fra_lin_swaspr_txt_002409,track_b_fra_lin_swaspr_txt_002014,lin,track_b,high,0.1,0.0,0.0,50
track_b_fra_lin_swaspr_txt_000869,track_b_fra_lin_swaspr_txt_001364,lin,track_b,high,0.09090909090909091,0.0,0.0,50
track_b_fra_lin_swaspr_txt_001198,track_b_fra_lin_swaspr_txt_001970,lin,track_b,high,0.1,0.0,0.0,50
track_b_fra_lin_swaspr_txt_000595,track_b_fra_lin_swaspr_txt_000175,lin,track_b,high,1.0,1.0,1.0,50
track_b_fra_lin_swaspr_txt_001932,track_b_fra_lin_swaspr_txt_001295,lin,track_b,medium,0.1,0.0,0.0,50
track_b_fra_lin_swaspr_txt_000590,track_b_fra_lin_swaspr_txt_001338,lin,track_b,medium,0.09090909090909091,0.0,0.0,50
track_b_fra_lin_swaspr_txt_002170,track_b_fra_lin_swaspr_txt_000376,lin,track_b,high,1.0,1.0,1.0,50
track_b_fra_lin_swaspr_txt_002405,track_b_fra_lin_swaspr_txt_001463,lin,track_b,high,0.1,0.0,0.0,50
track_b_fra_lin_swaspr_txt_002377,track_b_fra_lin_swaspr_txt_001632,lin,track_b,high,0.1,0.0,0.0,50
track_b_fra_lin_swaspr_txt_001371,track_b_fra_lin_swaspr_txt_001761,lin,track_b,high,1.0,1.0,1.0,50
track_b_fra_lin_swaspr_txt_002417,track_b_fra_lin_swaspr_txt_001463,lin,track_b,medium,0.05,0.0,0.0,50
track_b_fra_lin_swaspr_txt_000633,track_b_fra_lin_swaspr_txt_001953,lin,track_b,medium,0.25,0.0,0.43067655807339306,50
track_b_fra_lin_swaspr_txt_003783,track_b_fra_lin_swaspr_txt_000888,lin,track_b,medium,0.16666666666666666,0.0,0.0,50
track_b_fra_lin_swaspr_txt_002878,track_b_fra_lin_swaspr_txt_001249,lin,track_b,medium,0.1,0.0,0.0,50
track_b_fra_lin_swaspr_txt_001242,track_b_fra_lin_swaspr_txt_003931,lin,track_b,high,1.0,1.0,1.0,50
track_b_fra_lin_swaspr_txt_001745,track_b_fra_lin_swaspr_txt_002845,lin,track_b,medium,1.0,1.0,1.0,50
track_b_fra_lin_swaspr_txt_001744,track_b_fra_lin_swaspr_txt_001338,lin,track_b,high,0.14285714285714285,0.0,0.0,50
track_b_fra_lin_swaspr_txt_001478,track_b_fra_lin_swaspr_txt_002956,lin,track_b,medium,1.0,1.0,1.0,50
track_b_fra_lin_swaspr_txt_000010,track_b_fra_lin_swaspr_txt_003216,lin,track_b,high,0.1111111111111111,0.0,0.0,50
track_b_fra_lin_swaspr_txt_001869,track_b_fra_lin_swaspr_txt_001385,lin,track_b,high,0.09090909090909091,0.0,0.0,50
track_b_fra_lin_swaspr_txt_002104,track_b_fra_lin_swaspr_txt_002377,lin,track_b,medium,0.07142857142857142,0.0,0.0,50
track_b_fra_lin_swaspr_txt_002859,track_b_fra_lin_swaspr_txt_003112,lin,track_b,medium,0.125,0.0,0.0,50
track_b_fra_lin_swaspr_txt_002294,track_b_fra_lin_swaspr_txt_002066,lin,track_b,medium,0.1111111111111111,0.0,0.0,50
track_b_fra_lin_swaspr_txt_001806,track_b_fra_lin_swaspr_txt_002261,lin,track_b,medium,0.1,0.0,0.0,50
track_b_fra_lin_swaspr_txt_001761,track_b_fra_lin_swaspr_txt_001371,lin,track_b,high,1.0,1.0,1.0,50
track_b_fra_lin_swaspr_txt_000049,track_b_fra_lin_swaspr_txt_000498,lin,track_b,high,0.3333333333333333,0.0,0.5,50
track_b_fra_lin_swaspr_txt_003760,track_b_fra_lin_swaspr_txt_000376,lin,track_b,high,0.09090909090909091,0.0,0.0,50
track_b_fra_lin_swaspr_txt_002974,track_b_fra_lin_swaspr_txt_000632,lin,track_b,high,0.3333333333333333,0.0,0.5,50
track_b_fra_lin_swaspr_txt_000062,track_b_fra_lin_swaspr_txt_000231,lin,track_b,high,0.125,0.0,0.0,50
track_b_fra_lin_swaspr_txt_000612,track_b_fra_lin_swaspr_txt_000888,lin,track_b,high,0.3333333333333333,0.0,0.5,50
track_b_fra_lin_swaspr_txt_001882,track_b_fra_lin_swaspr_txt_001953,lin,track_b,medium,0.1,0.0,0.0,50
track_b_fra_lin_swaspr_txt_000144,track_b_fra_lin_swaspr_txt_003541,lin,track_b,high,0.2,0.0,0.38685280723454163,50
track_b_fra_lin_swaspr_txt_003887,track_b_fra_lin_swaspr_txt_000840,lin,track_b,medium,0.07692307692307693,0.0,0.0,50
track_b_fra_lin_swaspr_txt_002060,track_b_fra_lin_swaspr_txt_001478,lin,track_b,high,0.2,0.0,0.38685280723454163,50
track_b_fra_lin_swaspr_txt_001537,track_b_fra_lin_swaspr_txt_001385,lin,track_b,medium,0.07692307692307693,0.0,0.0,50
track_b_fra_lin_swaspr_txt_000927,track_b_fra_lin_swaspr_txt_002845,lin,track_b,high,0.3333333333333333,0.0,0.5,50
track_b_fra_lin_swaspr_txt_001748,track_b_fra_lin_swaspr_txt_002008,lin,track_b,medium,0.09090909090909091,0.0,0.0,50
track_b_fra_lin_swaspr_txt_001672,track_b_fra_lin_swaspr_txt_002186,lin,track_b,high,1.0,1.0,1.0,50
track_b_fra_lin_swaspr_txt_002530,track_b_fra_lin_swaspr_txt_001632,lin,track_b,medium,0.1,0.0,0.0,50
track_b_fra_lin_swaspr_txt_000359,track_b_fra_lin_swaspr_txt_001611,lin,track_b,high,1.0,1.0,1.0,50
track_b_fra_lin_swaspr_txt_001854,track_b_fra_lin_swaspr_txt_001338,lin,track_b,medium,0.1,0.0,0.0,50
track_b_fra_lin_swaspr_txt_000421,track_b_fra_lin_swaspr_txt_003314,lin,track_b,high,0.1,0.0,0.0,50
track_b_fra_lin_swaspr_txt_003866,track_b_fra_lin_swaspr_txt_001306,lin,track_b,medium,0.058823529411764705,0.0,0.0,50
track_b_fra_lin_swaspr_txt_003188,track_b_fra_lin_swaspr_txt_001385,lin,track_b,high,0.1111111111111111,0.0,0.0,50
track_b_fra_lin_swaspr_txt_003988,track_b_fra_lin_swaspr_txt_001698,lin,track_b,medium,0.08333333333333333,0.0,0.0,50
track_b_fra_lin_swaspr_txt_003370,track_b_fra_lin_swaspr_txt_000840,lin,track_b,medium,0.3333333333333333,0.0,0.5,50
track_b_fra_lin_swaspr_txt_000885,track_b_fra_lin_swaspr_txt_002014,lin,track_b,medium,0.09090909090909091,0.0,0.0,50
track_b_fra_lin_swaspr_txt_002982,track_b_fra_lin_swaspr_txt_002377,lin,track_b,high,0.16666666666666666,0.0,0.0,50
track_b_fra_lin_swaspr_txt_002648,track_b_fra_lin_swaspr_txt_000175,lin,track_b,high,0.08333333333333333,0.0,0.0,50
track_b_fra_lin_swaspr_txt_001062,track_b_fra_lin_swaspr_txt_002014,lin,track_b,medium,0.1,0.0,0.0,50
track_b_fra_lin_swaspr_txt_002332,track_b_fra_lin_swaspr_txt_001295,lin,track_b,high,0.2,0.0,0.38685280723454163,50
track_b_fra_lin_swaspr_txt_000632,track_b_fra_lin_swaspr_txt_001364,lin,track_b,medium,0.3333333333333333,0.0,0.5,50
track_b_fra_lin_swaspr_txt_001936,track_b_fra_lin_swaspr_txt_003938,lin,track_b,high,0.1,0.0,0.0,50
track_b_fra_lin_swaspr_txt_000051,track_b_fra_lin_swaspr_txt_001316,lin,track_b,high,0.07142857142857142,0.0,0.0,50
track_b_fra_lin_swaspr_txt_003928,track_b_fra_lin_swaspr_txt_003910,lin,track_b,high,0.5,0.0,0.6309297535714575,50
track_b_fra_lin_swaspr_txt_003733,track_b_fra_lin_swaspr_txt_001966,lin,track_b,medium,1.0,1.0,1.0,50
track_b_fra_lin_swaspr_txt_001324,track_b_fra_lin_swaspr_txt_000840,lin,track_b,medium,0.1,0.0,0.0,50
track_b_fra_lin_swaspr_txt_002837,track_b_fra_lin_swaspr_txt_000586,lin,track_b,high,0.07142857142857142,0.0,0.0,50
track_b_fra_lin_swaspr_txt_000478,track_b_fra_lin_swaspr_txt_001734,lin,track_b,high,0.09090909090909091,0.0,0.0,50
track_b_fra_lin_swaspr_txt_002364,track_b_fra_lin_swaspr_txt_001632,lin,track_b,medium,0.1,0.0,0.0,50
track_b_fra_lin_swaspr_txt_002389,track_b_fra_lin_swaspr_txt_003938,lin,track_b,high,1.0,1.0,1.0,50
track_b_fra_lin_swaspr_txt_001364,track_b_fra_lin_swaspr_txt_002014,lin,track_b,high,0.09090909090909091,0.0,0.0,50
track_b_fra_lin_swaspr_txt_003960,track_b_fra_lin_swaspr_txt_002014,lin,track_b,high,0.1,0.0,0.0,50
track_b_fra_lin_swaspr_txt_003392,track_b_fra_lin_swaspr_txt_002364,lin,track_b,medium,0.07692307692307693,0.0,0.0,50
track_b_fra_lin_swaspr_txt_001255,track_b_fra_lin_swaspr_txt_001632,lin,track_b,medium,0.3333333333333333,0.0,0.5,50
track_b_fra_lin_swaspr_txt_003403,track_b_fra_lin_swaspr_txt_001734,lin,track_b,medium,0.08333333333333333,0.0,0.0,50
track_b_fra_lin_swaspr_txt_001060,track_b_fra_lin_swaspr_txt_001632,lin,track_b,medium,0.07692307692307693,0.0,0.0,50
track_b_fra_lin_swaspr_txt_000744,track_b_fra_lin_swaspr_txt_000670,lin,track_b,high,1.0,1.0,1.0,50
track_b_fra_lin_swaspr_txt_000901,track_b_fra_lin_swaspr_txt_000478,lin,track_b,high,0.2,0.0,0.38685280723454163,50
track_b_fra_lin_swaspr_txt_002468,track_b_fra_lin_swaspr_txt_000892,lin,track_b,high,0.058823529411764705,0.0,0.0,50
track_b_fra_lin_swaspr_txt_001907,track_b_fra_lin_swaspr_txt_001632,lin,track_b,medium,1.0,1.0,1.0,50
track_b_fra_lin_swaspr_txt_002450,track_b_fra_lin_swaspr_txt_001632,lin,track_b,high,0.1,0.0,0.0,50
track_b_fra_lin_swaspr_txt_001145,track_b_fra_lin_swaspr_txt_001478,lin,track_b,medium,0.125,0.0,0.0,50
track_b_fra_lin_swaspr_txt_003218,track_b_fra_lin_swaspr_txt_001858,lin,track_b,high,1.0,1.0,1.0,50
track_b_fra_lin_swaspr_txt_000175,track_b_fra_lin_swaspr_txt_001632,lin,track_b,medium,0.14285714285714285,0.0,0.0,50
track_b_fra_lin_swaspr_txt_003041,track_b_fra_lin_swaspr_txt_001385,lin,track_b,high,0.09090909090909091,0.0,0.0,50
track_b_fra_lin_swaspr_txt_002623,track_b_fra_lin_swaspr_txt_001632,lin,track_b,high,0.3333333333333333,0.0,0.5,50
track_b_fra_lin_swaspr_txt_002000,track_b_fra_lin_swaspr_txt_000481,lin,track_b,high,0.25,0.0,0.43067655807339306,50
track_b_fra_lin_swaspr_txt_003996,track_b_fra_lin_swaspr_txt_000231,lin,track_b,high,0.5,0.0,0.6309297535714575,50
track_b_fra_lin_swaspr_txt_001445,track_b_fra_lin_swaspr_txt_002122,lin,track_b,high,1.0,1.0,1.0,50
track_b_fra_lin_swaspr_txt_001128,track_b_fra_lin_swaspr_txt_001338,lin,track_b,medium,0.07142857142857142,0.0,0.0,50
track_b_fra_lin_swaspr_txt_000812,track_b_fra_lin_swaspr_txt_001575,lin,track_b,medium,0.3333333333333333,0.0,0.5,50
track_b_fra_lin_swaspr_txt_003795,track_b_fra_lin_swaspr_txt_003219,lin,track_b,high,0.1,0.0,0.0,50
track_b_fra_lin_swaspr_txt_001992,track_b_fra_lin_swaspr_txt_000840,lin,track_b,high,1.0,1.0,1.0,50
track_b_fra_lin_swaspr_txt_002135,track_b_fra_lin_swaspr_txt_002411,lin,track_b,high,0.2,0.0,0.38685280723454163,50
track_b_fra_lin_swaspr_txt_003803,track_b_fra_lin_swaspr_txt_000544,lin,track_b,high,0.07692307692307693,0.0,0.0,50
track_b_fra_lin_swaspr_txt_001437,track_b_fra_lin_swaspr_txt_000899,lin,track_b,high,0.1111111111111111,0.0,0.0,50
track_b_fra_lin_swaspr_txt_002928,track_b_fra_lin_swaspr_txt_002411,lin,track_b,high,0.1,0.0,0.0,50
track_b_fra_lin_swaspr_txt_000586,track_b_fra_lin_swaspr_txt_000842,lin,track_b,medium,0.07142857142857142,0.0,0.0,50
track_b_fra_lin_swaspr_txt_002996,track_b_fra_lin_swaspr_txt_003219,lin,track_b,high,0.1111111111111111,0.0,0.0,50
track_b_fra_lin_swaspr_txt_002423,track_b_fra_lin_swaspr_txt_003219,lin,track_b,high,0.07142857142857142,0.0,0.0,50
track_b_fra_lin_swaspr_txt_001261,track_b_fra_lin_swaspr_txt_003595,lin,track_b,medium,0.25,0.0,0.43067655807339306,50
track_b_fra_lin_swaspr_txt_001995,track_b_fra_lin_swaspr_txt_001745,lin,track_b,medium,0.0625,0.0,0.0,50
track_b_fra_lin_swaspr_txt_002957,track_b_fra_lin_swaspr_txt_001698,lin,track_b,medium,0.07692307692307693,0.0,0.0,50
track_b_fra_lin_swaspr_txt_002262,track_b_fra_lin_swaspr_txt_001385,lin,track_b,medium,0.08333333333333333,0.0,0.0,50
track_b_fra_lin_swaspr_txt_003756,track_b_fra_lin_swaspr_txt_001338,lin,track_b,high,0.09090909090909091,0.0,0.0,50
track_b_fra_lin_swaspr_txt_003534,track_b_fra_lin_swaspr_txt_000899,lin,track_b,medium,0.1,0.0,0.0,50
track_a_fra_swa_linspr_txt_000686,track_b_fra_lin_swaspr_txt_000686,lin,track_b,high,0.3333333333333333,0.0,0.5,50
track_b_fra_lin_swaspr_txt_001863,track_b_fra_lin_swaspr_txt_001748,lin,track_b,high,0.16666666666666666,0.0,0.0,50
track_b_fra_lin_swaspr_txt_000638,track_b_fra_lin_swaspr_txt_000840,lin,track_b,high,0.1,0.0,0.0,50
track_b_fra_lin_swaspr_txt_001212,track_b_fra_lin_swaspr_txt_000533,lin,track_b,medium,0.1,0.0,0.0,50
track_b_fra_lin_swaspr_txt_002140,track_b_fra_lin_swaspr_txt_001295,lin,track_b,high,0.09090909090909091,0.0,0.0,50
track_b_fra_lin_swaspr_txt_002608,track_b_fra_lin_swaspr_txt_001295,lin,track_b,medium,0.125,0.0,0.0,50
track_b_fra_lin_swaspr_txt_003293,track_b_fra_lin_swaspr_txt_001426,lin,track_b,high,0.16666666666666666,0.0,0.0,50
track_b_fra_lin_swaspr_txt_001360,track_b_fra_lin_swaspr_txt_001632,lin,track_b,medium,0.14285714285714285,0.0,0.0,50
track_b_fra_lin_swaspr_txt_003223,track_b_fra_lin_swaspr_txt_001632,lin,track_b,medium,0.1,0.0,0.0,50
track_b_fra_lin_swaspr_txt_003039,track_b_fra_lin_swaspr_txt_000175,lin,track_b,high,1.0,1.0,1.0,50
track_b_fra_lin_swaspr_txt_000608,track_b_fra_lin_swaspr_txt_000586,lin,track_b,medium,1.0,1.0,1.0,50
track_b_fra_lin_swaspr_txt_000227,track_b_fra_lin_swaspr_txt_000166,lin,track_b,high,1.0,1.0,1.0,50
track_b_fra_lin_swaspr_txt_003549,track_b_fra_lin_swaspr_txt_003991,lin,track_b,high,1.0,1.0,1.0,50
track_b_fra_lin_swaspr_txt_001632,track_b_fra_lin_swaspr_txt_003665,lin,track_b,medium,0.1,0.0,0.0,50
track_b_fra_lin_swaspr_txt_001260,track_b_fra_lin_swaspr_txt_002377,lin,track_b,medium,0.1,0.0,0.0,50
track_b_fra_lin_swaspr_txt_001490,track_b_fra_lin_swaspr_txt_001498,lin,track_b,medium,0.09090909090909091,0.0,0.0,50
track_b_fra_lin_swaspr_txt_001858,track_b_fra_lin_swaspr_txt_001334,lin,track_b,high,0.09090909090909091,0.0,0.0,50
track_b_fra_lin_swaspr_txt_003634,track_b_fra_lin_swaspr_txt_003910,lin,track_b,high,0.25,0.0,0.43067655807339306,50
track_b_fra_lin_swaspr_txt_000266,track_b_fra_lin_swaspr_txt_001698,lin,track_b,high,0.07142857142857142,0.0,0.0,50
track_b_fra_lin_swaspr_txt_000810,track_b_fra_lin_swaspr_txt_002409,lin,track_b,high,0.09090909090909091,0.0,0.0,50
track_b_fra_lin_swaspr_txt_001574,track_b_fra_lin_swaspr_txt_001611,lin,track_b,medium,0.1,0.0,0.0,50
track_b_fra_lin_swaspr_txt_000985,track_b_fra_lin_swaspr_txt_001059,lin,track_b,high,0.25,0.0,0.43067655807339306,50
track_b_fra_lin_swaspr_txt_000314,track_b_fra_lin_swaspr_txt_001385,lin,track_b,high,0.1,0.0,0.0,50
track_b_fra_lin_swaspr_txt_003393,track_b_fra_lin_swaspr_txt_001433,lin,track_b,medium,0.2,0.0,0.38685280723454163,50
track_b_fra_lin_swaspr_txt_001426,track_b_fra_lin_swaspr_txt_003216,lin,track_b,high,0.2,0.0,0.38685280723454163,50
track_b_fra_lin_swaspr_txt_001114,track_b_fra_lin_swaspr_txt_001632,lin,track_b,medium,0.1,0.0,0.0,50
track_b_fra_lin_swaspr_txt_002139,track_b_fra_lin_swaspr_txt_002409,lin,track_b,high,0.1,0.0,0.0,50
track_b_fra_lin_swaspr_txt_002063,track_b_fra_lin_swaspr_txt_000682,lin,track_b,high,1.0,1.0,1.0,50
track_b_fra_lin_swaspr_txt_002271,track_b_fra_lin_swaspr_txt_002845,lin,track_b,medium,0.1,0.0,0.0,50
track_b_fra_lin_swaspr_txt_003077,track_b_fra_lin_swaspr_txt_001338,lin,track_b,high,0.2,0.0,0.38685280723454163,50
track_b_fra_lin_swaspr_txt_002049,track_b_fra_lin_swaspr_txt_002014,lin,track_b,high,0.1111111111111111,0.0,0.0,50
track_b_fra_lin_swaspr_txt_002099,track_b_fra_lin_swaspr_txt_000544,lin,track_b,high,0.3333333333333333,0.0,0.5,50
track_b_fra_lin_swaspr_txt_000961,track_b_fra_lin_swaspr_txt_000533,lin,track_b,high,1.0,1.0,1.0,50
track_b_fra_lin_swaspr_txt_000879,track_b_fra_lin_swaspr_txt_001992,lin,track_b,high,0.3333333333333333,0.0,0.5,50
track_b_fra_lin_swaspr_txt_003112,track_b_fra_lin_swaspr_txt_001632,lin,track_b,medium,0.09090909090909091,0.0,0.0,50
track_b_fra_lin_swaspr_txt_002459,track_b_fra_lin_swaspr_txt_002008,lin,track_b,high,0.09090909090909091,0.0,0.0,50
track_b_fra_lin_swaspr_txt_000999,track_b_fra_lin_swaspr_txt_001632,lin,track_b,high,0.1,0.0,0.0,50
track_b_fra_lin_swaspr_txt_002024,track_b_fra_lin_swaspr_txt_001338,lin,track_b,medium,0.08333333333333333,0.0,0.0,50
track_b_fra_lin_swaspr_txt_003439,track_b_fra_lin_swaspr_txt_001734,lin,track_b,high,0.5,0.0,0.6309297535714575,50
track_b_fra_lin_swaspr_txt_003442,track_b_fra_lin_swaspr_txt_001385,lin,track_b,medium,0.1,0.0,0.0,50
track_b_fra_lin_swaspr_txt_003792,track_b_fra_lin_swaspr_txt_000353,lin,track_b,high,0.1111111111111111,0.0,0.0,50
track_b_fra_lin_swaspr_txt_001795,track_b_fra_lin_swaspr_txt_000051,lin,track_b,high,0.05,0.0,0.0,50
track_b_fra_lin_swaspr_txt_003860,track_b_fra_lin_swaspr_txt_001334,lin,track_b,high,0.1,0.0,0.0,50
track_b_fra_lin_swaspr_txt_002836,track_b_fra_lin_swaspr_txt_001478,lin,track_b,high,0.25,0.0,0.43067655807339306,50
track_b_fra_lin_swaspr_txt_000565,track_b_fra_lin_swaspr_txt_000461,lin,track_b,high,0.07142857142857142,0.0,0.0,50
track_b_fra_lin_swaspr_txt_002743,track_b_fra_lin_swaspr_txt_001338,lin,track_b,high,0.09090909090909091,0.0,0.0,50
track_b_fra_lin_swaspr_txt_003688,track_b_fra_lin_swaspr_txt_001632,lin,track_b,medium,0.09090909090909091,0.0,0.0,50
track_b_fra_lin_swaspr_txt_003422,track_b_fra_lin_swaspr_txt_000842,lin,track_b,high,0.125,0.0,0.0,50
track_b_fra_lin_swaspr_txt_001792,track_b_fra_lin_swaspr_txt_001472,lin,track_b,high,0.038461538461538464,0.0,0.0,50
track_b_fra_lin_swaspr_txt_001751,track_b_fra_lin_swaspr_txt_002271,lin,track_b,high,1.0,1.0,1.0,50
track_b_fra_lin_swaspr_txt_000399,track_b_fra_lin_swaspr_txt_001092,lin,track_b,high,0.3333333333333333,0.0,0.5,50
track_b_fra_lin_swaspr_txt_003541,track_b_fra_lin_swaspr_txt_003910,lin,track_b,high,1.0,1.0,1.0,50
track_b_fra_lin_swaspr_txt_002218,track_b_fra_lin_swaspr_txt_002233,lin,track_b,medium,0.3333333333333333,0.0,0.5,50
track_b_fra_lin_swaspr_txt_001698,track_b_fra_lin_swaspr_txt_001632,lin,track_b,high,0.3333333333333333,0.0,0.5,50
track_b_fra_lin_swaspr_txt_001433,track_b_fra_lin_swaspr_txt_002409,lin,track_b,medium,0.08333333333333333,0.0,0.0,50
track_b_fra_lin_swaspr_txt_000356,track_b_fra_lin_swaspr_txt_002411,lin,track_b,high,0.1,0.0,0.0,50
track_b_fra_lin_swaspr_txt_003200,track_b_fra_lin_swaspr_txt_001463,lin,track_b,high,0.08333333333333333,0.0,0.0,50
track_b_fra_lin_swaspr_txt_001197,track_b_fra_lin_swaspr_txt_000036,lin,track_b,high,0.125,0.0,0.0,50
track_b_fra_lin_swaspr_txt_001759,track_b_fra_lin_swaspr_txt_002632,lin,track_b,medium,0.3333333333333333,0.0,0.5,50
track_b_fra_lin_swaspr_txt_002165,track_b_fra_lin_swaspr_txt_003219,lin,track_b,high,0.14285714285714285,0.0,0.0,50
track_b_fra_lin_swaspr_txt_002196,track_b_fra_lin_swaspr_txt_003665,lin,track_b,medium,0.125,0.0,0.0,50
track_b_fra_lin_swaspr_txt_000559,track_b_fra_lin_swaspr_txt_001632,lin,track_b,high,0.14285714285714285,0.0,0.0,50
track_b_fra_lin_swaspr_txt_000839,track_b_fra_lin_swaspr_txt_000819,lin,track_b,high,0.5,0.0,0.6309297535714575,50
track_b_fra_lin_swaspr_txt_000899,track_b_fra_lin_swaspr_txt_001316,lin,track_b,medium,1.0,1.0,1.0,50
track_b_fra_lin_swaspr_txt_000166,track_b_fra_lin_swaspr_txt_000888,lin,track_b,medium,0.125,0.0,0.0,50
track_b_fra_lin_swaspr_txt_002133,track_b_fra_lin_swaspr_txt_002270,lin,track_b,medium,0.25,0.0,0.43067655807339306,50
track_b_fra_lin_swaspr_txt_003387,track_b_fra_lin_swaspr_txt_001295,lin,track_b,high,0.09090909090909091,0.0,0.0,50
track_b_fra_lin_swaspr_txt_000840,track_b_fra_lin_swaspr_txt_001992,lin,track_b,high,0.3333333333333333,0.0,0.5,50
track_b_fra_lin_swaspr_txt_003048,track_b_fra_lin_swaspr_txt_000892,lin,track_b,high,0.05555555555555555,0.0,0.0,50
track_b_fra_lin_swaspr_txt_001334,track_b_fra_lin_swaspr_txt_002409,lin,track_b,high,0.09090909090909091,0.0,0.0,50
track_b_fra_lin_swaspr_txt_003314,track_b_fra_lin_swaspr_txt_001632,lin,track_b,high,0.1,0.0,0.0,50
track_b_fra_lin_swaspr_txt_002806,track_b_fra_lin_swaspr_txt_003271,lin,track_b,medium,0.3333333333333333,0.0,0.5,50
track_b_fra_lin_swaspr_txt_001249,track_b_fra_lin_swaspr_txt_003938,lin,track_b,medium,0.1,0.0,0.0,50
track_b_fra_lin_swaspr_txt_003219,track_b_fra_lin_swaspr_txt_002014,lin,track_b,medium,0.08333333333333333,0.0,0.0,50
track_b_fra_lin_swaspr_txt_001072,track_b_fra_lin_swaspr_txt_000036,lin,track_b,high,0.2,0.0,0.38685280723454163,50
track_b_fra_lin_swaspr_txt_000738,track_b_fra_lin_swaspr_txt_000632,lin,track_b,high,1.0,1.0,1.0,50
track_b_fra_lin_swaspr_txt_000140,track_b_fra_lin_swaspr_txt_001357,lin,track_b,high,0.5,0.0,0.6309297535714575,50
track_b_fra_lin_swaspr_txt_003777,track_b_fra_lin_swaspr_txt_000051,lin,track_b,high,0.1,0.0,0.0,50
track_b_fra_lin_swaspr_txt_000376,track_b_fra_lin_swaspr_txt_001698,lin,track_b,high,0.1,0.0,0.0,50
track_b_fra_lin_swaspr_txt_003781,track_b_fra_lin_swaspr_txt_001316,lin,track_b,high,0.16666666666666666,0.0,0.0,50
track_b_fra_lin_swaspr_txt_003271,track_b_fra_lin_swaspr_txt_001338,lin,track_b,medium,0.08333333333333333,0.0,0.0,50
track_b_fra_lin_swaspr_txt_000498,track_b_fra_lin_swaspr_txt_001385,lin,track_b,high,0.07142857142857142,0.0,0.0,50
track_b_fra_lin_swaspr_txt_001142,track_b_fra_lin_swaspr_txt_001371,lin,track_b,medium,1.0,1.0,1.0,50
track_b_fra_lin_swaspr_txt_003005,track_b_fra_lin_swaspr_txt_001334,lin,track_b,high,0.14285714285714285,0.0,0.0,50
track_b_fra_lin_swaspr_txt_001108,track_b_fra_lin_swaspr_txt_002008,lin,track_b,high,0.125,0.0,0.0,50
track_b_fra_lin_swaspr_txt_003268,track_b_fra_lin_swaspr_txt_001632,lin,track_b,medium,0.1,0.0,0.0,50
track_b_fra_lin_swaspr_txt_003282,track_b_fra_lin_swaspr_txt_001385,lin,track_b,high,0.07692307692307693,0.0,0.0,50
track_b_fra_lin_swaspr_txt_002169,track_b_fra_lin_swaspr_txt_003595,lin,track_b,high,0.25,0.0,0.43067655807339306,50
track_b_fra_lin_swaspr_txt_001295,track_b_fra_lin_swaspr_txt_002608,lin,track_b,medium,0.08333333333333333,0.0,0.0,50
track_b_fra_lin_swaspr_txt_001370,track_b_fra_lin_swaspr_txt_002411,lin,track_b,medium,0.16666666666666666,0.0,0.0,50
track_b_fra_lin_swaspr_txt_003286,track_b_fra_lin_swaspr_txt_002409,lin,track_b,medium,0.09090909090909091,0.0,0.0,50
track_b_fra_lin_swaspr_txt_003543,track_b_fra_lin_swaspr_txt_001632,lin,track_b,high,0.09090909090909091,0.0,0.0,50
track_b_fra_lin_swaspr_txt_000909,track_b_fra_lin_swaspr_txt_001364,lin,track_b,high,1.0,1.0,1.0,50
track_b_fra_lin_swaspr_txt_000163,track_b_fra_lin_swaspr_txt_000544,lin,track_b,high,0.03571428571428571,0.0,0.0,50
track_b_fra_lin_swaspr_txt_001059,track_b_fra_lin_swaspr_txt_003938,lin,track_b,high,0.07692307692307693,0.0,0.0,50
track_b_fra_lin_swaspr_txt_001385,track_b_fra_lin_swaspr_txt_001614,lin,track_b,high,0.2,0.0,0.38685280723454163,50
track_b_fra_lin_swaspr_txt_003182,track_b_fra_lin_swaspr_txt_002364,lin,track_b,medium,0.125,0.0,0.0,50
track_b_fra_lin_swaspr_txt_000256,track_b_fra_lin_swaspr_txt_002503,lin,track_b,high,0.25,0.0,0.43067655807339306,50
track_b_fra_lin_swaspr_txt_003084,track_b_fra_lin_swaspr_txt_001698,lin,track_b,high,0.07692307692307693,0.0,0.0,50
track_b_fra_lin_swaspr_txt_000861,track_b_fra_lin_swaspr_txt_000478,lin,track_b,high,0.5,0.0,0.6309297535714575,50
track_b_fra_lin_swaspr_txt_002270,track_b_fra_lin_swaspr_txt_002409,lin,track_b,high,0.5,0.0,0.6309297535714575,50
track_b_fra_lin_swaspr_txt_003075,track_b_fra_lin_swaspr_txt_001632,lin,track_b,medium,0.1,0.0,0.0,50
track_b_fra_lin_swaspr_txt_001543,track_b_fra_lin_swaspr_txt_001632,lin,track_b,high,0.09090909090909091,0.0,0.0,50
track_b_fra_lin_swaspr_txt_002186,track_b_fra_lin_swaspr_txt_001385,lin,track_b,medium,0.08333333333333333,0.0,0.0,50
track_b_fra_lin_swaspr_txt_001485,track_b_fra_lin_swaspr_txt_002024,lin,track_b,medium,0.08333333333333333,0.0,0.0,50
track_b_fra_lin_swaspr_txt_000616,track_b_fra_lin_swaspr_txt_000638,lin,track_b,high,0.125,0.0,0.0,50
track_b_fra_lin_swaspr_txt_002113,track_b_fra_lin_swaspr_txt_001734,lin,track_b,high,0.14285714285714285,0.0,0.0,50
track_b_fra_lin_swaspr_txt_001552,track_b_fra_lin_swaspr_txt_001334,lin,track_b,high,0.1,0.0,0.0,50
track_b_fra_lin_swaspr_txt_000931,track_b_fra_lin_swaspr_txt_001611,lin,track_b,high,0.2,0.0,0.38685280723454163,50
track_b_fra_lin_swaspr_txt_001734,track_b_fra_lin_swaspr_txt_001807,lin,track_b,medium,0.07692307692307693,0.0,0.0,50
track_b_fra_lin_swaspr_txt_002295,track_b_fra_lin_swaspr_txt_003112,lin,track_b,high,0.08333333333333333,0.0,0.0,50
track_b_fra_lin_swaspr_txt_003770,track_b_fra_lin_swaspr_txt_002008,lin,track_b,medium,0.16666666666666666,0.0,0.0,50
track_b_fra_lin_swaspr_txt_000083,track_b_fra_lin_swaspr_txt_001686,lin,track_b,high,0.25,0.0,0.43067655807339306,50
track_b_fra_lin_swaspr_txt_002053,track_b_fra_lin_swaspr_txt_001367,lin,track_b,high,0.5,0.0,0.6309297535714575,50
track_b_fra_lin_swaspr_txt_002070,track_b_fra_lin_swaspr_txt_002218,lin,track_b,high,1.0,1.0,1.0,50
track_b_fra_lin_swaspr_txt_000842,track_b_fra_lin_swaspr_txt_002165,lin,track_b,high,0.1,0.0,0.0,50
track_b_fra_lin_swaspr_txt_003331,track_b_fra_lin_swaspr_txt_001463,lin,track_b,high,0.05263157894736842,0.0,0.0,50
track_b_fra_lin_swaspr_txt_001942,track_b_fra_lin_swaspr_txt_000496,lin,track_b,high,0.07142857142857142,0.0,0.0,50
track_b_fra_lin_swaspr_txt_000132,track_b_fra_lin_swaspr_txt_000840,lin,track_b,high,0.1,0.0,0.0,50
track_b_fra_lin_swaspr_txt_002415,track_b_fra_lin_swaspr_txt_001260,lin,track_b,high,0.16666666666666666,0.0,0.0,50
track_b_fra_lin_swaspr_txt_000327,track_b_fra_lin_swaspr_txt_001255,lin,track_b,medium,0.09090909090909091,0.0,0.0,50
track_b_fra_lin_swaspr_txt_003661,track_b_fra_lin_swaspr_txt_002008,lin,track_b,high,0.1,0.0,0.0,50
track_b_fra_lin_swaspr_txt_000845,track_b_fra_lin_swaspr_txt_001249,lin,track_b,high,0.07692307692307693,0.0,0.0,50
track_b_fra_lin_swaspr_txt_001169,track_b_fra_lin_swaspr_txt_001734,lin,track_b,high,0.125,0.0,0.0,50
track_b_fra_lin_swaspr_txt_003966,track_b_fra_lin_swaspr_txt_000481,lin,track_b,high,0.09090909090909091,0.0,0.0,50
track_b_fra_lin_swaspr_txt_001154,track_b_fra_lin_swaspr_txt_002878,lin,track_b,high,0.5,0.0,0.6309297535714575,50
track_b_fra_lin_swaspr_txt_000190,track_b_fra_lin_swaspr_txt_001316,lin,track_b,high,0.2,0.0,0.38685280723454163,50
track_b_fra_lin_swaspr_txt_003107,track_b_fra_lin_swaspr_txt_000840,lin,track_b,medium,0.1,0.0,0.0,50
track_b_fra_lin_swaspr_txt_001614,track_b_fra_lin_swaspr_txt_001385,lin,track_b,medium,0.2,0.0,0.38685280723454163,50
track_b_fra_lin_swaspr_txt_000020,track_b_fra_lin_swaspr_txt_003219,lin,track_b,high,0.2,0.0,0.38685280723454163,50
track_b_fra_lin_swaspr_txt_001463,track_b_fra_lin_swaspr_txt_001385,lin,track_b,medium,0.14285714285714285,0.0,0.0,50
track_b_fra_lin_swaspr_txt_001092,track_b_fra_lin_swaspr_txt_001338,lin,track_b,medium,0.09090909090909091,0.0,0.0,50
track_b_fra_lin_swaspr_txt_001357,track_b_fra_lin_swaspr_txt_000840,lin,track_b,high,0.1,0.0,0.0,50
track_b_fra_lin_swaspr_txt_000831,track_b_fra_lin_swaspr_txt_001921,lin,track_b,high,0.16666666666666666,0.0,0.0,50
track_b_fra_lin_swaspr_txt_002411,track_b_fra_lin_swaspr_txt_001371,lin,track_b,high,0.06666666666666667,0.0,0.0,50
track_b_fra_lin_swaspr_txt_001910,track_b_fra_lin_swaspr_txt_000496,lin,track_b,high,0.07692307692307693,0.0,0.0,50
track_b_fra_lin_swaspr_txt_003201,track_b_fra_lin_swaspr_txt_001385,lin,track_b,medium,0.05,0.0,0.0,50
track_b_fra_lin_swaspr_txt_001004,track_b_fra_lin_swaspr_txt_001537,lin,track_b,high,1.0,1.0,1.0,50
track_b_fra_lin_swaspr_txt_002820,track_b_fra_lin_swaspr_txt_001385,lin,track_b,high,0.08333333333333333,0.0,0.0,50
track_b_fra_lin_swaspr_txt_003991,track_b_fra_lin_swaspr_txt_001463,lin,track_b,high,0.1,0.0,0.0,50
track_b_fra_lin_swaspr_txt_003216,track_b_fra_lin_swaspr_txt_002364,lin,track_b,high,1.0,1.0,1.0,50
track_b_fra_lin_swaspr_txt_000036,track_b_fra_lin_swaspr_txt_001197,lin,track_b,high,0.16666666666666666,0.0,0.0,50
track_b_fra_lin_swaspr_txt_002385,track_b_fra_lin_swaspr_txt_001310,lin,track_b,high,0.5,0.0,0.6309297535714575,50
track_b_fra_lin_swaspr_txt_002510,track_b_fra_lin_swaspr_txt_001463,lin,track_b,high,0.08333333333333333,0.0,0.0,50
track_b_fra_lin_swaspr_txt_001316,track_b_fra_lin_swaspr_txt_000899,lin,track_b,medium,1.0,1.0,1.0,50
track_b_fra_lin_swaspr_txt_002233,track_b_fra_lin_swaspr_txt_001306,lin,track_b,medium,0.09090909090909091,0.0,0.0,50
track_b_fra_lin_swaspr_txt_003938,track_b_fra_lin_swaspr_txt_002014,lin,track_b,high,0.07692307692307693,0.0,0.0,50
track_b_fra_lin_swaspr_txt_000300,track_b_fra_lin_swaspr_txt_000231,lin,track_b,high,0.25,0.0,0.43067655807339306,50
track_b_fra_lin_swaspr_txt_002191,track_b_fra_lin_swaspr_txt_001295,lin,track_b,medium,0.2,0.0,0.38685280723454163,50
track_b_fra_lin_swaspr_txt_000819,track_b_fra_lin_swaspr_txt_001734,lin,track_b,medium,0.07142857142857142,0.0,0.0,50
track_b_fra_lin_swaspr_txt_003479,track_b_fra_lin_swaspr_txt_001338,lin,track_b,high,0.1,0.0,0.0,50
track_b_fra_lin_swaspr_txt_003598,track_b_fra_lin_swaspr_txt_002008,lin,track_b,medium,0.07692307692307693,0.0,0.0,50
track_b_fra_lin_swaspr_txt_002250,track_b_fra_lin_swaspr_txt_000481,lin,track_b,high,0.09090909090909091,0.0,0.0,50
track_b_fra_lin_swaspr_txt_001935,track_b_fra_lin_swaspr_txt_000632,lin,track_b,medium,0.09090909090909091,0.0,0.0,50
track_b_fra_lin_swaspr_txt_002014,track_b_fra_lin_swaspr_txt_002409,lin,track_b,high,0.08333333333333333,0.0,0.0,50
track_b_fra_lin_swaspr_txt_000461,track_b_fra_lin_swaspr_txt_001338,lin,track_b,high,0.0625,0.0,0.0,50
track_b_fra_lin_swaspr_txt_003597,track_b_fra_lin_swaspr_txt_001745,lin,track_b,high,0.1,0.0,0.0,50
track_b_fra_lin_swaspr_txt_002921,track_b_fra_lin_swaspr_txt_003271,lin,track_b,medium,0.3333333333333333,0.0,0.5,50
track_b_fra_lin_swaspr_txt_000579,track_b_fra_lin_swaspr_txt_001385,lin,track_b,high,0.07142857142857142,0.0,0.0,50
track_b_fra_lin_swaspr_txt_001029,track_b_fra_lin_swaspr_txt_001385,lin,track_b,high,0.07692307692307693,0.0,0.0,50
track_b_fra_lin_swaspr_txt_003958,track_b_fra_lin_swaspr_txt_001759,lin,track_b,medium,0.3333333333333333,0.0,0.5,50
track_b_fra_lin_swaspr_txt_002236,track_b_fra_lin_swaspr_txt_001921,lin,track_b,medium,0.3333333333333333,0.0,0.5,50
track_b_fra_lin_swaspr_txt_000945,track_b_fra_lin_swaspr_txt_003938,lin,track_b,high,0.5,0.0,0.6309297535714575,50
track_b_fra_lin_swaspr_txt_000878,track_b_fra_lin_swaspr_txt_000062,lin,track_b,high,1.0,1.0,1.0,50
track_b_fra_lin_swaspr_txt_003595,track_b_fra_lin_swaspr_txt_001632,lin,track_b,high,0.25,0.0,0.43067655807339306,50
track_b_fra_lin_swaspr_txt_000353,track_b_fra_lin_swaspr_txt_001698,lin,track_b,high,0.08333333333333333,0.0,0.0,50
track_b_fra_lin_swaspr_txt_001531,track_b_fra_lin_swaspr_txt_001632,lin,track_b,medium,0.2,0.0,0.38685280723454163,50
track_b_fra_lin_swaspr_txt_003851,track_b_fra_lin_swaspr_txt_001574,lin,track_b,high,0.08333333333333333,0.0,0.0,50
track_b_fra_lin_swaspr_txt_002639,track_b_fra_lin_swaspr_txt_001734,lin,track_b,high,0.3333333333333333,0.0,0.5,50
track_b_fra_lin_swaspr_txt_003454,track_b_fra_lin_swaspr_txt_002097,lin,track_b,high,0.25,0.0,0.43067655807339306,50
track_b_fra_lin_swaspr_txt_001611,track_b_fra_lin_swaspr_txt_001921,lin,track_b,medium,0.1111111111111111,0.0,0.0,50
track_b_fra_lin_swaspr_txt_001686,track_b_fra_lin_swaspr_txt_002690,lin,track_b,medium,0.1111111111111111,0.0,0.0,50
track_b_fra_lin_swaspr_txt_002654,track_b_fra_lin_swaspr_txt_002364,lin,track_b,high,0.14285714285714285,0.0,0.0,50
track_b_fra_lin_swaspr_txt_001861,track_b_fra_lin_swaspr_txt_001338,lin,track_b,medium,0.1,0.0,0.0,50
track_b_fra_lin_swaspr_txt_000828,track_b_fra_lin_swaspr_txt_001338,lin,track_b,high,0.1,0.0,0.0,50
track_b_fra_lin_swaspr_txt_002231,track_b_fra_lin_swaspr_txt_001698,lin,track_b,high,0.09090909090909091,0.0,0.0,50
track_b_fra_lin_swaspr_txt_003319,track_b_fra_lin_swaspr_txt_000899,lin,track_b,high,0.05,0.0,0.0,50
track_b_fra_lin_swaspr_txt_002690,track_b_fra_lin_swaspr_txt_001686,lin,track_b,medium,0.125,0.0,0.0,50
track_b_fra_lin_swaspr_txt_001695,track_b_fra_lin_swaspr_txt_002364,lin,track_b,high,0.09090909090909091,0.0,0.0,50
track_b_fra_lin_swaspr_txt_001270,track_b_fra_lin_swaspr_txt_003219,lin,track_b,medium,0.14285714285714285,0.0,0.0,50
track_a_fra_swa_linspr_txt_003619,track_b_fra_lin_swaspr_txt_003619,lin,track_b,high,0.08333333333333333,0.0,0.0,50
track_b_fra_lin_swaspr_txt_000606,track_b_fra_lin_swaspr_txt_001385,lin,track_b,high,0.08333333333333333,0.0,0.0,50
track_b_fra_lin_swaspr_txt_003910,track_b_fra_lin_swaspr_txt_001338,lin,track_b,high,0.1,0.0,0.0,50
track_b_fra_lin_swaspr_txt_001970,track_b_fra_lin_swaspr_txt_001632,lin,track_b,medium,1.0,1.0,1.0,50
track_b_fra_lin_swaspr_txt_003918,track_b_fra_lin_swaspr_txt_003770,lin,track_b,medium,0.125,0.0,0.0,50
track_b_fra_lin_swaspr_txt_003087,track_b_fra_lin_swaspr_txt_001632,lin,track_b,high,0.2,0.0,0.38685280723454163,50
track_b_fra_lin_swaspr_txt_003884,track_b_fra_lin_swaspr_txt_001632,lin,track_b,medium,0.07142857142857142,0.0,0.0,50
track_b_fra_lin_swaspr_txt_001966,track_b_fra_lin_swaspr_txt_001632,lin,track_b,medium,0.09090909090909091,0.0,0.0,50
track_b_fra_lin_swaspr_txt_003797,track_b_fra_lin_swaspr_txt_001734,lin,track_b,high,0.1,0.0,0.0,50
track_b_fra_lin_swaspr_txt_003619,track_b_fra_lin_swaspr_txt_001614,lin,track_b,high,0.07692307692307693,0.0,0.0,50
track_b_fra_lin_swaspr_txt_001801,track_b_fra_lin_swaspr_txt_001385,lin,track_b,high,0.08333333333333333,0.0,0.0,50
track_b_fra_lin_swaspr_txt_001586,track_b_fra_lin_swaspr_txt_001260,lin,track_b,high,0.16666666666666666,0.0,0.0,50
track_b_fra_lin_swaspr_txt_001402,track_b_fra_lin_swaspr_txt_001498,lin,track_b,high,0.125,0.0,0.0,50
track_b_fra_lin_swaspr_txt_000888,track_b_fra_lin_swaspr_txt_001953,lin,track_b,medium,0.07692307692307693,0.0,0.0,50
track_b_fra_lin_swaspr_txt_002066,track_b_fra_lin_swaspr_txt_001632,lin,track_b,medium,0.09090909090909091,0.0,0.0,50
track_b_fra_lin_swaspr_txt_003731,track_b_fra_lin_swaspr_txt_000036,lin,track_b,high,0.1,0.0,0.0,50
track_b_fra_lin_swaspr_txt_001306,track_b_fra_lin_swaspr_txt_003314,lin,track_b,high,0.1,0.0,0.0,50
track_b_fra_lin_swaspr_txt_002096,track_b_fra_lin_swaspr_txt_002409,lin,track_b,high,0.1,0.0,0.0,50
track_a_fra_swa_linspr_txt_002464,track_b_fra_lin_swaspr_txt_002464,swa,track_b,medium,0.5,0.0,0.6309297535714575,50
track_a_fra_swa_linspr_txt_003119,track_b_fra_lin_swaspr_txt_003119,swa,track_b,medium,1.0,1.0,1.0,50
track_a_fra_swa_linspr_txt_003851,track_b_fra_lin_swaspr_txt_003851,swa,track_b,high,1.0,1.0,1.0,50
track_a_fra_swa_linspr_txt_003866,track_b_fra_lin_swaspr_txt_003866,swa,track_b,high,1.0,1.0,1.0,50
track_a_fra_swa_linspr_txt_002581,track_b_fra_lin_swaspr_txt_002581,swa,track_b,medium,1.0,1.0,1.0,50
track_a_fra_swa_linspr_txt_001433,track_b_fra_lin_swaspr_txt_001433,swa,track_b,medium,1.0,1.0,1.0,50
track_a_fra_swa_linspr_txt_001255,track_b_fra_lin_swaspr_txt_001255,swa,track_b,high,1.0,1.0,1.0,50
track_a_fra_swa_linspr_txt_001543,track_b_fra_lin_swaspr_txt_001543,swa,track_b,high,1.0,1.0,1.0,50
track_a_fra_swa_linspr_txt_001212,track_b_fra_lin_swaspr_txt_001212,swa,track_b,high,0.3333333333333333,0.0,0.5,50
track_a_fra_swa_linspr_txt_000163,track_b_fra_lin_swaspr_txt_000163,swa,track_b,high,0.3333333333333333,0.0,0.5,50
track_a_fra_swa_linspr_txt_000452,track_b_fra_lin_swaspr_txt_000452,swa,track_b,high,1.0,1.0,1.0,50
track_a_fra_swa_linspr_txt_002415,track_b_fra_lin_swaspr_txt_002415,swa,track_b,high,1.0,1.0,1.0,50
track_a_fra_swa_linspr_txt_000810,track_b_fra_lin_swaspr_txt_000810,swa,track_b,high,1.0,1.0,1.0,50
track_a_fra_swa_linspr_txt_002530,track_b_fra_lin_swaspr_txt_002530,swa,track_b,high,1.0,1.0,1.0,50
track_a_fra_swa_linspr_txt_002858,track_b_fra_lin_swaspr_txt_002858,swa,track_b,high,1.0,1.0,1.0,50
track_a_fra_swa_linspr_txt_000595,track_b_fra_lin_swaspr_txt_000595,swa,track_b,medium,1.0,1.0,1.0,50
track_a_fra_swa_linspr_txt_003731,track_b_fra_lin_swaspr_txt_003731,swa,track_b,high,1.0,1.0,1.0,50
track_a_fra_swa_linspr_txt_002648,track_b_fra_lin_swaspr_txt_002648,swa,track_b,high,1.0,1.0,1.0,50
track_a_fra_swa_linspr_txt_003996,track_b_fra_lin_swaspr_txt_003996,swa,track_b,high,0.09090909090909091,0.0,0.0,50
track_a_fra_swa_linspr_txt_002820,track_b_fra_lin_swaspr_txt_002820,swa,track_b,high,1.0,1.0,1.0,50
track_a_fra_swa_linspr_txt_001632,track_b_fra_lin_swaspr_txt_001632,swa,track_b,high,1.0,1.0,1.0,50
track_a_fra_swa_linspr_txt_001062,track_b_fra_lin_swaspr_txt_001062,swa,track_b,high,1.0,1.0,1.0,50
track_a_fra_swa_linspr_txt_001059,track_b_fra_lin_swaspr_txt_001059,swa,track_b,high,1.0,1.0,1.0,50
track_a_fra_swa_linspr_txt_003041,track_b_fra_lin_swaspr_txt_003041,swa,track_b,high,1.0,1.0,1.0,50
track_a_fra_swa_linspr_txt_003319,track_b_fra_lin_swaspr_txt_003319,swa,track_b,medium,1.0,1.0,1.0,50
track_a_fra_swa_linspr_txt_002982,track_b_fra_lin_swaspr_txt_002982,swa,track_b,high,1.0,1.0,1.0,50
track_a_fra_swa_linspr_txt_003268,track_b_fra_lin_swaspr_txt_003268,swa,track_b,medium,1.0,1.0,1.0,50
track_a_fra_swa_linspr_txt_001371,track_b_fra_lin_swaspr_txt_001371,swa,track_b,medium,1.0,1.0,1.0,50
track_a_fra_swa_linspr_txt_002859,track_b_fra_lin_swaspr_txt_002859,swa,track_b,medium,1.0,1.0,1.0,50
track_a_fra_swa_linspr_txt_003688,track_b_fra_lin_swaspr_txt_003688,swa,track_b,high,1.0,1.0,1.0,50
track_a_fra_swa_linspr_txt_001807,track_b_fra_lin_swaspr_txt_001807,swa,track_b,medium,1.0,1.0,1.0,50
track_a_fra_swa_linspr_txt_001689,track_b_fra_lin_swaspr_txt_001689,swa,track_b,high,1.0,1.0,1.0,50
track_a_fra_swa_linspr_txt_003219,track_b_fra_lin_swaspr_txt_003219,swa,track_b,medium,1.0,1.0,1.0,50
track_a_fra_swa_linspr_txt_000256,track_b_fra_lin_swaspr_txt_000256,swa,track_b,high,1.0,1.0,1.0,50
track_a_fra_swa_linspr_txt_003931,track_b_fra_lin_swaspr_txt_003931,swa,track_b,medium,1.0,1.0,1.0,50
track_a_fra_swa_linspr_txt_002070,track_b_fra_lin_swaspr_txt_002070,swa,track_b,high,1.0,1.0,1.0,50
track_a_fra_swa_linspr_txt_001966,track_b_fra_lin_swaspr_txt_001966,swa,track_b,medium,1.0,1.0,1.0,50
track_a_fra_swa_linspr_txt_002411,track_b_fra_lin_swaspr_txt_002411,swa,track_b,high,1.0,1.0,1.0,50
track_a_fra_swa_linspr_txt_002133,track_b_fra_lin_swaspr_txt_002133,swa,track_b,medium,1.0,1.0,1.0,50
track_a_fra_swa_linspr_txt_002170,track_b_fra_lin_swaspr_txt_002170,swa,track_b,high,1.0,1.0,1.0,50
track_a_fra_swa_linspr_txt_002295,track_b_fra_lin_swaspr_txt_002295,swa,track_b,high,1.0,1.0,1.0,50
track_a_fra_swa_linspr_txt_000356,track_b_fra_lin_swaspr_txt_000356,swa,track_b,high,1.0,1.0,1.0,50
track_a_fra_swa_linspr_txt_002405,track_b_fra_lin_swaspr_txt_002405,swa,track_b,medium,1.0,1.0,1.0,50
track_a_fra_swa_linspr_txt_001270,track_b_fra_lin_swaspr_txt_001270,swa,track_b,high,1.0,1.0,1.0,50
track_a_fra_swa_linspr_txt_003595,track_b_fra_lin_swaspr_txt_003595,swa,track_b,high,1.0,1.0,1.0,50
track_a_fra_swa_linspr_txt_001573,track_b_fra_lin_swaspr_txt_001573,swa,track_b,high,1.0,1.0,1.0,50
track_a_fra_swa_linspr_txt_003282,track_b_fra_lin_swaspr_txt_003282,swa,track_b,high,0.2,0.0,0.38685280723454163,50
track_a_fra_swa_linspr_txt_001295,track_b_fra_lin_swaspr_txt_001295,swa,track_b,medium,1.0,1.0,1.0,50
track_a_fra_swa_linspr_txt_003543,track_b_fra_lin_swaspr_txt_003543,swa,track_b,medium,1.0,1.0,1.0,50
track_a_fra_swa_linspr_txt_000399,track_b_fra_lin_swaspr_txt_000399,swa,track_b,high,1.0,1.0,1.0,50
track_a_fra_swa_linspr_txt_003770,track_b_fra_lin_swaspr_txt_003770,swa,track_b,high,1.0,1.0,1.0,50
track_a_fra_swa_linspr_txt_002503,track_b_fra_lin_swaspr_txt_002503,swa,track_b,high,1.0,1.0,1.0,50
track_a_fra_swa_linspr_txt_001775,track_b_fra_lin_swaspr_txt_001775,swa,track_b,high,1.0,1.0,1.0,50
track_a_fra_swa_linspr_txt_001845,track_b_fra_lin_swaspr_txt_001845,swa,track_b,medium,0.5,0.0,0.6309297535714575,50
track_a_fra_swa_linspr_txt_001907,track_b_fra_lin_swaspr_txt_001907,swa,track_b,high,1.0,1.0,1.0,50
track_a_fra_swa_linspr_txt_001426,track_b_fra_lin_swaspr_txt_001426,swa,track_b,high,1.0,1.0,1.0,50
track_a_fra_swa_linspr_txt_002191,track_b_fra_lin_swaspr_txt_002191,swa,track_b,high,1.0,1.0,1.0,50
track_a_fra_swa_linspr_txt_002251,track_b_fra_lin_swaspr_txt_002251,swa,track_b,high,1.0,1.0,1.0,50
track_a_fra_swa_linspr_txt_001108,track_b_fra_lin_swaspr_txt_001108,swa,track_b,medium,1.0,1.0,1.0,50
track_a_fra_swa_linspr_txt_002218,track_b_fra_lin_swaspr_txt_002218,swa,track_b,medium,0.5,0.0,0.6309297535714575,50
track_a_fra_swa_linspr_txt_000682,track_b_fra_lin_swaspr_txt_000682,swa,track_b,high,1.0,1.0,1.0,50
track_a_fra_swa_linspr_txt_000049,track_b_fra_lin_swaspr_txt_000049,swa,track_b,high,0.3333333333333333,0.0,0.5,50
track_a_fra_swa_linspr_txt_001360,track_b_fra_lin_swaspr_txt_001360,swa,track_b,medium,1.0,1.0,1.0,50
track_a_fra_swa_linspr_txt_003550,track_b_fra_lin_swaspr_txt_003550,swa,track_b,medium,0.5,0.0,0.6309297535714575,50
track_a_fra_swa_linspr_txt_001400,track_b_fra_lin_swaspr_txt_001400,swa,track_b,medium,1.0,1.0,1.0,50
track_a_fra_swa_linspr_txt_001316,track_b_fra_lin_swaspr_txt_001316,swa,track_b,medium,1.0,1.0,1.0,50
track_a_fra_swa_linspr_txt_000945,track_b_fra_lin_swaspr_txt_000945,swa,track_b,high,0.1,0.0,0.0,50
track_a_fra_swa_linspr_txt_002139,track_b_fra_lin_swaspr_txt_002139,swa,track_b,medium,1.0,1.0,1.0,50
track_a_fra_swa_linspr_txt_001548,track_b_fra_lin_swaspr_txt_001548,swa,track_b,high,1.0,1.0,1.0,50
track_a_fra_swa_linspr_txt_002690,track_b_fra_lin_swaspr_txt_002690,swa,track_b,medium,1.0,1.0,1.0,50
track_a_fra_swa_linspr_txt_000616,track_b_fra_lin_swaspr_txt_000616,swa,track_b,high,1.0,1.0,1.0,50
track_a_fra_swa_linspr_txt_002385,track_b_fra_lin_swaspr_txt_002385,swa,track_b,high,1.0,1.0,1.0,50
track_a_fra_swa_linspr_txt_002174,track_b_fra_lin_swaspr_txt_002174,swa,track_b,high,1.0,1.0,1.0,50
track_a_fra_swa_linspr_txt_001936,track_b_fra_lin_swaspr_txt_001936,swa,track_b,high,0.07692307692307693,0.0,0.0,50
track_a_fra_swa_linspr_txt_002689,track_b_fra_lin_swaspr_txt_002689,swa,track_b,high,1.0,1.0,1.0,50
track_a_fra_swa_linspr_txt_001041,track_b_fra_lin_swaspr_txt_001041,swa,track_b,high,1.0,1.0,1.0,50
track_a_fra_swa_linspr_txt_003422,track_b_fra_lin_swaspr_txt_003422,swa,track_b,medium,0.1,0.0,0.0,50
track_a_fra_swa_linspr_txt_000633,track_b_fra_lin_swaspr_txt_000633,swa,track_b,medium,1.0,1.0,1.0,50
track_a_fra_swa_linspr_txt_003803,track_b_fra_lin_swaspr_txt_003803,swa,track_b,medium,1.0,1.0,1.0,50
track_a_fra_swa_linspr_txt_003387,track_b_fra_lin_swaspr_txt_003387,swa,track_b,high,1.0,1.0,1.0,50
track_a_fra_swa_linspr_txt_002845,track_b_fra_lin_swaspr_txt_002845,swa,track_b,high,1.0,1.0,1.0,50
track_a_fra_swa_linspr_txt_002066,track_b_fra_lin_swaspr_txt_002066,swa,track_b,high,1.0,1.0,1.0,50
track_a_fra_swa_linspr_txt_002000,track_b_fra_lin_swaspr_txt_002000,swa,track_b,medium,1.0,1.0,1.0,50
track_a_fra_swa_linspr_txt_000190,track_b_fra_lin_swaspr_txt_000190,swa,track_b,high,0.125,0.0,0.0,50
track_a_fra_swa_linspr_txt_000586,track_b_fra_lin_swaspr_txt_000586,swa,track_b,high,1.0,1.0,1.0,50
track_a_fra_swa_linspr_txt_001953,track_b_fra_lin_swaspr_txt_001953,swa,track_b,medium,1.0,1.0,1.0,50
track_a_fra_swa_linspr_txt_001921,track_b_fra_lin_swaspr_txt_001921,swa,track_b,high,1.0,1.0,1.0,50
track_a_fra_swa_linspr_txt_001060,track_b_fra_lin_swaspr_txt_001060,swa,track_b,high,0.25,0.0,0.43067655807339306,50
track_a_fra_swa_linspr_txt_001759,track_b_fra_lin_swaspr_txt_001759,swa,track_b,medium,1.0,1.0,1.0,50
track_a_fra_swa_linspr_txt_001310,track_b_fra_lin_swaspr_txt_001310,swa,track_b,high,1.0,1.0,1.0,50
track_a_fra_swa_linspr_txt_001552,track_b_fra_lin_swaspr_txt_001552,swa,track_b,high,1.0,1.0,1.0,50
track_a_fra_swa_linspr_txt_000879,track_b_fra_lin_swaspr_txt_000879,swa,track_b,high,1.0,1.0,1.0,50
track_a_fra_swa_linspr_txt_003541,track_b_fra_lin_swaspr_txt_003541,swa,track_b,medium,1.0,1.0,1.0,50
track_a_fra_swa_linspr_txt_000840,track_b_fra_lin_swaspr_txt_000840,swa,track_b,medium,1.0,1.0,1.0,50
track_a_fra_swa_linspr_txt_002084,track_b_fra_lin_swaspr_txt_002084,swa,track_b,medium,1.0,1.0,1.0,50
track_a_fra_swa_linspr_txt_001463,track_b_fra_lin_swaspr_txt_001463,swa,track_b,high,1.0,1.0,1.0,50
track_a_fra_swa_linspr_txt_002097,track_b_fra_lin_swaspr_txt_002097,swa,track_b,high,0.09090909090909091,0.0,0.0,50
track_a_fra_swa_linspr_txt_003783,track_b_fra_lin_swaspr_txt_003783,swa,track_b,high,1.0,1.0,1.0,50
track_a_fra_swa_linspr_txt_002801,track_b_fra_lin_swaspr_txt_002801,swa,track_b,medium,1.0,1.0,1.0,50
track_a_fra_swa_linspr_txt_001761,track_b_fra_lin_swaspr_txt_001761,swa,track_b,high,1.0,1.0,1.0,50
track_a_fra_swa_linspr_txt_000931,track_b_fra_lin_swaspr_txt_000931,swa,track_b,high,1.0,1.0,1.0,50
track_a_fra_swa_linspr_txt_001792,track_b_fra_lin_swaspr_txt_001792,swa,track_b,high,0.3333333333333333,0.0,0.5,50
track_a_fra_swa_linspr_txt_001004,track_b_fra_lin_swaspr_txt_001004,swa,track_b,high,1.0,1.0,1.0,50
track_a_fra_swa_linspr_txt_003482,track_b_fra_lin_swaspr_txt_003482,swa,track_b,high,1.0,1.0,1.0,50
track_a_fra_swa_linspr_txt_003393,track_b_fra_lin_swaspr_txt_003393,swa,track_b,high,0.5,0.0,0.6309297535714575,50
track_a_fra_swa_linspr_txt_002128,track_b_fra_lin_swaspr_txt_002128,swa,track_b,high,1.0,1.0,1.0,50
track_a_fra_swa_linspr_txt_003792,track_b_fra_lin_swaspr_txt_003792,swa,track_b,medium,1.0,1.0,1.0,50
track_a_fra_swa_linspr_txt_000638,track_b_fra_lin_swaspr_txt_000638,swa,track_b,medium,1.0,1.0,1.0,50
track_a_fra_swa_linspr_txt_001614,track_b_fra_lin_swaspr_txt_001614,swa,track_b,high,1.0,1.0,1.0,50
track_a_fra_swa_linspr_txt_003442,track_b_fra_lin_swaspr_txt_003442,swa,track_b,high,1.0,1.0,1.0,50
track_a_fra_swa_linspr_txt_002974,track_b_fra_lin_swaspr_txt_002974,swa,track_b,high,1.0,1.0,1.0,50
track_a_fra_swa_linspr_txt_000481,track_b_fra_lin_swaspr_txt_000481,swa,track_b,medium,1.0,1.0,1.0,50
track_a_fra_swa_linspr_txt_002417,track_b_fra_lin_swaspr_txt_002417,swa,track_b,medium,1.0,1.0,1.0,50
track_a_fra_swa_linspr_txt_001854,track_b_fra_lin_swaspr_txt_001854,swa,track_b,medium,1.0,1.0,1.0,50
track_a_fra_swa_linspr_txt_002186,track_b_fra_lin_swaspr_txt_002186,swa,track_b,high,1.0,1.0,1.0,50
track_a_fra_swa_linspr_txt_000819,track_b_fra_lin_swaspr_txt_000819,swa,track_b,high,0.3333333333333333,0.0,0.5,50
track_a_fra_swa_linspr_txt_001776,track_b_fra_lin_swaspr_txt_001776,swa,track_b,high,1.0,1.0,1.0,50
track_a_fra_swa_linspr_txt_001743,track_b_fra_lin_swaspr_txt_001743,swa,track_b,high,0.05,0.0,0.0,50
track_a_fra_swa_linspr_txt_001092,track_b_fra_lin_swaspr_txt_001092,swa,track_b,high,0.08333333333333333,0.0,0.0,50
track_a_fra_swa_linspr_txt_002825,track_b_fra_lin_swaspr_txt_002825,swa,track_b,high,1.0,1.0,1.0,50
track_a_fra_swa_linspr_txt_002928,track_b_fra_lin_swaspr_txt_002928,swa,track_b,medium,1.0,1.0,1.0,50
track_a_fra_swa_linspr_txt_003370,track_b_fra_lin_swaspr_txt_003370,swa,track_b,medium,1.0,1.0,1.0,50
track_a_fra_swa_linspr_txt_003087,track_b_fra_lin_swaspr_txt_003087,swa,track_b,high,1.0,1.0,1.0,50
track_a_fra_swa_linspr_txt_001171,track_b_fra_lin_swaspr_txt_001171,swa,track_b,high,0.5,0.0,0.6309297535714575,50
track_a_fra_swa_linspr_txt_001995,track_b_fra_lin_swaspr_txt_001995,swa,track_b,high,1.0,1.0,1.0,50
track_a_fra_swa_linspr_txt_001072,track_b_fra_lin_swaspr_txt_001072,swa,track_b,high,1.0,1.0,1.0,50
track_a_fra_swa_linspr_txt_000069,track_b_fra_lin_swaspr_txt_000069,swa,track_b,high,0.07142857142857142,0.0,0.0,50
track_a_fra_swa_linspr_txt_002135,track_b_fra_lin_swaspr_txt_002135,swa,track_b,medium,1.0,1.0,1.0,50
track_a_fra_swa_linspr_txt_000036,track_b_fra_lin_swaspr_txt_000036,swa,track_b,high,1.0,1.0,1.0,50
track_a_fra_swa_linspr_txt_000920,track_b_fra_lin_swaspr_txt_000920,swa,track_b,high,1.0,1.0,1.0,50
track_a_fra_swa_linspr_txt_001370,track_b_fra_lin_swaspr_txt_001370,swa,track_b,high,1.0,1.0,1.0,50
track_a_fra_swa_linspr_txt_003884,track_b_fra_lin_swaspr_txt_003884,swa,track_b,medium,1.0,1.0,1.0,50
track_a_fra_swa_linspr_txt_002639,track_b_fra_lin_swaspr_txt_002639,swa,track_b,high,1.0,1.0,1.0,50
track_a_fra_swa_linspr_txt_000590,track_b_fra_lin_swaspr_txt_000590,swa,track_b,medium,1.0,1.0,1.0,50
track_a_fra_swa_linspr_txt_001751,track_b_fra_lin_swaspr_txt_001751,swa,track_b,high,1.0,1.0,1.0,50
track_a_fra_swa_linspr_txt_000072,track_b_fra_lin_swaspr_txt_000072,swa,track_b,high,0.125,0.0,0.0,50
track_a_fra_swa_linspr_txt_001498,track_b_fra_lin_swaspr_txt_001498,swa,track_b,medium,1.0,1.0,1.0,50
track_a_fra_swa_linspr_txt_003899,track_b_fra_lin_swaspr_txt_003899,swa,track_b,high,1.0,1.0,1.0,50
track_a_fra_swa_linspr_txt_001672,track_b_fra_lin_swaspr_txt_001672,swa,track_b,high,0.16666666666666666,0.0,0.0,50
track_a_fra_swa_linspr_txt_003479,track_b_fra_lin_swaspr_txt_003479,swa,track_b,high,0.3333333333333333,0.0,0.5,50
track_a_fra_swa_linspr_txt_001863,track_b_fra_lin_swaspr_txt_001863,swa,track_b,medium,1.0,1.0,1.0,50
track_a_fra_swa_linspr_txt_000544,track_b_fra_lin_swaspr_txt_000544,swa,track_b,medium,1.0,1.0,1.0,50
track_a_fra_swa_linspr_txt_003075,track_b_fra_lin_swaspr_txt_003075,swa,track_b,high,1.0,1.0,1.0,50
track_a_fra_swa_linspr_txt_000927,track_b_fra_lin_swaspr_txt_000927,swa,track_b,high,1.0,1.0,1.0,50
track_a_fra_swa_linspr_txt_002024,track_b_fra_lin_swaspr_txt_002024,swa,track_b,high,1.0,1.0,1.0,50
track_a_fra_swa_linspr_txt_000839,track_b_fra_lin_swaspr_txt_000839,swa,track_b,high,0.3333333333333333,0.0,0.5,50
track_a_fra_swa_linspr_txt_000744,track_b_fra_lin_swaspr_txt_000744,swa,track_b,high,0.07692307692307693,0.0,0.0,50
track_a_fra_swa_linspr_txt_000901,track_b_fra_lin_swaspr_txt_000901,swa,track_b,high,1.0,1.0,1.0,50
track_a_fra_swa_linspr_txt_003918,track_b_fra_lin_swaspr_txt_003918,swa,track_b,high,1.0,1.0,1.0,50
track_a_fra_swa_linspr_txt_000051,track_b_fra_lin_swaspr_txt_000051,swa,track_b,high,1.0,1.0,1.0,50
track_a_fra_swa_linspr_txt_003634,track_b_fra_lin_swaspr_txt_003634,swa,track_b,high,1.0,1.0,1.0,50
track_a_fra_swa_linspr_txt_000132,track_b_fra_lin_swaspr_txt_000132,swa,track_b,high,0.2,0.0,0.38685280723454163,50
track_a_fra_swa_linspr_txt_001695,track_b_fra_lin_swaspr_txt_001695,swa,track_b,high,0.058823529411764705,0.0,0.0,50
track_a_fra_swa_linspr_txt_003286,track_b_fra_lin_swaspr_txt_003286,swa,track_b,medium,1.0,1.0,1.0,50
track_a_fra_swa_linspr_txt_003661,track_b_fra_lin_swaspr_txt_003661,swa,track_b,high,0.1111111111111111,0.0,0.0,50
track_a_fra_swa_linspr_txt_001795,track_b_fra_lin_swaspr_txt_001795,swa,track_b,medium,1.0,1.0,1.0,50
track_a_fra_swa_linspr_txt_003534,track_b_fra_lin_swaspr_txt_003534,swa,track_b,high,1.0,1.0,1.0,50
track_a_fra_swa_linspr_txt_001575,track_b_fra_lin_swaspr_txt_001575,swa,track_b,medium,1.0,1.0,1.0,50
track_a_fra_swa_linspr_txt_003665,track_b_fra_lin_swaspr_txt_003665,swa,track_b,high,1.0,1.0,1.0,50
track_a_fra_swa_linspr_txt_003200,track_b_fra_lin_swaspr_txt_003200,swa,track_b,high,1.0,1.0,1.0,50
track_a_fra_swa_linspr_txt_001261,track_b_fra_lin_swaspr_txt_001261,swa,track_b,medium,1.0,1.0,1.0,50
track_a_fra_swa_linspr_txt_002364,track_b_fra_lin_swaspr_txt_002364,swa,track_b,medium,1.0,1.0,1.0,50
track_a_fra_swa_linspr_txt_002632,track_b_fra_lin_swaspr_txt_002632,swa,track_b,high,1.0,1.0,1.0,50
track_a_fra_swa_linspr_txt_003331,track_b_fra_lin_swaspr_txt_003331,swa,track_b,medium,1.0,1.0,1.0,50
track_a_fra_swa_linspr_txt_000231,track_b_fra_lin_swaspr_txt_000231,swa,track_b,medium,1.0,1.0,1.0,50
track_a_fra_swa_linspr_txt_002409,track_b_fra_lin_swaspr_txt_002409,swa,track_b,high,1.0,1.0,1.0,50
track_a_fra_swa_linspr_txt_002654,track_b_fra_lin_swaspr_txt_002654,swa,track_b,medium,1.0,1.0,1.0,50
track_a_fra_swa_linspr_txt_002169,track_b_fra_lin_swaspr_txt_002169,swa,track_b,high,1.0,1.0,1.0,50
track_a_fra_swa_linspr_txt_003251,track_b_fra_lin_swaspr_txt_003251,swa,track_b,high,1.0,1.0,1.0,50
track_a_fra_swa_linspr_txt_000953,track_b_fra_lin_swaspr_txt_000953,swa,track_b,high,1.0,1.0,1.0,50
track_a_fra_swa_linspr_txt_003077,track_b_fra_lin_swaspr_txt_003077,swa,track_b,high,1.0,1.0,1.0,50
track_a_fra_swa_linspr_txt_001437,track_b_fra_lin_swaspr_txt_001437,swa,track_b,high,0.05263157894736842,0.0,0.0,50
track_a_fra_swa_linspr_txt_001142,track_b_fra_lin_swaspr_txt_001142,swa,track_b,high,1.0,1.0,1.0,50
track_a_fra_swa_linspr_txt_000050,track_b_fra_lin_swaspr_txt_000050,swa,track_b,high,1.0,1.0,1.0,50
track_a_fra_swa_linspr_txt_002096,track_b_fra_lin_swaspr_txt_002096,swa,track_b,medium,1.0,1.0,1.0,50
track_a_fra_swa_linspr_txt_001861,track_b_fra_lin_swaspr_txt_001861,swa,track_b,high,0.5,0.0,0.6309297535714575,50
track_a_fra_swa_linspr_txt_003063,track_b_fra_lin_swaspr_txt_003063,swa,track_b,high,1.0,1.0,1.0,50
track_a_fra_swa_linspr_txt_001445,track_b_fra_lin_swaspr_txt_001445,swa,track_b,high,1.0,1.0,1.0,50
track_a_fra_swa_linspr_txt_001869,track_b_fra_lin_swaspr_txt_001869,swa,track_b,medium,0.16666666666666666,0.0,0.0,50
track_a_fra_swa_linspr_txt_002743,track_b_fra_lin_swaspr_txt_002743,swa,track_b,high,1.0,1.0,1.0,50
track_a_fra_swa_linspr_txt_002250,track_b_fra_lin_swaspr_txt_002250,swa,track_b,high,0.14285714285714285,0.0,0.0,50
track_a_fra_swa_linspr_txt_002468,track_b_fra_lin_swaspr_txt_002468,swa,track_b,high,1.0,1.0,1.0,50
track_a_fra_swa_linspr_txt_002014,track_b_fra_lin_swaspr_txt_002014,swa,track_b,medium,1.0,1.0,1.0,50
track_a_fra_swa_linspr_txt_002099,track_b_fra_lin_swaspr_txt_002099,swa,track_b,high,1.0,1.0,1.0,50
track_a_fra_swa_linspr_txt_003795,track_b_fra_lin_swaspr_txt_003795,swa,track_b,high,1.0,1.0,1.0,50
track_a_fra_swa_linspr_txt_000478,track_b_fra_lin_swaspr_txt_000478,swa,track_b,high,1.0,1.0,1.0,50
track_a_fra_swa_linspr_txt_003598,track_b_fra_lin_swaspr_txt_003598,swa,track_b,high,0.25,0.0,0.43067655807339306,50
track_a_fra_swa_linspr_txt_002516,track_b_fra_lin_swaspr_txt_002516,swa,track_b,high,1.0,1.0,1.0,50
track_a_fra_swa_linspr_txt_001935,track_b_fra_lin_swaspr_txt_001935,swa,track_b,medium,1.0,1.0,1.0,50
track_a_fra_swa_linspr_txt_000985,track_b_fra_lin_swaspr_txt_000985,swa,track_b,high,1.0,1.0,1.0,50
track_a_fra_swa_linspr_txt_003084,track_b_fra_lin_swaspr_txt_003084,swa,track_b,high,0.3333333333333333,0.0,0.5,50
track_a_fra_swa_linspr_txt_001858,track_b_fra_lin_swaspr_txt_001858,swa,track_b,medium,0.5,0.0,0.6309297535714575,50
track_a_fra_swa_linspr_txt_001478,track_b_fra_lin_swaspr_txt_001478,swa,track_b,high,1.0,1.0,1.0,50
track_a_fra_swa_linspr_txt_002608,track_b_fra_lin_swaspr_txt_002608,swa,track_b,high,1.0,1.0,1.0,50
track_a_fra_swa_linspr_txt_002122,track_b_fra_lin_swaspr_txt_002122,swa,track_b,medium,1.0,1.0,1.0,50
track_a_fra_swa_linspr_txt_000559,track_b_fra_lin_swaspr_txt_000559,swa,track_b,high,1.0,1.0,1.0,50
track_a_fra_swa_linspr_txt_002063,track_b_fra_lin_swaspr_txt_002063,swa,track_b,high,1.0,1.0,1.0,50
track_a_fra_swa_linspr_txt_000227,track_b_fra_lin_swaspr_txt_000227,swa,track_b,high,1.0,1.0,1.0,50
track_a_fra_swa_linspr_txt_000878,track_b_fra_lin_swaspr_txt_000878,swa,track_b,high,0.3333333333333333,0.0,0.5,50
track_a_fra_swa_linspr_txt_000888,track_b_fra_lin_swaspr_txt_000888,swa,track_b,high,1.0,1.0,1.0,50
track_a_fra_swa_linspr_txt_002261,track_b_fra_lin_swaspr_txt_002261,swa,track_b,high,1.0,1.0,1.0,50
track_a_fra_swa_linspr_txt_003475,track_b_fra_lin_swaspr_txt_003475,swa,track_b,medium,1.0,1.0,1.0,50
track_a_fra_swa_linspr_txt_000266,track_b_fra_lin_swaspr_txt_000266,swa,track_b,high,1.0,1.0,1.0,50
track_a_fra_swa_linspr_txt_003568,track_b_fra_lin_swaspr_txt_003568,swa,track_b,medium,1.0,1.0,1.0,50
track_a_fra_swa_linspr_txt_000175,track_b_fra_lin_swaspr_txt_000175,swa,track_b,medium,1.0,1.0,1.0,50
track_a_fra_swa_linspr_txt_003549,track_b_fra_lin_swaspr_txt_003549,swa,track_b,high,1.0,1.0,1.0,50
track_a_fra_swa_linspr_txt_003392,track_b_fra_lin_swaspr_txt_003392,swa,track_b,high,1.0,1.0,1.0,50
track_a_fra_swa_linspr_txt_002921,track_b_fra_lin_swaspr_txt_002921,swa,track_b,medium,1.0,1.0,1.0,50
track_a_fra_swa_linspr_txt_001698,track_b_fra_lin_swaspr_txt_001698,swa,track_b,medium,1.0,1.0,1.0,50
track_a_fra_swa_linspr_txt_001537,track_b_fra_lin_swaspr_txt_001537,swa,track_b,medium,1.0,1.0,1.0,50
track_a_fra_swa_linspr_txt_001744,track_b_fra_lin_swaspr_txt_001744,swa,track_b,high,1.0,1.0,1.0,50
track_a_fra_swa_linspr_txt_000861,track_b_fra_lin_swaspr_txt_000861,swa,track_b,high,0.3333333333333333,0.0,0.5,50
track_a_fra_swa_linspr_txt_002389,track_b_fra_lin_swaspr_txt_002389,swa,track_b,high,1.0,1.0,1.0,50
track_a_fra_swa_linspr_txt_000359,track_b_fra_lin_swaspr_txt_000359,swa,track_b,high,0.09090909090909091,0.0,0.0,50
track_a_fra_swa_linspr_txt_001324,track_b_fra_lin_swaspr_txt_001324,swa,track_b,medium,1.0,1.0,1.0,50
track_a_fra_swa_linspr_txt_000300,track_b_fra_lin_swaspr_txt_000300,swa,track_b,high,1.0,1.0,1.0,50
track_a_fra_swa_linspr_txt_002836,track_b_fra_lin_swaspr_txt_002836,swa,track_b,high,1.0,1.0,1.0,50
track_a_fra_swa_linspr_txt_000670,track_b_fra_lin_swaspr_txt_000670,swa,track_b,medium,0.1,0.0,0.0,50
track_a_fra_swa_linspr_txt_000084,track_b_fra_lin_swaspr_txt_000084,swa,track_b,high,1.0,1.0,1.0,50
track_a_fra_swa_linspr_txt_000083,track_b_fra_lin_swaspr_txt_000083,swa,track_b,high,1.0,1.0,1.0,50
track_a_fra_swa_linspr_txt_003966,track_b_fra_lin_swaspr_txt_003966,swa,track_b,medium,1.0,1.0,1.0,50
track_a_fra_swa_linspr_txt_003271,track_b_fra_lin_swaspr_txt_003271,swa,track_b,high,1.0,1.0,1.0,50
track_a_fra_swa_linspr_txt_003270,track_b_fra_lin_swaspr_txt_003270,swa,track_b,medium,1.0,1.0,1.0,50
track_a_fra_swa_linspr_txt_001748,track_b_fra_lin_swaspr_txt_001748,swa,track_b,high,1.0,1.0,1.0,50
track_a_fra_swa_linspr_txt_003958,track_b_fra_lin_swaspr_txt_003958,swa,track_b,high,1.0,1.0,1.0,50
track_a_fra_swa_linspr_txt_001357,track_b_fra_lin_swaspr_txt_001357,swa,track_b,medium,1.0,1.0,1.0,50
track_a_fra_swa_linspr_txt_003724,track_b_fra_lin_swaspr_txt_003724,swa,track_b,medium,1.0,1.0,1.0,50
track_a_fra_swa_linspr_txt_001745,track_b_fra_lin_swaspr_txt_001745,swa,track_b,medium,1.0,1.0,1.0,50
track_a_fra_swa_linspr_txt_001169,track_b_fra_lin_swaspr_txt_001169,swa,track_b,high,1.0,1.0,1.0,50
track_a_fra_swa_linspr_txt_002423,track_b_fra_lin_swaspr_txt_002423,swa,track_b,high,1.0,1.0,1.0,50
track_a_fra_swa_linspr_txt_002596,track_b_fra_lin_swaspr_txt_002596,swa,track_b,medium,1.0,1.0,1.0,50
track_a_fra_swa_linspr_txt_000845,track_b_fra_lin_swaspr_txt_000845,swa,track_b,high,1.0,1.0,1.0,50
track_a_fra_swa_linspr_txt_003039,track_b_fra_lin_swaspr_txt_003039,swa,track_b,medium,1.0,1.0,1.0,50
track_a_fra_swa_linspr_txt_000924,track_b_fra_lin_swaspr_txt_000924,swa,track_b,high,1.0,1.0,1.0,50
track_a_fra_swa_linspr_txt_001242,track_b_fra_lin_swaspr_txt_001242,swa,track_b,high,1.0,1.0,1.0,50
track_a_fra_swa_linspr_txt_000421,track_b_fra_lin_swaspr_txt_000421,swa,track_b,high,1.0,1.0,1.0,50
track_a_fra_swa_linspr_txt_002450,track_b_fra_lin_swaspr_txt_002450,swa,track_b,high,1.0,1.0,1.0,50
track_a_fra_swa_linspr_txt_003403,track_b_fra_lin_swaspr_txt_003403,swa,track_b,medium,1.0,1.0,1.0,50
track_a_fra_swa_linspr_txt_001942,track_b_fra_lin_swaspr_txt_001942,swa,track_b,high,1.0,1.0,1.0,50
track_a_fra_swa_linspr_txt_003992,track_b_fra_lin_swaspr_txt_003992,swa,track_b,medium,1.0,1.0,1.0,50
track_a_fra_swa_linspr_txt_002377,track_b_fra_lin_swaspr_txt_002377,swa,track_b,medium,1.0,1.0,1.0,50
track_a_fra_swa_linspr_txt_003928,track_b_fra_lin_swaspr_txt_003928,swa,track_b,high,1.0,1.0,1.0,50
track_a_fra_swa_linspr_txt_001992,track_b_fra_lin_swaspr_txt_001992,swa,track_b,medium,1.0,1.0,1.0,50
track_a_fra_swa_linspr_txt_002271,track_b_fra_lin_swaspr_txt_002271,swa,track_b,high,0.14285714285714285,0.0,0.0,50
track_a_fra_swa_linspr_txt_000885,track_b_fra_lin_swaspr_txt_000885,swa,track_b,high,1.0,1.0,1.0,50
track_a_fra_swa_linspr_txt_002996,track_b_fra_lin_swaspr_txt_002996,swa,track_b,high,1.0,1.0,1.0,50
track_a_fra_swa_linspr_txt_001154,track_b_fra_lin_swaspr_txt_001154,swa,track_b,high,1.0,1.0,1.0,50
track_a_fra_swa_linspr_txt_000909,track_b_fra_lin_swaspr_txt_000909,swa,track_b,medium,1.0,1.0,1.0,50
track_a_fra_swa_linspr_txt_003617,track_b_fra_lin_swaspr_txt_003617,swa,track_b,medium,1.0,1.0,1.0,50
track_a_fra_swa_linspr_txt_003216,track_b_fra_lin_swaspr_txt_003216,swa,track_b,high,1.0,1.0,1.0,50
track_a_fra_swa_linspr_txt_003223,track_b_fra_lin_swaspr_txt_003223,swa,track_b,medium,1.0,1.0,1.0,50
track_a_fra_swa_linspr_txt_001385,track_b_fra_lin_swaspr_txt_001385,swa,track_b,high,1.0,1.0,1.0,50
track_a_fra_swa_linspr_txt_000327,track_b_fra_lin_swaspr_txt_000327,swa,track_b,medium,1.0,1.0,1.0,50
track_a_fra_swa_linspr_txt_001334,track_b_fra_lin_swaspr_txt_001334,swa,track_b,high,1.0,1.0,1.0,50
track_a_fra_swa_linspr_txt_001531,track_b_fra_lin_swaspr_txt_001531,swa,track_b,medium,1.0,1.0,1.0,50
track_a_fra_swa_linspr_txt_001114,track_b_fra_lin_swaspr_txt_001114,swa,track_b,medium,1.0,1.0,1.0,50
track_a_fra_swa_linspr_txt_002053,track_b_fra_lin_swaspr_txt_002053,swa,track_b,high,0.3333333333333333,0.0,0.5,50
track_a_fra_swa_linspr_txt_002283,track_b_fra_lin_swaspr_txt_002283,swa,track_b,medium,1.0,1.0,1.0,50
track_a_fra_swa_linspr_txt_000632,track_b_fra_lin_swaspr_txt_000632,swa,track_b,medium,1.0,1.0,1.0,50
track_a_fra_swa_linspr_txt_003112,track_b_fra_lin_swaspr_txt_003112,swa,track_b,high,1.0,1.0,1.0,50
track_a_fra_swa_linspr_txt_003781,track_b_fra_lin_swaspr_txt_003781,swa,track_b,high,1.0,1.0,1.0,50
track_a_fra_swa_linspr_txt_002270,track_b_fra_lin_swaspr_txt_002270,swa,track_b,high,1.0,1.0,1.0,50
track_a_fra_swa_linspr_txt_003454,track_b_fra_lin_swaspr_txt_003454,swa,track_b,high,0.08333333333333333,0.0,0.0,50
track_a_fra_swa_linspr_txt_001364,track_b_fra_lin_swaspr_txt_001364,swa,track_b,medium,1.0,1.0,1.0,50
track_a_fra_swa_linspr_txt_000216,track_b_fra_lin_swaspr_txt_000216,swa,track_b,high,1.0,1.0,1.0,50
track_a_fra_swa_linspr_txt_001574,track_b_fra_lin_swaspr_txt_001574,swa,track_b,high,0.5,0.0,0.6309297535714575,50
track_a_fra_swa_linspr_txt_003777,track_b_fra_lin_swaspr_txt_003777,swa,track_b,high,0.09090909090909091,0.0,0.0,50
track_a_fra_swa_linspr_txt_002175,track_b_fra_lin_swaspr_txt_002175,swa,track_b,high,1.0,1.0,1.0,50
track_a_fra_swa_linspr_txt_002113,track_b_fra_lin_swaspr_txt_002113,swa,track_b,medium,0.5,0.0,0.6309297535714575,50
track_a_fra_swa_linspr_txt_000376,track_b_fra_lin_swaspr_txt_000376,swa,track_b,high,1.0,1.0,1.0,50
track_a_fra_swa_linspr_txt_003182,track_b_fra_lin_swaspr_txt_003182,swa,track_b,high,1.0,1.0,1.0,50
track_a_fra_swa_linspr_txt_001198,track_b_fra_lin_swaspr_txt_001198,swa,track_b,high,0.0625,0.0,0.0,50
track_a_fra_swa_linspr_txt_000579,track_b_fra_lin_swaspr_txt_000579,swa,track_b,high,1.0,1.0,1.0,50
track_a_fra_swa_linspr_txt_000168,track_b_fra_lin_swaspr_txt_000168,swa,track_b,high,1.0,1.0,1.0,50
track_a_fra_swa_linspr_txt_002300,track_b_fra_lin_swaspr_txt_002300,swa,track_b,high,1.0,1.0,1.0,50
track_a_fra_swa_linspr_txt_002332,track_b_fra_lin_swaspr_txt_002332,swa,track_b,high,0.1,0.0,0.0,50
track_a_fra_swa_linspr_txt_003756,track_b_fra_lin_swaspr_txt_003756,swa,track_b,high,1.0,1.0,1.0,50
track_a_fra_swa_linspr_txt_001029,track_b_fra_lin_swaspr_txt_001029,swa,track_b,medium,1.0,1.0,1.0,50
track_a_fra_swa_linspr_txt_000608,track_b_fra_lin_swaspr_txt_000608,swa,track_b,medium,1.0,1.0,1.0,50
track_a_fra_swa_linspr_txt_002196,track_b_fra_lin_swaspr_txt_002196,swa,track_b,high,1.0,1.0,1.0,50
track_a_fra_swa_linspr_txt_003887,track_b_fra_lin_swaspr_txt_003887,swa,track_b,medium,1.0,1.0,1.0,50
track_a_fra_swa_linspr_txt_001402,track_b_fra_lin_swaspr_txt_001402,swa,track_b,high,0.09090909090909091,0.0,0.0,50
track_a_fra_swa_linspr_txt_000726,track_b_fra_lin_swaspr_txt_000726,swa,track_b,medium,1.0,1.0,1.0,50
track_a_fra_swa_linspr_txt_001611,track_b_fra_lin_swaspr_txt_001611,swa,track_b,medium,1.0,1.0,1.0,50
track_a_fra_swa_linspr_txt_001490,track_b_fra_lin_swaspr_txt_001490,swa,track_b,high,1.0,1.0,1.0,50
track_a_fra_swa_linspr_txt_000277,track_b_fra_lin_swaspr_txt_000277,swa,track_b,high,1.0,1.0,1.0,50
track_a_fra_swa_linspr_txt_000612,track_b_fra_lin_swaspr_txt_000612,swa,track_b,high,0.1,0.0,0.0,50
track_a_fra_swa_linspr_txt_002104,track_b_fra_lin_swaspr_txt_002104,swa,track_b,medium,1.0,1.0,1.0,50
track_a_fra_swa_linspr_txt_000961,track_b_fra_lin_swaspr_txt_000961,swa,track_b,high,0.058823529411764705,0.0,0.0,50
track_a_fra_swa_linspr_txt_003291,track_b_fra_lin_swaspr_txt_003291,swa,track_b,medium,1.0,1.0,1.0,50
track_a_fra_swa_linspr_txt_003733,track_b_fra_lin_swaspr_txt_003733,swa,track_b,medium,1.0,1.0,1.0,50
track_a_fra_swa_linspr_txt_000892,track_b_fra_lin_swaspr_txt_000892,swa,track_b,high,1.0,1.0,1.0,50
track_a_fra_swa_linspr_txt_003860,track_b_fra_lin_swaspr_txt_003860,swa,track_b,medium,1.0,1.0,1.0,50
track_a_fra_swa_linspr_txt_002956,track_b_fra_lin_swaspr_txt_002956,swa,track_b,high,1.0,1.0,1.0,50
track_a_fra_swa_linspr_txt_000912,track_b_fra_lin_swaspr_txt_000912,swa,track_b,medium,1.0,1.0,1.0,50
track_a_fra_swa_linspr_txt_000353,track_b_fra_lin_swaspr_txt_000353,swa,track_b,high,0.09090909090909091,0.0,0.0,50
track_a_fra_swa_linspr_txt_002140,track_b_fra_lin_swaspr_txt_002140,swa,track_b,medium,1.0,1.0,1.0,50
track_a_fra_swa_linspr_txt_003983,track_b_fra_lin_swaspr_txt_003983,swa,track_b,high,0.125,0.0,0.0,50
track_a_fra_swa_linspr_txt_003048,track_b_fra_lin_swaspr_txt_003048,swa,track_b,high,1.0,1.0,1.0,50
track_a_fra_swa_linspr_txt_000812,track_b_fra_lin_swaspr_txt_000812,swa,track_b,medium,1.0,1.0,1.0,50
track_a_fra_swa_linspr_txt_001542,track_b_fra_lin_swaspr_txt_001542,swa,track_b,high,1.0,1.0,1.0,50
track_a_fra_swa_linspr_txt_001970,track_b_fra_lin_swaspr_txt_001970,swa,track_b,medium,1.0,1.0,1.0,50
track_a_fra_swa_linspr_txt_001215,track_b_fra_lin_swaspr_txt_001215,swa,track_b,high,1.0,1.0,1.0,50
track_a_fra_swa_linspr_txt_003180,track_b_fra_lin_swaspr_txt_003180,swa,track_b,high,1.0,1.0,1.0,50
track_a_fra_swa_linspr_txt_001686,track_b_fra_lin_swaspr_txt_001686,swa,track_b,medium,1.0,1.0,1.0,50
track_a_fra_swa_linspr_txt_000869,track_b_fra_lin_swaspr_txt_000869,swa,track_b,high,0.08333333333333333,0.0,0.0,50
track_a_fra_swa_linspr_txt_000041,track_b_fra_lin_swaspr_txt_000041,swa,track_b,high,1.0,1.0,1.0,50
track_a_fra_swa_linspr_txt_000606,track_b_fra_lin_swaspr_txt_000606,swa,track_b,medium,1.0,1.0,1.0,50
track_a_fra_swa_linspr_txt_003797,track_b_fra_lin_swaspr_txt_003797,swa,track_b,medium,1.0,1.0,1.0,50
track_a_fra_swa_linspr_txt_001734,track_b_fra_lin_swaspr_txt_001734,swa,track_b,medium,1.0,1.0,1.0,50
track_a_fra_swa_linspr_txt_002236,track_b_fra_lin_swaspr_txt_002236,swa,track_b,high,0.5,0.0,0.6309297535714575,50
track_a_fra_swa_linspr_txt_003439,track_b_fra_lin_swaspr_txt_003439,swa,track_b,high,0.1,0.0,0.0,50
track_a_fra_swa_linspr_txt_003597,track_b_fra_lin_swaspr_txt_003597,swa,track_b,high,0.5,0.0,0.6309297535714575,50
track_a_fra_swa_linspr_txt_002793,track_b_fra_lin_swaspr_txt_002793,swa,track_b,high,1.0,1.0,1.0,50
track_a_fra_swa_linspr_txt_002165,track_b_fra_lin_swaspr_txt_002165,swa,track_b,medium,1.0,1.0,1.0,50
track_a_fra_swa_linspr_txt_003293,track_b_fra_lin_swaspr_txt_003293,swa,track_b,high,1.0,1.0,1.0,50
track_a_fra_swa_linspr_txt_000062,track_b_fra_lin_swaspr_txt_000062,swa,track_b,high,1.0,1.0,1.0,50
track_a_fra_swa_linspr_txt_003960,track_b_fra_lin_swaspr_txt_003960,swa,track_b,high,1.0,1.0,1.0,50
track_a_fra_swa_linspr_txt_003963,track_b_fra_lin_swaspr_txt_003963,swa,track_b,high,1.0,1.0,1.0,50
track_a_fra_swa_linspr_txt_000533,track_b_fra_lin_swaspr_txt_000533,swa,track_b,high,1.0,1.0,1.0,50
track_a_fra_swa_linspr_txt_002231,track_b_fra_lin_swaspr_txt_002231,swa,track_b,medium,1.0,1.0,1.0,50
track_a_fra_swa_linspr_txt_002878,track_b_fra_lin_swaspr_txt_002878,swa,track_b,high,1.0,1.0,1.0,50
track_a_fra_swa_linspr_txt_002803,track_b_fra_lin_swaspr_txt_002803,swa,track_b,high,1.0,1.0,1.0,50
track_a_fra_swa_linspr_txt_003201,track_b_fra_lin_swaspr_txt_003201,swa,track_b,medium,1.0,1.0,1.0,50
track_a_fra_swa_linspr_txt_003938,track_b_fra_lin_swaspr_txt_003938,swa,track_b,medium,1.0,1.0,1.0,50
track_a_fra_swa_linspr_txt_000899,track_b_fra_lin_swaspr_txt_000899,swa,track_b,medium,1.0,1.0,1.0,50
track_a_fra_swa_linspr_txt_001367,track_b_fra_lin_swaspr_txt_001367,swa,track_b,high,1.0,1.0,1.0,50
track_a_fra_swa_linspr_txt_002837,track_b_fra_lin_swaspr_txt_002837,swa,track_b,high,1.0,1.0,1.0,50
track_a_fra_swa_linspr_txt_003188,track_b_fra_lin_swaspr_txt_003188,swa,track_b,medium,1.0,1.0,1.0,50
track_a_fra_swa_linspr_txt_001338,track_b_fra_lin_swaspr_txt_001338,swa,track_b,high,1.0,1.0,1.0,50
track_a_fra_swa_linspr_txt_001806,track_b_fra_lin_swaspr_txt_001806,swa,track_b,high,1.0,1.0,1.0,50
track_a_fra_swa_linspr_txt_002294,track_b_fra_lin_swaspr_txt_002294,swa,track_b,high,1.0,1.0,1.0,50
track_a_fra_swa_linspr_txt_002587,track_b_fra_lin_swaspr_txt_002587,swa,track_b,high,1.0,1.0,1.0,50
track_a_fra_swa_linspr_txt_000738,track_b_fra_lin_swaspr_txt_000738,swa,track_b,high,1.0,1.0,1.0,50
track_a_fra_swa_linspr_txt_001145,track_b_fra_lin_swaspr_txt_001145,swa,track_b,high,1.0,1.0,1.0,50
track_a_fra_swa_linspr_txt_000166,track_b_fra_lin_swaspr_txt_000166,swa,track_b,high,1.0,1.0,1.0,50
track_a_fra_swa_linspr_txt_000461,track_b_fra_lin_swaspr_txt_000461,swa,track_b,high,1.0,1.0,1.0,50
track_a_fra_swa_linspr_txt_001586,track_b_fra_lin_swaspr_txt_001586,swa,track_b,high,1.0,1.0,1.0,50
track_a_fra_swa_linspr_txt_003991,track_b_fra_lin_swaspr_txt_003991,swa,track_b,medium,1.0,1.0,1.0,50
track_a_fra_swa_linspr_txt_002023,track_b_fra_lin_swaspr_txt_002023,swa,track_b,medium,0.1,0.0,0.0,50
track_a_fra_swa_linspr_txt_003507,track_b_fra_lin_swaspr_txt_003507,swa,track_b,medium,1.0,1.0,1.0,50
track_a_fra_swa_linspr_txt_000831,track_b_fra_lin_swaspr_txt_000831,swa,track_b,high,0.125,0.0,0.0,50
track_a_fra_swa_linspr_txt_000314,track_b_fra_lin_swaspr_txt_000314,swa,track_b,high,0.04,0.0,0.0,50
track_a_fra_swa_linspr_txt_001626,track_b_fra_lin_swaspr_txt_001626,swa,track_b,high,1.0,1.0,1.0,50
track_a_fra_swa_linspr_txt_001249,track_b_fra_lin_swaspr_txt_001249,swa,track_b,high,1.0,1.0,1.0,50
track_a_fra_swa_linspr_txt_003988,track_b_fra_lin_swaspr_txt_003988,swa,track_b,medium,1.0,1.0,1.0,50
track_a_fra_swa_linspr_txt_002510,track_b_fra_lin_swaspr_txt_002510,swa,track_b,medium,1.0,1.0,1.0,50
track_a_fra_swa_linspr_txt_002623,track_b_fra_lin_swaspr_txt_002623,swa,track_b,high,1.0,1.0,1.0,50
track_a_fra_swa_linspr_txt_001932,track_b_fra_lin_swaspr_txt_001932,swa,track_b,high,1.0,1.0,1.0,50
track_a_fra_swa_linspr_txt_001801,track_b_fra_lin_swaspr_txt_001801,swa,track_b,medium,0.1,0.0,0.0,50
track_a_fra_swa_linspr_txt_003107,track_b_fra_lin_swaspr_txt_003107,swa,track_b,high,1.0,1.0,1.0,50
track_a_fra_swa_linspr_txt_003218,track_b_fra_lin_swaspr_txt_003218,swa,track_b,high,1.0,1.0,1.0,50
track_a_fra_swa_linspr_txt_000498,track_b_fra_lin_swaspr_txt_000498,swa,track_b,high,0.5,0.0,0.6309297535714575,50
track_a_fra_swa_linspr_txt_001472,track_b_fra_lin_swaspr_txt_001472,swa,track_b,medium,1.0,1.0,1.0,50
track_a_fra_swa_linspr_txt_000010,track_b_fra_lin_swaspr_txt_000010,swa,track_b,medium,1.0,1.0,1.0,50
track_a_fra_swa_linspr_txt_001910,track_b_fra_lin_swaspr_txt_001910,swa,track_b,high,1.0,1.0,1.0,50
track_a_fra_swa_linspr_txt_002459,track_b_fra_lin_swaspr_txt_002459,swa,track_b,high,1.0,1.0,1.0,50
track_a_fra_swa_linspr_txt_001260,track_b_fra_lin_swaspr_txt_001260,swa,track_b,high,1.0,1.0,1.0,50
track_a_fra_swa_linspr_txt_002008,track_b_fra_lin_swaspr_txt_002008,swa,track_b,medium,1.0,1.0,1.0,50
track_a_fra_swa_linspr_txt_002314,track_b_fra_lin_swaspr_txt_002314,swa,track_b,high,1.0,1.0,1.0,50
track_a_fra_swa_linspr_txt_002060,track_b_fra_lin_swaspr_txt_002060,swa,track_b,high,1.0,1.0,1.0,50
track_a_fra_swa_linspr_txt_000144,track_b_fra_lin_swaspr_txt_000144,swa,track_b,medium,0.25,0.0,0.43067655807339306,50
track_a_fra_swa_linspr_txt_003910,track_b_fra_lin_swaspr_txt_003910,swa,track_b,high,0.5,0.0,0.6309297535714575,50
track_a_fra_swa_linspr_txt_003283,track_b_fra_lin_swaspr_txt_003283,swa,track_b,medium,1.0,1.0,1.0,50
track_a_fra_swa_linspr_txt_001882,track_b_fra_lin_swaspr_txt_001882,swa,track_b,medium,1.0,1.0,1.0,50
track_a_fra_swa_linspr_txt_001274,track_b_fra_lin_swaspr_txt_001274,swa,track_b,medium,1.0,1.0,1.0,50
track_a_fra_swa_linspr_txt_003314,track_b_fra_lin_swaspr_txt_003314,swa,track_b,high,0.5,0.0,0.6309297535714575,50
track_a_fra_swa_linspr_txt_003005,track_b_fra_lin_swaspr_txt_003005,swa,track_b,high,1.0,1.0,1.0,50
track_a_fra_swa_linspr_txt_002957,track_b_fra_lin_swaspr_txt_002957,swa,track_b,high,1.0,1.0,1.0,50
track_a_fra_swa_linspr_txt_000496,track_b_fra_lin_swaspr_txt_000496,swa,track_b,high,1.0,1.0,1.0,50
track_a_fra_swa_linspr_txt_002262,track_b_fra_lin_swaspr_txt_002262,swa,track_b,high,1.0,1.0,1.0,50
track_a_fra_swa_linspr_txt_002049,track_b_fra_lin_swaspr_txt_002049,swa,track_b,high,1.0,1.0,1.0,50
track_a_fra_swa_linspr_txt_001128,track_b_fra_lin_swaspr_txt_001128,swa,track_b,medium,1.0,1.0,1.0,50
track_a_fra_swa_linspr_txt_002747,track_b_fra_lin_swaspr_txt_002747,swa,track_b,high,1.0,1.0,1.0,50
track_a_fra_swa_linspr_txt_002474,track_b_fra_lin_swaspr_txt_002474,swa,track_b,high,1.0,1.0,1.0,50
track_a_fra_swa_linspr_txt_002806,track_b_fra_lin_swaspr_txt_002806,swa,track_b,medium,1.0,1.0,1.0,50
track_a_fra_swa_linspr_txt_002233,track_b_fra_lin_swaspr_txt_002233,swa,track_b,medium,1.0,1.0,1.0,50
track_a_fra_swa_linspr_txt_001485,track_b_fra_lin_swaspr_txt_001485,swa,track_b,high,1.0,1.0,1.0,50
track_a_fra_swa_linspr_txt_001197,track_b_fra_lin_swaspr_txt_001197,swa,track_b,high,1.0,1.0,1.0,50
track_a_fra_swa_linspr_txt_000764,track_b_fra_lin_swaspr_txt_000764,swa,track_b,high,1.0,1.0,1.0,50
track_a_fra_swa_linspr_txt_000999,track_b_fra_lin_swaspr_txt_000999,swa,track_b,medium,1.0,1.0,1.0,50
track_a_fra_swa_linspr_txt_001306,track_b_fra_lin_swaspr_txt_001306,swa,track_b,medium,1.0,1.0,1.0,50
track_a_fra_swa_linspr_txt_000842,track_b_fra_lin_swaspr_txt_000842,swa,track_b,medium,1.0,1.0,1.0,50
track_a_fra_swa_linspr_txt_000828,track_b_fra_lin_swaspr_txt_000828,swa,track_b,medium,0.25,0.0,0.43067655807339306,50
track_a_fra_swa_linspr_txt_000020,track_b_fra_lin_swaspr_txt_000020,swa,track_b,high,0.08333333333333333,0.0,0.0,50
track_a_fra_swa_linspr_txt_002464,track_b_fra_lin_swaspr_txt_002464,fra,track_ab,medium,0.25,0.0,0.43067655807339306,50
track_a_fra_swa_linspr_txt_003119,track_b_fra_lin_swaspr_txt_003119,fra,track_ab,medium,1.0,1.0,1.0,50
track_a_fra_swa_linspr_txt_003851,track_b_fra_lin_swaspr_txt_003851,fra,track_ab,high,0.5,0.0,0.6309297535714575,50
track_b_fra_lin_swaspr_txt_002956,track_a_fra_swa_linspr_txt_002956,fra,track_ab,high,1.0,1.0,1.0,50
track_a_fra_swa_linspr_txt_003866,track_b_fra_lin_swaspr_txt_003866,fra,track_ab,high,1.0,1.0,1.0,50
track_a_fra_swa_linspr_txt_002581,track_b_fra_lin_swaspr_txt_002581,fra,track_ab,medium,1.0,1.0,1.0,50
track_b_fra_lin_swaspr_txt_001171,track_a_fra_swa_linspr_txt_001171,fra,track_ab,high,0.05263157894736842,0.0,0.0,50
track_a_fra_swa_linspr_txt_001433,track_b_fra_lin_swaspr_txt_001433,fra,track_ab,medium,1.0,1.0,1.0,50
track_a_fra_swa_linspr_txt_001255,track_b_fra_lin_swaspr_txt_001255,fra,track_ab,high,1.0,1.0,1.0,50
track_a_fra_swa_linspr_txt_001543,track_b_fra_lin_swaspr_txt_001543,fra,track_ab,high,1.0,1.0,1.0,50
track_a_fra_swa_linspr_txt_001212,track_b_fra_lin_swaspr_txt_001212,fra,track_ab,high,0.3333333333333333,0.0,0.5,50
track_a_fra_swa_linspr_txt_000163,track_b_fra_lin_swaspr_txt_000163,fra,track_ab,high,0.25,0.0,0.43067655807339306,50
track_a_fra_swa_linspr_txt_000810,track_b_fra_lin_swaspr_txt_000810,fra,track_ab,high,0.5,0.0,0.6309297535714575,50
track_a_fra_swa_linspr_txt_002530,track_b_fra_lin_swaspr_txt_002530,fra,track_ab,high,0.5,0.0,0.6309297535714575,50
track_b_fra_lin_swaspr_txt_000084,track_a_fra_swa_linspr_txt_000084,fra,track_ab,high,1.0,1.0,1.0,50
track_b_fra_lin_swaspr_txt_001542,track_a_fra_swa_linspr_txt_001542,fra,track_ab,medium,1.0,1.0,1.0,50
track_a_fra_swa_linspr_txt_000140,track_b_fra_lin_swaspr_txt_000140,fra,track_ab,high,1.0,1.0,1.0,50
track_a_fra_swa_linspr_txt_002858,track_b_fra_lin_swaspr_txt_002858,fra,track_ab,high,1.0,1.0,1.0,50
track_b_fra_lin_swaspr_txt_000726,track_a_fra_swa_linspr_txt_000726,fra,track_ab,medium,1.0,1.0,1.0,50
track_a_fra_swa_linspr_txt_000595,track_b_fra_lin_swaspr_txt_000595,fra,track_ab,medium,1.0,1.0,1.0,50
track_a_fra_swa_linspr_txt_003731,track_b_fra_lin_swaspr_txt_003731,fra,track_ab,high,1.0,1.0,1.0,50
track_a_fra_swa_linspr_txt_002648,track_b_fra_lin_swaspr_txt_002648,fra,track_ab,high,0.5,0.0,0.6309297535714575,50
track_a_fra_swa_linspr_txt_003996,track_b_fra_lin_swaspr_txt_003996,fra,track_ab,high,0.06666666666666667,0.0,0.0,50
track_b_fra_lin_swaspr_txt_002516,track_a_fra_swa_linspr_txt_002516,fra,track_ab,high,0.25,0.0,0.43067655807339306,50
track_a_fra_swa_linspr_txt_002820,track_b_fra_lin_swaspr_txt_002820,fra,track_ab,high,1.0,1.0,1.0,50
track_a_fra_swa_linspr_txt_001632,track_b_fra_lin_swaspr_txt_001632,fra,track_ab,high,1.0,1.0,1.0,50
track_a_fra_swa_linspr_txt_001062,track_b_fra_lin_swaspr_txt_001062,fra,track_ab,high,1.0,1.0,1.0,50
track_a_fra_swa_linspr_txt_001059,track_b_fra_lin_swaspr_txt_001059,fra,track_ab,high,1.0,1.0,1.0,50
track_a_fra_swa_linspr_txt_003041,track_b_fra_lin_swaspr_txt_003041,fra,track_ab,high,1.0,1.0,1.0,50
track_b_fra_lin_swaspr_txt_001575,track_a_fra_swa_linspr_txt_001575,fra,track_ab,medium,1.0,1.0,1.0,50
track_a_fra_swa_linspr_txt_003319,track_b_fra_lin_swaspr_txt_003319,fra,track_ab,medium,1.0,1.0,1.0,50
track_a_fra_swa_linspr_txt_002982,track_b_fra_lin_swaspr_txt_002982,fra,track_ab,high,1.0,1.0,1.0,50
track_a_fra_swa_linspr_txt_003268,track_b_fra_lin_swaspr_txt_003268,fra,track_ab,medium,1.0,1.0,1.0,50
track_b_fra_lin_swaspr_txt_002801,track_a_fra_swa_linspr_txt_002801,fra,track_ab,high,0.5,0.0,0.6309297535714575,50
track_b_fra_lin_swaspr_txt_002803,track_a_fra_swa_linspr_txt_002803,fra,track_ab,high,0.5,0.0,0.6309297535714575,50
track_b_fra_lin_swaspr_txt_000892,track_a_fra_swa_linspr_txt_000892,fra,track_ab,medium,1.0,1.0,1.0,50
track_b_fra_lin_swaspr_txt_000682,track_a_fra_swa_linspr_txt_000682,fra,track_ab,high,1.0,1.0,1.0,50
track_a_fra_swa_linspr_txt_001371,track_b_fra_lin_swaspr_txt_001371,fra,track_ab,medium,1.0,1.0,1.0,50
track_b_fra_lin_swaspr_txt_000231,track_a_fra_swa_linspr_txt_000231,fra,track_ab,medium,1.0,1.0,1.0,50
track_a_fra_swa_linspr_txt_002859,track_b_fra_lin_swaspr_txt_002859,fra,track_ab,medium,1.0,1.0,1.0,50
track_b_fra_lin_swaspr_txt_000912,track_a_fra_swa_linspr_txt_000912,fra,track_ab,high,1.0,1.0,1.0,50
track_b_fra_lin_swaspr_txt_002793,track_a_fra_swa_linspr_txt_002793,fra,track_ab,medium,1.0,1.0,1.0,50
track_b_fra_lin_swaspr_txt_001776,track_a_fra_swa_linspr_txt_001776,fra,track_ab,high,0.5,0.0,0.6309297535714575,50
track_b_fra_lin_swaspr_txt_000953,track_a_fra_swa_linspr_txt_000953,fra,track_ab,high,0.5,0.0,0.6309297535714575,50
track_a_fra_swa_linspr_txt_003688,track_b_fra_lin_swaspr_txt_003688,fra,track_ab,high,1.0,1.0,1.0,50
track_b_fra_lin_swaspr_txt_000670,track_a_fra_swa_linspr_txt_000670,fra,track_ab,high,0.08333333333333333,0.0,0.0,50
track_a_fra_swa_linspr_txt_001807,track_b_fra_lin_swaspr_txt_001807,fra,track_ab,medium,1.0,1.0,1.0,50
track_a_fra_swa_linspr_txt_003760,track_b_fra_lin_swaspr_txt_003760,fra,track_ab,high,1.0,1.0,1.0,50
track_b_fra_lin_swaspr_txt_002581,track_a_fra_swa_linspr_txt_002581,fra,track_ab,medium,1.0,1.0,1.0,50
track_b_fra_lin_swaspr_txt_003724,track_a_fra_swa_linspr_txt_003724,fra,track_ab,medium,1.0,1.0,1.0,50
track_a_fra_swa_linspr_txt_001689,track_b_fra_lin_swaspr_txt_001689,fra,track_ab,high,1.0,1.0,1.0,50
track_a_fra_swa_linspr_txt_003219,track_b_fra_lin_swaspr_txt_003219,fra,track_ab,medium,1.0,1.0,1.0,50
track_a_fra_swa_linspr_txt_000256,track_b_fra_lin_swaspr_txt_000256,fra,track_ab,high,1.0,1.0,1.0,50
track_a_fra_swa_linspr_txt_003931,track_b_fra_lin_swaspr_txt_003931,fra,track_ab,medium,1.0,1.0,1.0,50
track_b_fra_lin_swaspr_txt_000050,track_a_fra_swa_linspr_txt_000050,fra,track_ab,high,1.0,1.0,1.0,50
track_a_fra_swa_linspr_txt_002070,track_b_fra_lin_swaspr_txt_002070,fra,track_ab,high,1.0,1.0,1.0,50
track_a_fra_swa_linspr_txt_001966,track_b_fra_lin_swaspr_txt_001966,fra,track_ab,medium,0.3333333333333333,0.0,0.5,50
track_a_fra_swa_linspr_txt_002411,track_b_fra_lin_swaspr_txt_002411,fra,track_ab,high,1.0,1.0,1.0,50
track_a_fra_swa_linspr_txt_002133,track_b_fra_lin_swaspr_txt_002133,fra,track_ab,medium,1.0,1.0,1.0,50
track_b_fra_lin_swaspr_txt_002747,track_a_fra_swa_linspr_txt_002747,fra,track_ab,medium,1.0,1.0,1.0,50
track_b_fra_lin_swaspr_txt_003475,track_a_fra_swa_linspr_txt_003475,fra,track_ab,medium,1.0,1.0,1.0,50
track_b_fra_lin_swaspr_txt_003617,track_a_fra_swa_linspr_txt_003617,fra,track_ab,high,1.0,1.0,1.0,50
track_a_fra_swa_linspr_txt_002170,track_b_fra_lin_swaspr_txt_002170,fra,track_ab,high,1.0,1.0,1.0,50
track_b_fra_lin_swaspr_txt_003283,track_a_fra_swa_linspr_txt_003283,fra,track_ab,high,1.0,1.0,1.0,50
track_b_fra_lin_swaspr_txt_003270,track_a_fra_swa_linspr_txt_003270,fra,track_ab,medium,1.0,1.0,1.0,50
track_a_fra_swa_linspr_txt_002295,track_b_fra_lin_swaspr_txt_002295,fra,track_ab,high,1.0,1.0,1.0,50
track_a_fra_swa_linspr_txt_000356,track_b_fra_lin_swaspr_txt_000356,fra,track_ab,high,1.0,1.0,1.0,50
track_b_fra_lin_swaspr_txt_002632,track_a_fra_swa_linspr_txt_002632,fra,track_ab,high,1.0,1.0,1.0,50
track_b_fra_lin_swaspr_txt_000764,track_a_fra_swa_linspr_txt_000764,fra,track_ab,high,0.16666666666666666,0.0,0.0,50
track_b_fra_lin_swaspr_txt_000041,track_a_fra_swa_linspr_txt_000041,fra,track_ab,high,0.14285714285714285,0.0,0.0,50
track_b_fra_lin_swaspr_txt_002474,track_a_fra_swa_linspr_txt_002474,fra,track_ab,high,1.0,1.0,1.0,50
track_b_fra_lin_swaspr_txt_001807,track_a_fra_swa_linspr_txt_001807,fra,track_ab,high,1.0,1.0,1.0,50
track_b_fra_lin_swaspr_txt_002174,track_a_fra_swa_linspr_txt_002174,fra,track_ab,high,1.0,1.0,1.0,50
track_b_fra_lin_swaspr_txt_000069,track_a_fra_swa_linspr_txt_000069,fra,track_ab,high,0.05555555555555555,0.0,0.0,50
track_a_fra_swa_linspr_txt_002405,track_b_fra_lin_swaspr_txt_002405,fra,track_ab,medium,1.0,1.0,1.0,50
track_a_fra_swa_linspr_txt_001270,track_b_fra_lin_swaspr_txt_001270,fra,track_ab,high,1.0,1.0,1.0,50
track_a_fra_swa_linspr_txt_003595,track_b_fra_lin_swaspr_txt_003595,fra,track_ab,high,0.5,0.0,0.6309297535714575,50
track_a_fra_swa_linspr_txt_001573,track_b_fra_lin_swaspr_txt_001573,fra,track_ab,high,1.0,1.0,1.0,50
track_a_fra_swa_linspr_txt_003282,track_b_fra_lin_swaspr_txt_003282,fra,track_ab,high,0.16666666666666666,0.0,0.0,50
track_b_fra_lin_swaspr_txt_001367,track_a_fra_swa_linspr_txt_001367,fra,track_ab,high,0.5,0.0,0.6309297535714575,50
track_b_fra_lin_swaspr_txt_003931,track_a_fra_swa_linspr_txt_003931,fra,track_ab,high,1.0,1.0,1.0,50
track_b_fra_lin_swaspr_txt_000168,track_a_fra_swa_linspr_txt_000168,fra,track_ab,high,1.0,1.0,1.0,50
track_b_fra_lin_swaspr_txt_000277,track_a_fra_swa_linspr_txt_000277,fra,track_ab,high,0.5,0.0,0.6309297535714575,50
track_a_fra_swa_linspr_txt_001295,track_b_fra_lin_swaspr_txt_001295,fra,track_ab,medium,1.0,1.0,1.0,50
track_b_fra_lin_swaspr_txt_001548,track_a_fra_swa_linspr_txt_001548,fra,track_ab,medium,1.0,1.0,1.0,50
track_b_fra_lin_swaspr_txt_001400,track_a_fra_swa_linspr_txt_001400,fra,track_ab,medium,1.0,1.0,1.0,50
track_a_fra_swa_linspr_txt_003543,track_b_fra_lin_swaspr_txt_003543,fra,track_ab,medium,1.0,1.0,1.0,50
track_a_fra_swa_linspr_txt_000399,track_b_fra_lin_swaspr_txt_000399,fra,track_ab,high,1.0,1.0,1.0,50
track_b_fra_lin_swaspr_txt_001573,track_a_fra_swa_linspr_txt_001573,fra,track_ab,high,0.25,0.0,0.43067655807339306,50
track_a_fra_swa_linspr_txt_003770,track_b_fra_lin_swaspr_txt_003770,fra,track_ab,high,1.0,1.0,1.0,50
track_b_fra_lin_swaspr_txt_003899,track_a_fra_swa_linspr_txt_003899,fra,track_ab,high,1.0,1.0,1.0,50
track_a_fra_swa_linspr_txt_002503,track_b_fra_lin_swaspr_txt_002503,fra,track_ab,high,1.0,1.0,1.0,50
track_a_fra_swa_linspr_txt_001775,track_b_fra_lin_swaspr_txt_001775,fra,track_ab,high,0.5,0.0,0.6309297535714575,50
track_b_fra_lin_swaspr_txt_000452,track_a_fra_swa_linspr_txt_000452,fra,track_ab,high,1.0,1.0,1.0,50
track_b_fra_lin_swaspr_txt_002128,track_a_fra_swa_linspr_txt_002128,fra,track_ab,high,1.0,1.0,1.0,50
track_b_fra_lin_swaspr_txt_003550,track_a_fra_swa_linspr_txt_003550,fra,track_ab,high,1.0,1.0,1.0,50
track_b_fra_lin_swaspr_txt_003665,track_a_fra_swa_linspr_txt_003665,fra,track_ab,high,1.0,1.0,1.0,50
track_a_fra_swa_linspr_txt_001845,track_b_fra_lin_swaspr_txt_001845,fra,track_ab,medium,0.25,0.0,0.43067655807339306,50
track_b_fra_lin_swaspr_txt_003507,track_a_fra_swa_linspr_txt_003507,fra,track_ab,high,0.3333333333333333,0.0,0.5,50
track_b_fra_lin_swaspr_txt_002175,track_a_fra_swa_linspr_txt_002175,fra,track_ab,medium,1.0,1.0,1.0,50
track_a_fra_swa_linspr_txt_001907,track_b_fra_lin_swaspr_txt_001907,fra,track_ab,high,1.0,1.0,1.0,50
track_b_fra_lin_swaspr_txt_000544,track_a_fra_swa_linspr_txt_000544,fra,track_ab,high,1.0,1.0,1.0,50
track_b_fra_lin_swaspr_txt_001689,track_a_fra_swa_linspr_txt_001689,fra,track_ab,high,0.3333333333333333,0.0,0.5,50
track_b_fra_lin_swaspr_txt_000481,track_a_fra_swa_linspr_txt_000481,fra,track_ab,high,1.0,1.0,1.0,50
track_a_fra_swa_linspr_txt_002191,track_b_fra_lin_swaspr_txt_002191,fra,track_ab,high,0.5,0.0,0.6309297535714575,50
track_b_fra_lin_swaspr_txt_002300,track_a_fra_swa_linspr_txt_002300,fra,track_ab,high,0.14285714285714285,0.0,0.0,50
track_a_fra_swa_linspr_txt_002251,track_b_fra_lin_swaspr_txt_002251,fra,track_ab,high,1.0,1.0,1.0,50
track_b_fra_lin_swaspr_txt_002251,track_a_fra_swa_linspr_txt_002251,fra,track_ab,medium,1.0,1.0,1.0,50
track_a_fra_swa_linspr_txt_001108,track_b_fra_lin_swaspr_txt_001108,fra,track_ab,medium,1.0,1.0,1.0,50
track_b_fra_lin_swaspr_txt_003063,track_a_fra_swa_linspr_txt_003063,fra,track_ab,high,1.0,1.0,1.0,50
track_b_fra_lin_swaspr_txt_002122,track_a_fra_swa_linspr_txt_002122,fra,track_ab,high,0.5,0.0,0.6309297535714575,50
track_a_fra_swa_linspr_txt_002218,track_b_fra_lin_swaspr_txt_002218,fra,track_ab,medium,0.5,0.0,0.6309297535714575,50
track_a_fra_swa_linspr_txt_000682,track_b_fra_lin_swaspr_txt_000682,fra,track_ab,high,1.0,1.0,1.0,50
track_a_fra_swa_linspr_txt_000049,track_b_fra_lin_swaspr_txt_000049,fra,track_ab,high,0.5,0.0,0.6309297535714575,50
track_b_fra_lin_swaspr_txt_002261,track_a_fra_swa_linspr_txt_002261,fra,track_ab,medium,0.5,0.0,0.6309297535714575,50
track_a_fra_swa_linspr_txt_001360,track_b_fra_lin_swaspr_txt_001360,fra,track_ab,medium,1.0,1.0,1.0,50
track_b_fra_lin_swaspr_txt_002596,track_a_fra_swa_linspr_txt_002596,fra,track_ab,medium,1.0,1.0,1.0,50
track_a_fra_swa_linspr_txt_003550,track_b_fra_lin_swaspr_txt_003550,fra,track_ab,medium,0.3333333333333333,0.0,0.5,50
track_a_fra_swa_linspr_txt_001400,track_b_fra_lin_swaspr_txt_001400,fra,track_ab,medium,1.0,1.0,1.0,50
track_a_fra_swa_linspr_txt_001316,track_b_fra_lin_swaspr_txt_001316,fra,track_ab,medium,1.0,1.0,1.0,50
track_b_fra_lin_swaspr_txt_003992,track_a_fra_swa_linspr_txt_003992,fra,track_ab,high,1.0,1.0,1.0,50
track_b_fra_lin_swaspr_txt_003291,track_a_fra_swa_linspr_txt_003291,fra,track_ab,high,1.0,1.0,1.0,50
track_b_fra_lin_swaspr_txt_000686,track_a_fra_swa_linspr_txt_000686,fra,track_ab,high,0.3333333333333333,0.0,0.5,50
track_a_fra_swa_linspr_txt_000945,track_b_fra_lin_swaspr_txt_000945,fra,track_ab,high,0.1,0.0,0.0,50
track_b_fra_lin_swaspr_txt_001921,track_a_fra_swa_linspr_txt_001921,fra,track_ab,high,1.0,1.0,1.0,50
track_b_fra_lin_swaspr_txt_001472,track_a_fra_swa_linspr_txt_001472,fra,track_ab,medium,1.0,1.0,1.0,50
track_b_fra_lin_swaspr_txt_003119,track_a_fra_swa_linspr_txt_003119,fra,track_ab,high,0.5,0.0,0.6309297535714575,50
track_b_fra_lin_swaspr_txt_003963,track_a_fra_swa_linspr_txt_003963,fra,track_ab,medium,1.0,1.0,1.0,50
track_a_fra_swa_linspr_txt_002139,track_b_fra_lin_swaspr_txt_002139,fra,track_ab,medium,1.0,1.0,1.0,50
track_a_fra_swa_linspr_txt_001548,track_b_fra_lin_swaspr_txt_001548,fra,track_ab,high,1.0,1.0,1.0,50
track_b_fra_lin_swaspr_txt_001274,track_a_fra_swa_linspr_txt_001274,fra,track_ab,medium,1.0,1.0,1.0,50
track_b_fra_lin_swaspr_txt_000496,track_a_fra_swa_linspr_txt_000496,fra,track_ab,medium,0.3333333333333333,0.0,0.5,50
track_a_fra_swa_linspr_txt_002690,track_b_fra_lin_swaspr_txt_002690,fra,track_ab,medium,1.0,1.0,1.0,50
track_b_fra_lin_swaspr_txt_002845,track_a_fra_swa_linspr_txt_002845,fra,track_ab,high,0.1,0.0,0.0,50
track_b_fra_lin_swaspr_txt_001626,track_a_fra_swa_linspr_txt_001626,fra,track_ab,medium,0.25,0.0,0.43067655807339306,50
track_a_fra_swa_linspr_txt_000616,track_b_fra_lin_swaspr_txt_000616,fra,track_ab,high,1.0,1.0,1.0,50
track_b_fra_lin_swaspr_txt_002464,track_a_fra_swa_linspr_txt_002464,fra,track_ab,high,0.1,0.0,0.0,50
track_b_fra_lin_swaspr_txt_001743,track_a_fra_swa_linspr_txt_001743,fra,track_ab,medium,0.047619047619047616,0.0,0.0,50
track_a_fra_swa_linspr_txt_002385,track_b_fra_lin_swaspr_txt_002385,fra,track_ab,high,1.0,1.0,1.0,50
track_a_fra_swa_linspr_txt_002174,track_b_fra_lin_swaspr_txt_002174,fra,track_ab,high,1.0,1.0,1.0,50
track_a_fra_swa_linspr_txt_001936,track_b_fra_lin_swaspr_txt_001936,fra,track_ab,high,0.08333333333333333,0.0,0.0,50
track_b_fra_lin_swaspr_txt_003251,track_a_fra_swa_linspr_txt_003251,fra,track_ab,high,1.0,1.0,1.0,50
track_b_fra_lin_swaspr_txt_002023,track_a_fra_swa_linspr_txt_002023,fra,track_ab,high,0.1,0.0,0.0,50
track_a_fra_swa_linspr_txt_002689,track_b_fra_lin_swaspr_txt_002689,fra,track_ab,high,1.0,1.0,1.0,50
track_a_fra_swa_linspr_txt_001041,track_b_fra_lin_swaspr_txt_001041,fra,track_ab,high,1.0,1.0,1.0,50
track_b_fra_lin_swaspr_txt_001310,track_a_fra_swa_linspr_txt_001310,fra,track_ab,medium,1.0,1.0,1.0,50
track_a_fra_swa_linspr_txt_003422,track_b_fra_lin_swaspr_txt_003422,fra,track_ab,medium,0.1,0.0,0.0,50
track_a_fra_swa_linspr_txt_000633,track_b_fra_lin_swaspr_txt_000633,fra,track_ab,medium,1.0,1.0,1.0,50
track_a_fra_swa_linspr_txt_003803,track_b_fra_lin_swaspr_txt_003803,fra,track_ab,medium,1.0,1.0,1.0,50
track_a_fra_swa_linspr_txt_003387,track_b_fra_lin_swaspr_txt_003387,fra,track_ab,high,1.0,1.0,1.0,50
track_a_fra_swa_linspr_txt_002845,track_b_fra_lin_swaspr_txt_002845,fra,track_ab,high,0.3333333333333333,0.0,0.5,50
track_a_fra_swa_linspr_txt_002066,track_b_fra_lin_swaspr_txt_002066,fra,track_ab,high,1.0,1.0,1.0,50
track_a_fra_swa_linspr_txt_002000,track_b_fra_lin_swaspr_txt_002000,fra,track_ab,medium,1.0,1.0,1.0,50
track_b_fra_lin_swaspr_txt_001775,track_a_fra_swa_linspr_txt_001775,fra,track_ab,high,0.25,0.0,0.43067655807339306,50
track_a_fra_swa_linspr_txt_000586,track_b_fra_lin_swaspr_txt_000586,fra,track_ab,high,1.0,1.0,1.0,50
track_b_fra_lin_swaspr_txt_000216,track_a_fra_swa_linspr_txt_000216,fra,track_ab,high,1.0,1.0,1.0,50
track_a_fra_swa_linspr_txt_000565,track_b_fra_lin_swaspr_txt_000565,fra,track_ab,high,1.0,1.0,1.0,50
track_a_fra_swa_linspr_txt_001953,track_b_fra_lin_swaspr_txt_001953,fra,track_ab,medium,1.0,1.0,1.0,50
track_a_fra_swa_linspr_txt_001921,track_b_fra_lin_swaspr_txt_001921,fra,track_ab,high,1.0,1.0,1.0,50
track_b_fra_lin_swaspr_txt_003568,track_a_fra_swa_linspr_txt_003568,fra,track_ab,high,1.0,1.0,1.0,50
track_a_fra_swa_linspr_txt_001060,track_b_fra_lin_swaspr_txt_001060,fra,track_ab,high,0.14285714285714285,0.0,0.0,50
track_a_fra_swa_linspr_txt_001759,track_b_fra_lin_swaspr_txt_001759,fra,track_ab,medium,1.0,1.0,1.0,50
track_b_fra_lin_swaspr_txt_003482,track_a_fra_swa_linspr_txt_003482,fra,track_ab,high,1.0,1.0,1.0,50
track_a_fra_swa_linspr_txt_001310,track_b_fra_lin_swaspr_txt_001310,fra,track_ab,high,1.0,1.0,1.0,50
track_a_fra_swa_linspr_txt_001552,track_b_fra_lin_swaspr_txt_001552,fra,track_ab,high,1.0,1.0,1.0,50
track_b_fra_lin_swaspr_txt_000924,track_a_fra_swa_linspr_txt_000924,fra,track_ab,high,1.0,1.0,1.0,50
track_b_fra_lin_swaspr_txt_001953,track_a_fra_swa_linspr_txt_001953,fra,track_ab,medium,1.0,1.0,1.0,50
track_a_fra_swa_linspr_txt_000879,track_b_fra_lin_swaspr_txt_000879,fra,track_ab,high,1.0,1.0,1.0,50
track_a_fra_swa_linspr_txt_003541,track_b_fra_lin_swaspr_txt_003541,fra,track_ab,medium,1.0,1.0,1.0,50
track_a_fra_swa_linspr_txt_000840,track_b_fra_lin_swaspr_txt_000840,fra,track_ab,medium,0.5,0.0,0.6309297535714575,50
track_a_fra_swa_linspr_txt_002084,track_b_fra_lin_swaspr_txt_002084,fra,track_ab,medium,1.0,1.0,1.0,50
track_a_fra_swa_linspr_txt_001463,track_b_fra_lin_swaspr_txt_001463,fra,track_ab,high,1.0,1.0,1.0,50
track_b_fra_lin_swaspr_txt_000072,track_a_fra_swa_linspr_txt_000072,fra,track_ab,high,0.058823529411764705,0.0,0.0,50
track_a_fra_swa_linspr_txt_002097,track_b_fra_lin_swaspr_txt_002097,fra,track_ab,high,0.07692307692307693,0.0,0.0,50
track_b_fra_lin_swaspr_txt_001041,track_a_fra_swa_linspr_txt_001041,fra,track_ab,high,1.0,1.0,1.0,50
track_a_fra_swa_linspr_txt_003783,track_b_fra_lin_swaspr_txt_003783,fra,track_ab,high,1.0,1.0,1.0,50
track_a_fra_swa_linspr_txt_002801,track_b_fra_lin_swaspr_txt_002801,fra,track_ab,medium,1.0,1.0,1.0,50
track_a_fra_swa_linspr_txt_001761,track_b_fra_lin_swaspr_txt_001761,fra,track_ab,high,1.0,1.0,1.0,50
track_b_fra_lin_swaspr_txt_002587,track_a_fra_swa_linspr_txt_002587,fra,track_ab,high,1.0,1.0,1.0,50
track_b_fra_lin_swaspr_txt_000533,track_a_fra_swa_linspr_txt_000533,fra,track_ab,medium,1.0,1.0,1.0,50
track_b_fra_lin_swaspr_txt_001338,track_a_fra_swa_linspr_txt_001338,fra,track_ab,high,1.0,1.0,1.0,50
track_a_fra_swa_linspr_txt_000931,track_b_fra_lin_swaspr_txt_000931,fra,track_ab,high,1.0,1.0,1.0,50
track_a_fra_swa_linspr_txt_001792,track_b_fra_lin_swaspr_txt_001792,fra,track_ab,high,0.125,0.0,0.0,50
track_a_fra_swa_linspr_txt_001004,track_b_fra_lin_swaspr_txt_001004,fra,track_ab,high,0.5,0.0,0.6309297535714575,50
track_a_fra_swa_linspr_txt_003482,track_b_fra_lin_swaspr_txt_003482,fra,track_ab,high,1.0,1.0,1.0,50
track_b_fra_lin_swaspr_txt_002858,track_a_fra_swa_linspr_txt_002858,fra,track_ab,medium,1.0,1.0,1.0,50
track_a_fra_swa_linspr_txt_003393,track_b_fra_lin_swaspr_txt_003393,fra,track_ab,high,0.2,0.0,0.38685280723454163,50
track_a_fra_swa_linspr_txt_002128,track_b_fra_lin_swaspr_txt_002128,fra,track_ab,high,1.0,1.0,1.0,50
track_a_fra_swa_linspr_txt_003792,track_b_fra_lin_swaspr_txt_003792,fra,track_ab,medium,1.0,1.0,1.0,50
track_b_fra_lin_swaspr_txt_002314,track_a_fra_swa_linspr_txt_002314,fra,track_ab,high,1.0,1.0,1.0,50
track_b_fra_lin_swaspr_txt_002097,track_a_fra_swa_linspr_txt_002097,fra,track_ab,high,0.05555555555555555,0.0,0.0,50
track_a_fra_swa_linspr_txt_000638,track_b_fra_lin_swaspr_txt_000638,fra,track_ab,medium,1.0,1.0,1.0,50
track_b_fra_lin_swaspr_txt_003180,track_a_fra_swa_linspr_txt_003180,fra,track_ab,medium,0.5,0.0,0.6309297535714575,50
track_a_fra_swa_linspr_txt_001614,track_b_fra_lin_swaspr_txt_001614,fra,track_ab,high,1.0,1.0,1.0,50
track_b_fra_lin_swaspr_txt_002825,track_a_fra_swa_linspr_txt_002825,fra,track_ab,high,1.0,1.0,1.0,50
track_b_fra_lin_swaspr_txt_001498,track_a_fra_swa_linspr_txt_001498,fra,track_ab,high,1.0,1.0,1.0,50
track_a_fra_swa_linspr_txt_003442,track_b_fra_lin_swaspr_txt_003442,fra,track_ab,high,1.0,1.0,1.0,50
track_b_fra_lin_swaspr_txt_002008,track_a_fra_swa_linspr_txt_002008,fra,track_ab,high,1.0,1.0,1.0,50
track_a_fra_swa_linspr_txt_002974,track_b_fra_lin_swaspr_txt_002974,fra,track_ab,high,1.0,1.0,1.0,50
track_a_fra_swa_linspr_txt_000481,track_b_fra_lin_swaspr_txt_000481,fra,track_ab,medium,1.0,1.0,1.0,50
track_b_fra_lin_swaspr_txt_001845,track_a_fra_swa_linspr_txt_001845,fra,track_ab,high,1.0,1.0,1.0,50
track_b_fra_lin_swaspr_txt_002084,track_a_fra_swa_linspr_txt_002084,fra,track_ab,high,1.0,1.0,1.0,50
track_a_fra_swa_linspr_txt_002417,track_b_fra_lin_swaspr_txt_002417,fra,track_ab,medium,1.0,1.0,1.0,50
track_b_fra_lin_swaspr_txt_002409,track_a_fra_swa_linspr_txt_002409,fra,track_ab,high,1.0,1.0,1.0,50
track_b_fra_lin_swaspr_txt_000869,track_a_fra_swa_linspr_txt_000869,fra,track_ab,high,0.09090909090909091,0.0,0.0,50
track_b_fra_lin_swaspr_txt_001198,track_a_fra_swa_linspr_txt_001198,fra,track_ab,high,0.037037037037037035,0.0,0.0,50
track_b_fra_lin_swaspr_txt_000595,track_a_fra_swa_linspr_txt_000595,fra,track_ab,high,1.0,1.0,1.0,50
track_b_fra_lin_swaspr_txt_001932,track_a_fra_swa_linspr_txt_001932,fra,track_ab,medium,1.0,1.0,1.0,50
track_a_fra_swa_linspr_txt_001854,track_b_fra_lin_swaspr_txt_001854,fra,track_ab,medium,1.0,1.0,1.0,50
track_a_fra_swa_linspr_txt_000819,track_b_fra_lin_swaspr_txt_000819,fra,track_ab,high,0.14285714285714285,0.0,0.0,50
track_b_fra_lin_swaspr_txt_000590,track_a_fra_swa_linspr_txt_000590,fra,track_ab,medium,1.0,1.0,1.0,50
track_a_fra_swa_linspr_txt_001776,track_b_fra_lin_swaspr_txt_001776,fra,track_ab,high,0.5,0.0,0.6309297535714575,50
track_a_fra_swa_linspr_txt_001743,track_b_fra_lin_swaspr_txt_001743,fra,track_ab,high,0.04,0.0,0.0,50
track_b_fra_lin_swaspr_txt_002405,track_a_fra_swa_linspr_txt_002405,fra,track_ab,high,1.0,1.0,1.0,50
track_a_fra_swa_linspr_txt_001092,track_b_fra_lin_swaspr_txt_001092,fra,track_ab,high,0.1,0.0,0.0,50
track_b_fra_lin_swaspr_txt_002377,track_a_fra_swa_linspr_txt_002377,fra,track_ab,high,1.0,1.0,1.0,50
track_b_fra_lin_swaspr_txt_001371,track_a_fra_swa_linspr_txt_001371,fra,track_ab,high,0.3333333333333333,0.0,0.5,50
track_a_fra_swa_linspr_txt_002825,track_b_fra_lin_swaspr_txt_002825,fra,track_ab,high,1.0,1.0,1.0,50
track_a_fra_swa_linspr_txt_002928,track_b_fra_lin_swaspr_txt_002928,fra,track_ab,medium,1.0,1.0,1.0,50
track_b_fra_lin_swaspr_txt_002417,track_a_fra_swa_linspr_txt_002417,fra,track_ab,medium,1.0,1.0,1.0,50
track_b_fra_lin_swaspr_txt_000633,track_a_fra_swa_linspr_txt_000633,fra,track_ab,medium,1.0,1.0,1.0,50
track_a_fra_swa_linspr_txt_003370,track_b_fra_lin_swaspr_txt_003370,fra,track_ab,medium,1.0,1.0,1.0,50
track_b_fra_lin_swaspr_txt_003783,track_a_fra_swa_linspr_txt_003783,fra,track_ab,medium,1.0,1.0,1.0,50
track_b_fra_lin_swaspr_txt_002878,track_a_fra_swa_linspr_txt_002878,fra,track_ab,medium,1.0,1.0,1.0,50
track_b_fra_lin_swaspr_txt_001242,track_a_fra_swa_linspr_txt_001242,fra,track_ab,high,1.0,1.0,1.0,50
track_b_fra_lin_swaspr_txt_001745,track_a_fra_swa_linspr_txt_001745,fra,track_ab,medium,1.0,1.0,1.0,50
track_b_fra_lin_swaspr_txt_001744,track_a_fra_swa_linspr_txt_001744,fra,track_ab,high,1.0,1.0,1.0,50
track_a_fra_swa_linspr_txt_003087,track_b_fra_lin_swaspr_txt_003087,fra,track_ab,high,1.0,1.0,1.0,50
track_b_fra_lin_swaspr_txt_001478,track_a_fra_swa_linspr_txt_001478,fra,track_ab,medium,1.0,1.0,1.0,50
track_b_fra_lin_swaspr_txt_000010,track_a_fra_swa_linspr_txt_000010,fra,track_ab,high,1.0,1.0,1.0,50
track_b_fra_lin_swaspr_txt_001869,track_a_fra_swa_linspr_txt_001869,fra,track_ab,high,0.2,0.0,0.38685280723454163,50
track_b_fra_lin_swaspr_txt_002104,track_a_fra_swa_linspr_txt_002104,fra,track_ab,medium,1.0,1.0,1.0,50
track_b_fra_lin_swaspr_txt_002859,track_a_fra_swa_linspr_txt_002859,fra,track_ab,medium,1.0,1.0,1.0,50
track_b_fra_lin_swaspr_txt_002294,track_a_fra_swa_linspr_txt_002294,fra,track_ab,medium,1.0,1.0,1.0,50
track_a_fra_swa_linspr_txt_001072,track_b_fra_lin_swaspr_txt_001072,fra,track_ab,high,1.0,1.0,1.0,50
track_a_fra_swa_linspr_txt_000069,track_b_fra_lin_swaspr_txt_000069,fra,track_ab,high,0.0625,0.0,0.0,50
track_b_fra_lin_swaspr_txt_001806,track_a_fra_swa_linspr_txt_001806,fra,track_ab,medium,1.0,1.0,1.0,50
track_b_fra_lin_swaspr_txt_001761,track_a_fra_swa_linspr_txt_001761,fra,track_ab,high,0.5,0.0,0.6309297535714575,50
track_b_fra_lin_swaspr_txt_000049,track_a_fra_swa_linspr_txt_000049,fra,track_ab,high,0.1,0.0,0.0,50
track_b_fra_lin_swaspr_txt_003760,track_a_fra_swa_linspr_txt_003760,fra,track_ab,high,1.0,1.0,1.0,50
track_b_fra_lin_swaspr_txt_002974,track_a_fra_swa_linspr_txt_002974,fra,track_ab,high,1.0,1.0,1.0,50
track_b_fra_lin_swaspr_txt_000062,track_a_fra_swa_linspr_txt_000062,fra,track_ab,high,1.0,1.0,1.0,50
track_b_fra_lin_swaspr_txt_001882,track_a_fra_swa_linspr_txt_001882,fra,track_ab,medium,1.0,1.0,1.0,50
track_a_fra_swa_linspr_txt_002135,track_b_fra_lin_swaspr_txt_002135,fra,track_ab,medium,1.0,1.0,1.0,50
track_a_fra_swa_linspr_txt_000036,track_b_fra_lin_swaspr_txt_000036,fra,track_ab,high,0.3333333333333333,0.0,0.5,50
track_b_fra_lin_swaspr_txt_000144,track_a_fra_swa_linspr_txt_000144,fra,track_ab,high,0.2,0.0,0.38685280723454163,50
track_b_fra_lin_swaspr_txt_003887,track_a_fra_swa_linspr_txt_003887,fra,track_ab,medium,0.5,0.0,0.6309297535714575,50
track_b_fra_lin_swaspr_txt_002060,track_a_fra_swa_linspr_txt_002060,fra,track_ab,high,1.0,1.0,1.0,50
track_a_fra_swa_linspr_txt_001370,track_b_fra_lin_swaspr_txt_001370,fra,track_ab,high,1.0,1.0,1.0,50
track_b_fra_lin_swaspr_txt_001537,track_a_fra_swa_linspr_txt_001537,fra,track_ab,medium,1.0,1.0,1.0,50
track_a_fra_swa_linspr_txt_003884,track_b_fra_lin_swaspr_txt_003884,fra,track_ab,medium,0.5,0.0,0.6309297535714575,50
track_b_fra_lin_swaspr_txt_000927,track_a_fra_swa_linspr_txt_000927,fra,track_ab,high,1.0,1.0,1.0,50
track_a_fra_swa_linspr_txt_002639,track_b_fra_lin_swaspr_txt_002639,fra,track_ab,high,1.0,1.0,1.0,50
track_a_fra_swa_linspr_txt_000590,track_b_fra_lin_swaspr_txt_000590,fra,track_ab,medium,1.0,1.0,1.0,50
track_b_fra_lin_swaspr_txt_001748,track_a_fra_swa_linspr_txt_001748,fra,track_ab,medium,1.0,1.0,1.0,50
track_a_fra_swa_linspr_txt_001751,track_b_fra_lin_swaspr_txt_001751,fra,track_ab,high,1.0,1.0,1.0,50
track_a_fra_swa_linspr_txt_000072,track_b_fra_lin_swaspr_txt_000072,fra,track_ab,high,0.1,0.0,0.0,50
track_a_fra_swa_linspr_txt_001498,track_b_fra_lin_swaspr_txt_001498,fra,track_ab,medium,1.0,1.0,1.0,50
track_b_fra_lin_swaspr_txt_001672,track_a_fra_swa_linspr_txt_001672,fra,track_ab,high,0.08333333333333333,0.0,0.0,50
track_b_fra_lin_swaspr_txt_002530,track_a_fra_swa_linspr_txt_002530,fra,track_ab,medium,0.2,0.0,0.38685280723454163,50
track_b_fra_lin_swaspr_txt_000359,track_a_fra_swa_linspr_txt_000359,fra,track_ab,high,0.0625,0.0,0.0,50
track_a_fra_swa_linspr_txt_003899,track_b_fra_lin_swaspr_txt_003899,fra,track_ab,high,1.0,1.0,1.0,50
track_b_fra_lin_swaspr_txt_001854,track_a_fra_swa_linspr_txt_001854,fra,track_ab,medium,1.0,1.0,1.0,50
track_b_fra_lin_swaspr_txt_000421,track_a_fra_swa_linspr_txt_000421,fra,track_ab,high,0.5,0.0,0.6309297535714575,50
track_b_fra_lin_swaspr_txt_003866,track_a_fra_swa_linspr_txt_003866,fra,track_ab,medium,1.0,1.0,1.0,50
track_b_fra_lin_swaspr_txt_003188,track_a_fra_swa_linspr_txt_003188,fra,track_ab,high,1.0,1.0,1.0,50
track_b_fra_lin_swaspr_txt_003988,track_a_fra_swa_linspr_txt_003988,fra,track_ab,medium,1.0,1.0,1.0,50
track_b_fra_lin_swaspr_txt_003370,track_a_fra_swa_linspr_txt_003370,fra,track_ab,medium,1.0,1.0,1.0,50
track_b_fra_lin_swaspr_txt_000885,track_a_fra_swa_linspr_txt_000885,fra,track_ab,medium,1.0,1.0,1.0,50
track_a_fra_swa_linspr_txt_001672,track_b_fra_lin_swaspr_txt_001672,fra,track_ab,high,0.1,0.0,0.0,50
track_a_fra_swa_linspr_txt_003479,track_b_fra_lin_swaspr_txt_003479,fra,track_ab,high,0.14285714285714285,0.0,0.0,50
track_b_fra_lin_swaspr_txt_002982,track_a_fra_swa_linspr_txt_002982,fra,track_ab,high,1.0,1.0,1.0,50
track_b_fra_lin_swaspr_txt_002648,track_a_fra_swa_linspr_txt_002648,fra,track_ab,high,1.0,1.0,1.0,50
track_a_fra_swa_linspr_txt_001863,track_b_fra_lin_swaspr_txt_001863,fra,track_ab,medium,1.0,1.0,1.0,50
track_a_fra_swa_linspr_txt_000544,track_b_fra_lin_swaspr_txt_000544,fra,track_ab,medium,1.0,1.0,1.0,50
track_a_fra_swa_linspr_txt_003075,track_b_fra_lin_swaspr_txt_003075,fra,track_ab,high,1.0,1.0,1.0,50
track_a_fra_swa_linspr_txt_000927,track_b_fra_lin_swaspr_txt_000927,fra,track_ab,high,1.0,1.0,1.0,50
track_b_fra_lin_swaspr_txt_001062,track_a_fra_swa_linspr_txt_001062,fra,track_ab,medium,1.0,1.0,1.0,50
track_b_fra_lin_swaspr_txt_002332,track_a_fra_swa_linspr_txt_002332,fra,track_ab,high,0.09090909090909091,0.0,0.0,50
track_b_fra_lin_swaspr_txt_000632,track_a_fra_swa_linspr_txt_000632,fra,track_ab,medium,1.0,1.0,1.0,50
track_b_fra_lin_swaspr_txt_001936,track_a_fra_swa_linspr_txt_001936,fra,track_ab,high,0.05555555555555555,0.0,0.0,50
track_b_fra_lin_swaspr_txt_000051,track_a_fra_swa_linspr_txt_000051,fra,track_ab,high,1.0,1.0,1.0,50
track_a_fra_swa_linspr_txt_002024,track_b_fra_lin_swaspr_txt_002024,fra,track_ab,high,1.0,1.0,1.0,50
track_a_fra_swa_linspr_txt_000839,track_b_fra_lin_swaspr_txt_000839,fra,track_ab,high,0.3333333333333333,0.0,0.5,50
track_b_fra_lin_swaspr_txt_003928,track_a_fra_swa_linspr_txt_003928,fra,track_ab,high,0.3333333333333333,0.0,0.5,50
track_a_fra_swa_linspr_txt_000744,track_b_fra_lin_swaspr_txt_000744,fra,track_ab,high,0.08333333333333333,0.0,0.0,50
track_a_fra_swa_linspr_txt_000901,track_b_fra_lin_swaspr_txt_000901,fra,track_ab,high,1.0,1.0,1.0,50
track_a_fra_swa_linspr_txt_003918,track_b_fra_lin_swaspr_txt_003918,fra,track_ab,high,1.0,1.0,1.0,50
track_a_fra_swa_linspr_txt_000051,track_b_fra_lin_swaspr_txt_000051,fra,track_ab,high,1.0,1.0,1.0,50
track_a_fra_swa_linspr_txt_003634,track_b_fra_lin_swaspr_txt_003634,fra,track_ab,high,1.0,1.0,1.0,50
track_a_fra_swa_linspr_txt_000132,track_b_fra_lin_swaspr_txt_000132,fra,track_ab,high,0.07142857142857142,0.0,0.0,50
track_b_fra_lin_swaspr_txt_003733,track_a_fra_swa_linspr_txt_003733,fra,track_ab,medium,1.0,1.0,1.0,50
track_a_fra_swa_linspr_txt_001695,track_b_fra_lin_swaspr_txt_001695,fra,track_ab,high,0.037037037037037035,0.0,0.0,50
track_b_fra_lin_swaspr_txt_001324,track_a_fra_swa_linspr_txt_001324,fra,track_ab,medium,1.0,1.0,1.0,50
track_b_fra_lin_swaspr_txt_002837,track_a_fra_swa_linspr_txt_002837,fra,track_ab,high,1.0,1.0,1.0,50
track_b_fra_lin_swaspr_txt_000478,track_a_fra_swa_linspr_txt_000478,fra,track_ab,high,0.1111111111111111,0.0,0.0,50
track_b_fra_lin_swaspr_txt_002364,track_a_fra_swa_linspr_txt_002364,fra,track_ab,medium,1.0,1.0,1.0,50
track_b_fra_lin_swaspr_txt_002389,track_a_fra_swa_linspr_txt_002389,fra,track_ab,high,1.0,1.0,1.0,50
track_a_fra_swa_linspr_txt_003286,track_b_fra_lin_swaspr_txt_003286,fra,track_ab,medium,1.0,1.0,1.0,50
track_b_fra_lin_swaspr_txt_001364,track_a_fra_swa_linspr_txt_001364,fra,track_ab,high,1.0,1.0,1.0,50
track_a_fra_swa_linspr_txt_003661,track_b_fra_lin_swaspr_txt_003661,fra,track_ab,high,0.1,0.0,0.0,50
track_a_fra_swa_linspr_txt_001795,track_b_fra_lin_swaspr_txt_001795,fra,track_ab,medium,1.0,1.0,1.0,50
track_a_fra_swa_linspr_txt_003534,track_b_fra_lin_swaspr_txt_003534,fra,track_ab,high,1.0,1.0,1.0,50
track_a_fra_swa_linspr_txt_001575,track_b_fra_lin_swaspr_txt_001575,fra,track_ab,medium,1.0,1.0,1.0,50
track_a_fra_swa_linspr_txt_003665,track_b_fra_lin_swaspr_txt_003665,fra,track_ab,high,1.0,1.0,1.0,50
track_b_fra_lin_swaspr_txt_003960,track_a_fra_swa_linspr_txt_003960,fra,track_ab,high,1.0,1.0,1.0,50
track_b_fra_lin_swaspr_txt_003392,track_a_fra_swa_linspr_txt_003392,fra,track_ab,medium,1.0,1.0,1.0,50
track_a_fra_swa_linspr_txt_003200,track_b_fra_lin_swaspr_txt_003200,fra,track_ab,high,1.0,1.0,1.0,50
track_b_fra_lin_swaspr_txt_001255,track_a_fra_swa_linspr_txt_001255,fra,track_ab,medium,1.0,1.0,1.0,50
track_b_fra_lin_swaspr_txt_003403,track_a_fra_swa_linspr_txt_003403,fra,track_ab,medium,1.0,1.0,1.0,50
track_a_fra_swa_linspr_txt_001261,track_b_fra_lin_swaspr_txt_001261,fra,track_ab,medium,0.5,0.0,0.6309297535714575,50
track_b_fra_lin_swaspr_txt_001060,track_a_fra_swa_linspr_txt_001060,fra,track_ab,medium,0.07692307692307693,0.0,0.0,50
track_a_fra_swa_linspr_txt_002364,track_b_fra_lin_swaspr_txt_002364,fra,track_ab,medium,1.0,1.0,1.0,50
track_b_fra_lin_swaspr_txt_000744,track_a_fra_swa_linspr_txt_000744,fra,track_ab,high,0.09090909090909091,0.0,0.0,50
track_a_fra_swa_linspr_txt_002632,track_b_fra_lin_swaspr_txt_002632,fra,track_ab,high,1.0,1.0,1.0,50
track_b_fra_lin_swaspr_txt_000901,track_a_fra_swa_linspr_txt_000901,fra,track_ab,high,1.0,1.0,1.0,50
track_a_fra_swa_linspr_txt_003331,track_b_fra_lin_swaspr_txt_003331,fra,track_ab,medium,0.5,0.0,0.6309297535714575,50
track_a_fra_swa_linspr_txt_000231,track_b_fra_lin_swaspr_txt_000231,fra,track_ab,medium,1.0,1.0,1.0,50
track_b_fra_lin_swaspr_txt_002468,track_a_fra_swa_linspr_txt_002468,fra,track_ab,high,1.0,1.0,1.0,50
track_b_fra_lin_swaspr_txt_001907,track_a_fra_swa_linspr_txt_001907,fra,track_ab,medium,1.0,1.0,1.0,50
track_a_fra_swa_linspr_txt_002409,track_b_fra_lin_swaspr_txt_002409,fra,track_ab,high,1.0,1.0,1.0,50
track_a_fra_swa_linspr_txt_002654,track_b_fra_lin_swaspr_txt_002654,fra,track_ab,medium,1.0,1.0,1.0,50
track_a_fra_swa_linspr_txt_002169,track_b_fra_lin_swaspr_txt_002169,fra,track_ab,high,1.0,1.0,1.0,50
track_a_fra_swa_linspr_txt_003251,track_b_fra_lin_swaspr_txt_003251,fra,track_ab,high,1.0,1.0,1.0,50
track_a_fra_swa_linspr_txt_000953,track_b_fra_lin_swaspr_txt_000953,fra,track_ab,high,1.0,1.0,1.0,50
track_b_fra_lin_swaspr_txt_001145,track_a_fra_swa_linspr_txt_001145,fra,track_ab,medium,0.5,0.0,0.6309297535714575,50
track_b_fra_lin_swaspr_txt_003218,track_a_fra_swa_linspr_txt_003218,fra,track_ab,high,0.5,0.0,0.6309297535714575,50
track_b_fra_lin_swaspr_txt_000175,track_a_fra_swa_linspr_txt_000175,fra,track_ab,medium,0.3333333333333333,0.0,0.5,50
track_b_fra_lin_swaspr_txt_003041,track_a_fra_swa_linspr_txt_003041,fra,track_ab,high,1.0,1.0,1.0,50
track_a_fra_swa_linspr_txt_003077,track_b_fra_lin_swaspr_txt_003077,fra,track_ab,high,1.0,1.0,1.0,50
track_a_fra_swa_linspr_txt_001437,track_b_fra_lin_swaspr_txt_001437,fra,track_ab,high,0.043478260869565216,0.0,0.0,50
track_b_fra_lin_swaspr_txt_002623,track_a_fra_swa_linspr_txt_002623,fra,track_ab,high,1.0,1.0,1.0,50
track_a_fra_swa_linspr_txt_001142,track_b_fra_lin_swaspr_txt_001142,fra,track_ab,high,1.0,1.0,1.0,50
track_b_fra_lin_swaspr_txt_002000,track_a_fra_swa_linspr_txt_002000,fra,track_ab,high,0.5,0.0,0.6309297535714575,50
track_a_fra_swa_linspr_txt_002096,track_b_fra_lin_swaspr_txt_002096,fra,track_ab,medium,1.0,1.0,1.0,50
track_a_fra_swa_linspr_txt_001861,track_b_fra_lin_swaspr_txt_001861,fra,track_ab,high,0.3333333333333333,0.0,0.5,50
track_b_fra_lin_swaspr_txt_003996,track_a_fra_swa_linspr_txt_003996,fra,track_ab,high,0.027777777777777776,0.0,0.0,50
track_a_fra_swa_linspr_txt_003063,track_b_fra_lin_swaspr_txt_003063,fra,track_ab,high,1.0,1.0,1.0,50
track_b_fra_lin_swaspr_txt_001445,track_a_fra_swa_linspr_txt_001445,fra,track_ab,high,0.16666666666666666,0.0,0.0,50
track_b_fra_lin_swaspr_txt_001128,track_a_fra_swa_linspr_txt_001128,fra,track_ab,medium,1.0,1.0,1.0,50
track_b_fra_lin_swaspr_txt_000812,track_a_fra_swa_linspr_txt_000812,fra,track_ab,medium,1.0,1.0,1.0,50
track_b_fra_lin_swaspr_txt_003795,track_a_fra_swa_linspr_txt_003795,fra,track_ab,high,1.0,1.0,1.0,50
track_a_fra_swa_linspr_txt_001445,track_b_fra_lin_swaspr_txt_001445,fra,track_ab,high,1.0,1.0,1.0,50
track_b_fra_lin_swaspr_txt_001992,track_a_fra_swa_linspr_txt_001992,fra,track_ab,high,1.0,1.0,1.0,50
track_b_fra_lin_swaspr_txt_002135,track_a_fra_swa_linspr_txt_002135,fra,track_ab,high,1.0,1.0,1.0,50
track_b_fra_lin_swaspr_txt_003803,track_a_fra_swa_linspr_txt_003803,fra,track_ab,high,1.0,1.0,1.0,50
track_a_fra_swa_linspr_txt_001869,track_b_fra_lin_swaspr_txt_001869,fra,track_ab,medium,0.1,0.0,0.0,50
track_a_fra_swa_linspr_txt_002743,track_b_fra_lin_swaspr_txt_002743,fra,track_ab,high,1.0,1.0,1.0,50
track_b_fra_lin_swaspr_txt_001437,track_a_fra_swa_linspr_txt_001437,fra,track_ab,high,0.08333333333333333,0.0,0.0,50
track_a_fra_swa_linspr_txt_002250,track_b_fra_lin_swaspr_txt_002250,fra,track_ab,high,0.1,0.0,0.0,50
track_a_fra_swa_linspr_txt_002468,track_b_fra_lin_swaspr_txt_002468,fra,track_ab,high,1.0,1.0,1.0,50
track_a_fra_swa_linspr_txt_002014,track_b_fra_lin_swaspr_txt_002014,fra,track_ab,medium,1.0,1.0,1.0,50
track_a_fra_swa_linspr_txt_002099,track_b_fra_lin_swaspr_txt_002099,fra,track_ab,high,1.0,1.0,1.0,50
track_b_fra_lin_swaspr_txt_002928,track_a_fra_swa_linspr_txt_002928,fra,track_ab,high,1.0,1.0,1.0,50
track_b_fra_lin_swaspr_txt_000586,track_a_fra_swa_linspr_txt_000586,fra,track_ab,medium,1.0,1.0,1.0,50
track_b_fra_lin_swaspr_txt_002996,track_a_fra_swa_linspr_txt_002996,fra,track_ab,high,1.0,1.0,1.0,50
track_b_fra_lin_swaspr_txt_002423,track_a_fra_swa_linspr_txt_002423,fra,track_ab,high,1.0,1.0,1.0,50
track_a_fra_swa_linspr_txt_000478,track_b_fra_lin_swaspr_txt_000478,fra,track_ab,high,0.25,0.0,0.43067655807339306,50
track_b_fra_lin_swaspr_txt_001261,track_a_fra_swa_linspr_txt_001261,fra,track_ab,medium,0.25,0.0,0.43067655807339306,50
track_b_fra_lin_swaspr_txt_001995,track_a_fra_swa_linspr_txt_001995,fra,track_ab,medium,1.0,1.0,1.0,50
track_a_fra_swa_linspr_txt_003598,track_b_fra_lin_swaspr_txt_003598,fra,track_ab,high,0.2,0.0,0.38685280723454163,50
track_b_fra_lin_swaspr_txt_002957,track_a_fra_swa_linspr_txt_002957,fra,track_ab,medium,1.0,1.0,1.0,50
track_a_fra_swa_linspr_txt_002516,track_b_fra_lin_swaspr_txt_002516,fra,track_ab,high,1.0,1.0,1.0,50
track_a_fra_swa_linspr_txt_001935,track_b_fra_lin_swaspr_txt_001935,fra,track_ab,medium,1.0,1.0,1.0,50
track_b_fra_lin_swaspr_txt_002262,track_a_fra_swa_linspr_txt_002262,fra,track_ab,medium,1.0,1.0,1.0,50
track_a_fra_swa_linspr_txt_000985,track_b_fra_lin_swaspr_txt_000985,fra,track_ab,high,1.0,1.0,1.0,50
track_a_fra_swa_linspr_txt_003084,track_b_fra_lin_swaspr_txt_003084,fra,track_ab,high,0.3333333333333333,0.0,0.5,50
track_b_fra_lin_swaspr_txt_003756,track_a_fra_swa_linspr_txt_003756,fra,track_ab,high,1.0,1.0,1.0,50
track_a_fra_swa_linspr_txt_001858,track_b_fra_lin_swaspr_txt_001858,fra,track_ab,medium,0.5,0.0,0.6309297535714575,50
track_a_fra_swa_linspr_txt_001478,track_b_fra_lin_swaspr_txt_001478,fra,track_ab,high,1.0,1.0,1.0,50
track_a_fra_swa_linspr_txt_002608,track_b_fra_lin_swaspr_txt_002608,fra,track_ab,high,1.0,1.0,1.0,50
track_a_fra_swa_linspr_txt_002122,track_b_fra_lin_swaspr_txt_002122,fra,track_ab,medium,1.0,1.0,1.0,50
track_a_fra_swa_linspr_txt_000559,track_b_fra_lin_swaspr_txt_000559,fra,track_ab,high,1.0,1.0,1.0,50
track_b_fra_lin_swaspr_txt_003534,track_a_fra_swa_linspr_txt_003534,fra,track_ab,medium,1.0,1.0,1.0,50
track_a_fra_swa_linspr_txt_000686,track_b_fra_lin_swaspr_txt_000686,fra,track_ab,high,0.25,0.0,0.43067655807339306,50
track_a_fra_swa_linspr_txt_002063,track_b_fra_lin_swaspr_txt_002063,fra,track_ab,high,1.0,1.0,1.0,50
track_a_fra_swa_linspr_txt_000227,track_b_fra_lin_swaspr_txt_000227,fra,track_ab,high,1.0,1.0,1.0,50
track_a_fra_swa_linspr_txt_000878,track_b_fra_lin_swaspr_txt_000878,fra,track_ab,high,0.25,0.0,0.43067655807339306,50
track_b_fra_lin_swaspr_txt_001863,track_a_fra_swa_linspr_txt_001863,fra,track_ab,high,1.0,1.0,1.0,50
track_b_fra_lin_swaspr_txt_000638,track_a_fra_swa_linspr_txt_000638,fra,track_ab,high,1.0,1.0,1.0,50
track_a_fra_swa_linspr_txt_000888,track_b_fra_lin_swaspr_txt_000888,fra,track_ab,high,1.0,1.0,1.0,50
track_b_fra_lin_swaspr_txt_001212,track_a_fra_swa_linspr_txt_001212,fra,track_ab,medium,0.25,0.0,0.43067655807339306,50
track_a_fra_swa_linspr_txt_003475,track_b_fra_lin_swaspr_txt_003475,fra,track_ab,medium,0.5,0.0,0.6309297535714575,50
track_b_fra_lin_swaspr_txt_002140,track_a_fra_swa_linspr_txt_002140,fra,track_ab,high,0.14285714285714285,0.0,0.0,50
track_b_fra_lin_swaspr_txt_002608,track_a_fra_swa_linspr_txt_002608,fra,track_ab,medium,1.0,1.0,1.0,50
track_b_fra_lin_swaspr_txt_003293,track_a_fra_swa_linspr_txt_003293,fra,track_ab,high,1.0,1.0,1.0,50
track_b_fra_lin_swaspr_txt_001360,track_a_fra_swa_linspr_txt_001360,fra,track_ab,medium,1.0,1.0,1.0,50
track_b_fra_lin_swaspr_txt_003223,track_a_fra_swa_linspr_txt_003223,fra,track_ab,medium,1.0,1.0,1.0,50
track_a_fra_swa_linspr_txt_000266,track_b_fra_lin_swaspr_txt_000266,fra,track_ab,high,1.0,1.0,1.0,50
track_a_fra_swa_linspr_txt_003568,track_b_fra_lin_swaspr_txt_003568,fra,track_ab,medium,1.0,1.0,1.0,50
track_b_fra_lin_swaspr_txt_003039,track_a_fra_swa_linspr_txt_003039,fra,track_ab,high,1.0,1.0,1.0,50
track_b_fra_lin_swaspr_txt_000608,track_a_fra_swa_linspr_txt_000608,fra,track_ab,medium,0.25,0.0,0.43067655807339306,50
track_a_fra_swa_linspr_txt_000175,track_b_fra_lin_swaspr_txt_000175,fra,track_ab,medium,0.25,0.0,0.43067655807339306,50
track_a_fra_swa_linspr_txt_003549,track_b_fra_lin_swaspr_txt_003549,fra,track_ab,high,1.0,1.0,1.0,50
track_b_fra_lin_swaspr_txt_000227,track_a_fra_swa_linspr_txt_000227,fra,track_ab,high,0.5,0.0,0.6309297535714575,50
track_a_fra_swa_linspr_txt_003392,track_b_fra_lin_swaspr_txt_003392,fra,track_ab,high,0.5,0.0,0.6309297535714575,50
track_b_fra_lin_swaspr_txt_003549,track_a_fra_swa_linspr_txt_003549,fra,track_ab,high,1.0,1.0,1.0,50
track_b_fra_lin_swaspr_txt_001632,track_a_fra_swa_linspr_txt_001632,fra,track_ab,medium,1.0,1.0,1.0,50
track_b_fra_lin_swaspr_txt_001260,track_a_fra_swa_linspr_txt_001260,fra,track_ab,medium,0.5,0.0,0.6309297535714575,50
track_a_fra_swa_linspr_txt_002921,track_b_fra_lin_swaspr_txt_002921,fra,track_ab,medium,0.2,0.0,0.38685280723454163,50
track_b_fra_lin_swaspr_txt_001490,track_a_fra_swa_linspr_txt_001490,fra,track_ab,medium,1.0,1.0,1.0,50
track_b_fra_lin_swaspr_txt_001858,track_a_fra_swa_linspr_txt_001858,fra,track_ab,high,0.5,0.0,0.6309297535714575,50
track_b_fra_lin_swaspr_txt_003634,track_a_fra_swa_linspr_txt_003634,fra,track_ab,high,0.5,0.0,0.6309297535714575,50
track_a_fra_swa_linspr_txt_001698,track_b_fra_lin_swaspr_txt_001698,fra,track_ab,medium,1.0,1.0,1.0,50
track_a_fra_swa_linspr_txt_001537,track_b_fra_lin_swaspr_txt_001537,fra,track_ab,medium,1.0,1.0,1.0,50
track_a_fra_swa_linspr_txt_001744,track_b_fra_lin_swaspr_txt_001744,fra,track_ab,high,1.0,1.0,1.0,50
track_a_fra_swa_linspr_txt_000861,track_b_fra_lin_swaspr_txt_000861,fra,track_ab,high,0.1,0.0,0.0,50
track_b_fra_lin_swaspr_txt_000266,track_a_fra_swa_linspr_txt_000266,fra,track_ab,high,1.0,1.0,1.0,50
track_b_fra_lin_swaspr_txt_000810,track_a_fra_swa_linspr_txt_000810,fra,track_ab,high,1.0,1.0,1.0,50
track_a_fra_swa_linspr_txt_002389,track_b_fra_lin_swaspr_txt_002389,fra,track_ab,high,1.0,1.0,1.0,50
track_b_fra_lin_swaspr_txt_001574,track_a_fra_swa_linspr_txt_001574,fra,track_ab,medium,0.25,0.0,0.43067655807339306,50
track_a_fra_swa_linspr_txt_000359,track_b_fra_lin_swaspr_txt_000359,fra,track_ab,high,0.08333333333333333,0.0,0.0,50
track_b_fra_lin_swaspr_txt_000314,track_a_fra_swa_linspr_txt_000314,fra,track_ab,high,0.07142857142857142,0.0,0.0,50
track_a_fra_swa_linspr_txt_001324,track_b_fra_lin_swaspr_txt_001324,fra,track_ab,medium,1.0,1.0,1.0,50
track_b_fra_lin_swaspr_txt_003393,track_a_fra_swa_linspr_txt_003393,fra,track_ab,medium,0.5,0.0,0.6309297535714575,50
track_a_fra_swa_linspr_txt_000300,track_b_fra_lin_swaspr_txt_000300,fra,track_ab,high,1.0,1.0,1.0,50
track_b_fra_lin_swaspr_txt_001426,track_a_fra_swa_linspr_txt_001426,fra,track_ab,high,1.0,1.0,1.0,50
track_a_fra_swa_linspr_txt_002836,track_b_fra_lin_swaspr_txt_002836,fra,track_ab,high,0.125,0.0,0.0,50
track_b_fra_lin_swaspr_txt_001114,track_a_fra_swa_linspr_txt_001114,fra,track_ab,medium,0.5,0.0,0.6309297535714575,50
track_a_fra_swa_linspr_txt_000670,track_b_fra_lin_swaspr_txt_000670,fra,track_ab,medium,0.1,0.0,0.0,50
track_a_fra_swa_linspr_txt_000084,track_b_fra_lin_swaspr_txt_000084,fra,track_ab,high,0.5,0.0,0.6309297535714575,50
track_a_fra_swa_linspr_txt_003966,track_b_fra_lin_swaspr_txt_003966,fra,track_ab,medium,1.0,1.0,1.0,50
track_a_fra_swa_linspr_txt_003271,track_b_fra_lin_swaspr_txt_003271,fra,track_ab,high,1.0,1.0,1.0,50
track_b_fra_lin_swaspr_txt_002139,track_a_fra_swa_linspr_txt_002139,fra,track_ab,high,1.0,1.0,1.0,50
track_a_fra_swa_linspr_txt_003270,track_b_fra_lin_swaspr_txt_003270,fra,track_ab,medium,1.0,1.0,1.0,50
track_b_fra_lin_swaspr_txt_002063,track_a_fra_swa_linspr_txt_002063,fra,track_ab,high,1.0,1.0,1.0,50
track_a_fra_swa_linspr_txt_001748,track_b_fra_lin_swaspr_txt_001748,fra,track_ab,high,1.0,1.0,1.0,50
track_b_fra_lin_swaspr_txt_002271,track_a_fra_swa_linspr_txt_002271,fra,track_ab,medium,0.07692307692307693,0.0,0.0,50
track_a_fra_swa_linspr_txt_003958,track_b_fra_lin_swaspr_txt_003958,fra,track_ab,high,0.5,0.0,0.6309297535714575,50
track_b_fra_lin_swaspr_txt_003077,track_a_fra_swa_linspr_txt_003077,fra,track_ab,high,1.0,1.0,1.0,50
track_a_fra_swa_linspr_txt_001357,track_b_fra_lin_swaspr_txt_001357,fra,track_ab,medium,1.0,1.0,1.0,50
track_b_fra_lin_swaspr_txt_002049,track_a_fra_swa_linspr_txt_002049,fra,track_ab,high,1.0,1.0,1.0,50
track_a_fra_swa_linspr_txt_003724,track_b_fra_lin_swaspr_txt_003724,fra,track_ab,medium,1.0,1.0,1.0,50
track_b_fra_lin_swaspr_txt_002099,track_a_fra_swa_linspr_txt_002099,fra,track_ab,high,1.0,1.0,1.0,50
track_b_fra_lin_swaspr_txt_000961,track_a_fra_swa_linspr_txt_000961,fra,track_ab,high,0.047619047619047616,0.0,0.0,50
track_b_fra_lin_swaspr_txt_000879,track_a_fra_swa_linspr_txt_000879,fra,track_ab,high,1.0,1.0,1.0,50
track_a_fra_swa_linspr_txt_001745,track_b_fra_lin_swaspr_txt_001745,fra,track_ab,medium,1.0,1.0,1.0,50
track_a_fra_swa_linspr_txt_001169,track_b_fra_lin_swaspr_txt_001169,fra,track_ab,high,1.0,1.0,1.0,50
track_a_fra_swa_linspr_txt_002423,track_b_fra_lin_swaspr_txt_002423,fra,track_ab,high,1.0,1.0,1.0,50
track_a_fra_swa_linspr_txt_002596,track_b_fra_lin_swaspr_txt_002596,fra,track_ab,medium,1.0,1.0,1.0,50
track_a_fra_swa_linspr_txt_000845,track_b_fra_lin_swaspr_txt_000845,fra,track_ab,high,1.0,1.0,1.0,50
track_b_fra_lin_swaspr_txt_003112,track_a_fra_swa_linspr_txt_003112,fra,track_ab,medium,1.0,1.0,1.0,50
track_b_fra_lin_swaspr_txt_002459,track_a_fra_swa_linspr_txt_002459,fra,track_ab,high,1.0,1.0,1.0,50
track_a_fra_swa_linspr_txt_003039,track_b_fra_lin_swaspr_txt_003039,fra,track_ab,medium,1.0,1.0,1.0,50
track_a_fra_swa_linspr_txt_000924,track_b_fra_lin_swaspr_txt_000924,fra,track_ab,high,1.0,1.0,1.0,50
track_a_fra_swa_linspr_txt_001242,track_b_fra_lin_swaspr_txt_001242,fra,track_ab,high,1.0,1.0,1.0,50
track_a_fra_swa_linspr_txt_000421,track_b_fra_lin_swaspr_txt_000421,fra,track_ab,high,0.5,0.0,0.6309297535714575,50
track_b_fra_lin_swaspr_txt_000999,track_a_fra_swa_linspr_txt_000999,fra,track_ab,high,1.0,1.0,1.0,50
track_a_fra_swa_linspr_txt_003403,track_b_fra_lin_swaspr_txt_003403,fra,track_ab,medium,1.0,1.0,1.0,50
track_b_fra_lin_swaspr_txt_002024,track_a_fra_swa_linspr_txt_002024,fra,track_ab,medium,1.0,1.0,1.0,50
track_b_fra_lin_swaspr_txt_003439,track_a_fra_swa_linspr_txt_003439,fra,track_ab,high,0.0625,0.0,0.0,50
track_a_fra_swa_linspr_txt_001942,track_b_fra_lin_swaspr_txt_001942,fra,track_ab,high,1.0,1.0,1.0,50
track_b_fra_lin_swaspr_txt_003442,track_a_fra_swa_linspr_txt_003442,fra,track_ab,medium,1.0,1.0,1.0,50
track_b_fra_lin_swaspr_txt_003792,track_a_fra_swa_linspr_txt_003792,fra,track_ab,high,1.0,1.0,1.0,50
track_b_fra_lin_swaspr_txt_001795,track_a_fra_swa_linspr_txt_001795,fra,track_ab,high,1.0,1.0,1.0,50
track_a_fra_swa_linspr_txt_003992,track_b_fra_lin_swaspr_txt_003992,fra,track_ab,medium,1.0,1.0,1.0,50
track_b_fra_lin_swaspr_txt_003860,track_a_fra_swa_linspr_txt_003860,fra,track_ab,high,1.0,1.0,1.0,50
track_a_fra_swa_linspr_txt_002377,track_b_fra_lin_swaspr_txt_002377,fra,track_ab,medium,1.0,1.0,1.0,50
track_b_fra_lin_swaspr_txt_002836,track_a_fra_swa_linspr_txt_002836,fra,track_ab,high,0.1111111111111111,0.0,0.0,50
track_b_fra_lin_swaspr_txt_000565,track_a_fra_swa_linspr_txt_000565,fra,track_ab,high,1.0,1.0,1.0,50
track_a_fra_swa_linspr_txt_003928,track_b_fra_lin_swaspr_txt_003928,fra,track_ab,high,0.3333333333333333,0.0,0.5,50
track_b_fra_lin_swaspr_txt_002743,track_a_fra_swa_linspr_txt_002743,fra,track_ab,high,1.0,1.0,1.0,50
track_a_fra_swa_linspr_txt_001992,track_b_fra_lin_swaspr_txt_001992,fra,track_ab,medium,1.0,1.0,1.0,50
track_b_fra_lin_swaspr_txt_003688,track_a_fra_swa_linspr_txt_003688,fra,track_ab,medium,1.0,1.0,1.0,50
track_a_fra_swa_linspr_txt_002271,track_b_fra_lin_swaspr_txt_002271,fra,track_ab,high,0.058823529411764705,0.0,0.0,50
track_b_fra_lin_swaspr_txt_003422,track_a_fra_swa_linspr_txt_003422,fra,track_ab,high,0.08333333333333333,0.0,0.0,50
track_b_fra_lin_swaspr_txt_001792,track_a_fra_swa_linspr_txt_001792,fra,track_ab,high,0.5,0.0,0.6309297535714575,50
track_a_fra_swa_linspr_txt_000885,track_b_fra_lin_swaspr_txt_000885,fra,track_ab,high,1.0,1.0,1.0,50
track_b_fra_lin_swaspr_txt_001751,track_a_fra_swa_linspr_txt_001751,fra,track_ab,high,1.0,1.0,1.0,50
track_a_fra_swa_linspr_txt_002996,track_b_fra_lin_swaspr_txt_002996,fra,track_ab,high,1.0,1.0,1.0,50
track_b_fra_lin_swaspr_txt_000399,track_a_fra_swa_linspr_txt_000399,fra,track_ab,high,1.0,1.0,1.0,50
track_a_fra_swa_linspr_txt_001154,track_b_fra_lin_swaspr_txt_001154,fra,track_ab,high,1.0,1.0,1.0,50
track_b_fra_lin_swaspr_txt_003541,track_a_fra_swa_linspr_txt_003541,fra,track_ab,high,1.0,1.0,1.0,50
track_b_fra_lin_swaspr_txt_002218,track_a_fra_swa_linspr_txt_002218,fra,track_ab,medium,0.25,0.0,0.43067655807339306,50
track_a_fra_swa_linspr_txt_000909,track_b_fra_lin_swaspr_txt_000909,fra,track_ab,medium,1.0,1.0,1.0,50
track_a_fra_swa_linspr_txt_003617,track_b_fra_lin_swaspr_txt_003617,fra,track_ab,medium,1.0,1.0,1.0,50
track_a_fra_swa_linspr_txt_003216,track_b_fra_lin_swaspr_txt_003216,fra,track_ab,high,0.5,0.0,0.6309297535714575,50
track_b_fra_lin_swaspr_txt_001698,track_a_fra_swa_linspr_txt_001698,fra,track_ab,high,1.0,1.0,1.0,50
track_b_fra_lin_swaspr_txt_001433,track_a_fra_swa_linspr_txt_001433,fra,track_ab,medium,1.0,1.0,1.0,50
track_a_fra_swa_linspr_txt_003223,track_b_fra_lin_swaspr_txt_003223,fra,track_ab,medium,1.0,1.0,1.0,50
track_b_fra_lin_swaspr_txt_000356,track_a_fra_swa_linspr_txt_000356,fra,track_ab,high,1.0,1.0,1.0,50
track_a_fra_swa_linspr_txt_001385,track_b_fra_lin_swaspr_txt_001385,fra,track_ab,high,1.0,1.0,1.0,50
track_b_fra_lin_swaspr_txt_003200,track_a_fra_swa_linspr_txt_003200,fra,track_ab,high,1.0,1.0,1.0,50
track_a_fra_swa_linspr_txt_000327,track_b_fra_lin_swaspr_txt_000327,fra,track_ab,medium,1.0,1.0,1.0,50
track_b_fra_lin_swaspr_txt_001197,track_a_fra_swa_linspr_txt_001197,fra,track_ab,high,1.0,1.0,1.0,50
track_b_fra_lin_swaspr_txt_001759,track_a_fra_swa_linspr_txt_001759,fra,track_ab,medium,1.0,1.0,1.0,50
track_b_fra_lin_swaspr_txt_002165,track_a_fra_swa_linspr_txt_002165,fra,track_ab,high,1.0,1.0,1.0,50
track_a_fra_swa_linspr_txt_001334,track_b_fra_lin_swaspr_txt_001334,fra,track_ab,high,1.0,1.0,1.0,50
track_b_fra_lin_swaspr_txt_002196,track_a_fra_swa_linspr_txt_002196,fra,track_ab,medium,1.0,1.0,1.0,50
track_a_fra_swa_linspr_txt_001531,track_b_fra_lin_swaspr_txt_001531,fra,track_ab,medium,1.0,1.0,1.0,50
track_b_fra_lin_swaspr_txt_000559,track_a_fra_swa_linspr_txt_000559,fra,track_ab,high,1.0,1.0,1.0,50
track_a_fra_swa_linspr_txt_001114,track_b_fra_lin_swaspr_txt_001114,fra,track_ab,medium,1.0,1.0,1.0,50
track_b_fra_lin_swaspr_txt_000899,track_a_fra_swa_linspr_txt_000899,fra,track_ab,medium,0.5,0.0,0.6309297535714575,50
track_b_fra_lin_swaspr_txt_000166,track_a_fra_swa_linspr_txt_000166,fra,track_ab,medium,1.0,1.0,1.0,50
track_b_fra_lin_swaspr_txt_002133,track_a_fra_swa_linspr_txt_002133,fra,track_ab,medium,1.0,1.0,1.0,50
track_a_fra_swa_linspr_txt_002053,track_b_fra_lin_swaspr_txt_002053,fra,track_ab,high,0.14285714285714285,0.0,0.0,50
track_b_fra_lin_swaspr_txt_003387,track_a_fra_swa_linspr_txt_003387,fra,track_ab,high,1.0,1.0,1.0,50
track_a_fra_swa_linspr_txt_002283,track_b_fra_lin_swaspr_txt_002283,fra,track_ab,medium,1.0,1.0,1.0,50
track_b_fra_lin_swaspr_txt_000840,track_a_fra_swa_linspr_txt_000840,fra,track_ab,high,0.2,0.0,0.38685280723454163,50
track_a_fra_swa_linspr_txt_000632,track_b_fra_lin_swaspr_txt_000632,fra,track_ab,medium,1.0,1.0,1.0,50
track_a_fra_swa_linspr_txt_003112,track_b_fra_lin_swaspr_txt_003112,fra,track_ab,high,1.0,1.0,1.0,50
track_b_fra_lin_swaspr_txt_003048,track_a_fra_swa_linspr_txt_003048,fra,track_ab,high,1.0,1.0,1.0,50
track_a_fra_swa_linspr_txt_003781,track_b_fra_lin_swaspr_txt_003781,fra,track_ab,high,1.0,1.0,1.0,50
track_a_fra_swa_linspr_txt_002270,track_b_fra_lin_swaspr_txt_002270,fra,track_ab,high,1.0,1.0,1.0,50
track_b_fra_lin_swaspr_txt_001334,track_a_fra_swa_linspr_txt_001334,fra,track_ab,high,0.5,0.0,0.6309297535714575,50
track_a_fra_swa_linspr_txt_003454,track_b_fra_lin_swaspr_txt_003454,fra,track_ab,high,0.07692307692307693,0.0,0.0,50
track_a_fra_swa_linspr_txt_001364,track_b_fra_lin_swaspr_txt_001364,fra,track_ab,medium,1.0,1.0,1.0,50
track_b_fra_lin_swaspr_txt_003314,track_a_fra_swa_linspr_txt_003314,fra,track_ab,high,0.25,0.0,0.43067655807339306,50
track_a_fra_swa_linspr_txt_001574,track_b_fra_lin_swaspr_txt_001574,fra,track_ab,high,0.5,0.0,0.6309297535714575,50
track_a_fra_swa_linspr_txt_003777,track_b_fra_lin_swaspr_txt_003777,fra,track_ab,high,0.06666666666666667,0.0,0.0,50
track_b_fra_lin_swaspr_txt_002806,track_a_fra_swa_linspr_txt_002806,fra,track_ab,medium,1.0,1.0,1.0,50
track_b_fra_lin_swaspr_txt_001249,track_a_fra_swa_linspr_txt_001249,fra,track_ab,medium,1.0,1.0,1.0,50
track_b_fra_lin_swaspr_txt_003219,track_a_fra_swa_linspr_txt_003219,fra,track_ab,medium,1.0,1.0,1.0,50
track_b_fra_lin_swaspr_txt_001072,track_a_fra_swa_linspr_txt_001072,fra,track_ab,high,1.0,1.0,1.0,50
track_b_fra_lin_swaspr_txt_000738,track_a_fra_swa_linspr_txt_000738,fra,track_ab,high,1.0,1.0,1.0,50
track_a_fra_swa_linspr_txt_002175,track_b_fra_lin_swaspr_txt_002175,fra,track_ab,high,1.0,1.0,1.0,50
track_a_fra_swa_linspr_txt_002113,track_b_fra_lin_swaspr_txt_002113,fra,track_ab,medium,0.5,0.0,0.6309297535714575,50
track_b_fra_lin_swaspr_txt_003777,track_a_fra_swa_linspr_txt_003777,fra,track_ab,high,0.08333333333333333,0.0,0.0,50
track_b_fra_lin_swaspr_txt_000376,track_a_fra_swa_linspr_txt_000376,fra,track_ab,high,0.5,0.0,0.6309297535714575,50
track_b_fra_lin_swaspr_txt_003781,track_a_fra_swa_linspr_txt_003781,fra,track_ab,high,1.0,1.0,1.0,50
track_a_fra_swa_linspr_txt_000376,track_b_fra_lin_swaspr_txt_000376,fra,track_ab,high,1.0,1.0,1.0,50
track_b_fra_lin_swaspr_txt_003271,track_a_fra_swa_linspr_txt_003271,fra,track_ab,medium,1.0,1.0,1.0,50
track_b_fra_lin_swaspr_txt_000498,track_a_fra_swa_linspr_txt_000498,fra,track_ab,high,0.3333333333333333,0.0,0.5,50
track_b_fra_lin_swaspr_txt_001142,track_a_fra_swa_linspr_txt_001142,fra,track_ab,medium,1.0,1.0,1.0,50
track_b_fra_lin_swaspr_txt_003005,track_a_fra_swa_linspr_txt_003005,fra,track_ab,high,1.0,1.0,1.0,50
track_b_fra_lin_swaspr_txt_001108,track_a_fra_swa_linspr_txt_001108,fra,track_ab,high,1.0,1.0,1.0,50
track_b_fra_lin_swaspr_txt_003268,track_a_fra_swa_linspr_txt_003268,fra,track_ab,medium,1.0,1.0,1.0,50
track_a_fra_swa_linspr_txt_003182,track_b_fra_lin_swaspr_txt_003182,fra,track_ab,high,1.0,1.0,1.0,50
track_b_fra_lin_swaspr_txt_003282,track_a_fra_swa_linspr_txt_003282,fra,track_ab,high,0.16666666666666666,0.0,0.0,50
track_a_fra_swa_linspr_txt_001198,track_b_fra_lin_swaspr_txt_001198,fra,track_ab,high,0.07142857142857142,0.0,0.0,50
track_b_fra_lin_swaspr_txt_002169,track_a_fra_swa_linspr_txt_002169,fra,track_ab,high,1.0,1.0,1.0,50
track_a_fra_swa_linspr_txt_000579,track_b_fra_lin_swaspr_txt_000579,fra,track_ab,high,1.0,1.0,1.0,50
track_a_fra_swa_linspr_txt_000168,track_b_fra_lin_swaspr_txt_000168,fra,track_ab,high,1.0,1.0,1.0,50
track_a_fra_swa_linspr_txt_002300,track_b_fra_lin_swaspr_txt_002300,fra,track_ab,high,0.16666666666666666,0.0,0.0,50
track_b_fra_lin_swaspr_txt_001295,track_a_fra_swa_linspr_txt_001295,fra,track_ab,medium,1.0,1.0,1.0,50
track_b_fra_lin_swaspr_txt_001370,track_a_fra_swa_linspr_txt_001370,fra,track_ab,medium,1.0,1.0,1.0,50
track_b_fra_lin_swaspr_txt_003286,track_a_fra_swa_linspr_txt_003286,fra,track_ab,medium,1.0,1.0,1.0,50
track_a_fra_swa_linspr_txt_002332,track_b_fra_lin_swaspr_txt_002332,fra,track_ab,high,0.1,0.0,0.0,50
track_b_fra_lin_swaspr_txt_003543,track_a_fra_swa_linspr_txt_003543,fra,track_ab,high,1.0,1.0,1.0,50
track_a_fra_swa_linspr_txt_003756,track_b_fra_lin_swaspr_txt_003756,fra,track_ab,high,1.0,1.0,1.0,50
track_b_fra_lin_swaspr_txt_000909,track_a_fra_swa_linspr_txt_000909,fra,track_ab,high,1.0,1.0,1.0,50
track_a_fra_swa_linspr_txt_001029,track_b_fra_lin_swaspr_txt_001029,fra,track_ab,medium,1.0,1.0,1.0,50
track_a_fra_swa_linspr_txt_000608,track_b_fra_lin_swaspr_txt_000608,fra,track_ab,medium,1.0,1.0,1.0,50
track_a_fra_swa_linspr_txt_002196,track_b_fra_lin_swaspr_txt_002196,fra,track_ab,high,1.0,1.0,1.0,50
track_a_fra_swa_linspr_txt_003887,track_b_fra_lin_swaspr_txt_003887,fra,track_ab,medium,1.0,1.0,1.0,50
track_a_fra_swa_linspr_txt_000726,track_b_fra_lin_swaspr_txt_000726,fra,track_ab,medium,1.0,1.0,1.0,50
track_b_fra_lin_swaspr_txt_000163,track_a_fra_swa_linspr_txt_000163,fra,track_ab,high,1.0,1.0,1.0,50
track_b_fra_lin_swaspr_txt_001059,track_a_fra_swa_linspr_txt_001059,fra,track_ab,high,1.0,1.0,1.0,50
track_b_fra_lin_swaspr_txt_001385,track_a_fra_swa_linspr_txt_001385,fra,track_ab,high,1.0,1.0,1.0,50
track_a_fra_swa_linspr_txt_001611,track_b_fra_lin_swaspr_txt_001611,fra,track_ab,medium,1.0,1.0,1.0,50
track_b_fra_lin_swaspr_txt_003182,track_a_fra_swa_linspr_txt_003182,fra,track_ab,medium,1.0,1.0,1.0,50
track_a_fra_swa_linspr_txt_001490,track_b_fra_lin_swaspr_txt_001490,fra,track_ab,high,1.0,1.0,1.0,50
track_a_fra_swa_linspr_txt_000612,track_b_fra_lin_swaspr_txt_000612,fra,track_ab,high,0.07692307692307693,0.0,0.0,50
track_a_fra_swa_linspr_txt_002104,track_b_fra_lin_swaspr_txt_002104,fra,track_ab,medium,1.0,1.0,1.0,50
track_b_fra_lin_swaspr_txt_000256,track_a_fra_swa_linspr_txt_000256,fra,track_ab,high,1.0,1.0,1.0,50
track_b_fra_lin_swaspr_txt_003084,track_a_fra_swa_linspr_txt_003084,fra,track_ab,high,0.5,0.0,0.6309297535714575,50
track_a_fra_swa_linspr_txt_003291,track_b_fra_lin_swaspr_txt_003291,fra,track_ab,medium,1.0,1.0,1.0,50
track_a_fra_swa_linspr_txt_003733,track_b_fra_lin_swaspr_txt_003733,fra,track_ab,medium,1.0,1.0,1.0,50
track_a_fra_swa_linspr_txt_000892,track_b_fra_lin_swaspr_txt_000892,fra,track_ab,high,1.0,1.0,1.0,50
track_b_fra_lin_swaspr_txt_000861,track_a_fra_swa_linspr_txt_000861,fra,track_ab,high,0.1,0.0,0.0,50
track_b_fra_lin_swaspr_txt_002270,track_a_fra_swa_linspr_txt_002270,fra,track_ab,high,1.0,1.0,1.0,50
track_a_fra_swa_linspr_txt_003860,track_b_fra_lin_swaspr_txt_003860,fra,track_ab,medium,1.0,1.0,1.0,50
track_b_fra_lin_swaspr_txt_003075,track_a_fra_swa_linspr_txt_003075,fra,track_ab,medium,0.5,0.0,0.6309297535714575,50
track_a_fra_swa_linspr_txt_002956,track_b_fra_lin_swaspr_txt_002956,fra,track_ab,high,1.0,1.0,1.0,50
track_b_fra_lin_swaspr_txt_001543,track_a_fra_swa_linspr_txt_001543,fra,track_ab,high,1.0,1.0,1.0,50
track_b_fra_lin_swaspr_txt_002186,track_a_fra_swa_linspr_txt_002186,fra,track_ab,medium,0.5,0.0,0.6309297535714575,50
track_a_fra_swa_linspr_txt_000912,track_b_fra_lin_swaspr_txt_000912,fra,track_ab,medium,1.0,1.0,1.0,50
track_b_fra_lin_swaspr_txt_001485,track_a_fra_swa_linspr_txt_001485,fra,track_ab,medium,0.1,0.0,0.0,50
track_b_fra_lin_swaspr_txt_000616,track_a_fra_swa_linspr_txt_000616,fra,track_ab,high,1.0,1.0,1.0,50
track_a_fra_swa_linspr_txt_000353,track_b_fra_lin_swaspr_txt_000353,fra,track_ab,high,0.0625,0.0,0.0,50
track_b_fra_lin_swaspr_txt_002113,track_a_fra_swa_linspr_txt_002113,fra,track_ab,high,1.0,1.0,1.0,50
track_b_fra_lin_swaspr_txt_001552,track_a_fra_swa_linspr_txt_001552,fra,track_ab,high,1.0,1.0,1.0,50
track_b_fra_lin_swaspr_txt_000931,track_a_fra_swa_linspr_txt_000931,fra,track_ab,high,1.0,1.0,1.0,50
track_a_fra_swa_linspr_txt_002140,track_b_fra_lin_swaspr_txt_002140,fra,track_ab,medium,0.2,0.0,0.38685280723454163,50
track_a_fra_swa_linspr_txt_003048,track_b_fra_lin_swaspr_txt_003048,fra,track_ab,high,1.0,1.0,1.0,50
track_a_fra_swa_linspr_txt_000812,track_b_fra_lin_swaspr_txt_000812,fra,track_ab,medium,1.0,1.0,1.0,50
track_b_fra_lin_swaspr_txt_001734,track_a_fra_swa_linspr_txt_001734,fra,track_ab,medium,1.0,1.0,1.0,50
track_b_fra_lin_swaspr_txt_002295,track_a_fra_swa_linspr_txt_002295,fra,track_ab,high,1.0,1.0,1.0,50
track_b_fra_lin_swaspr_txt_003770,track_a_fra_swa_linspr_txt_003770,fra,track_ab,medium,0.5,0.0,0.6309297535714575,50
track_b_fra_lin_swaspr_txt_000083,track_a_fra_swa_linspr_txt_000083,fra,track_ab,high,1.0,1.0,1.0,50
track_b_fra_lin_swaspr_txt_002053,track_a_fra_swa_linspr_txt_002053,fra,track_ab,high,0.16666666666666666,0.0,0.0,50
track_a_fra_swa_linspr_txt_001542,track_b_fra_lin_swaspr_txt_001542,fra,track_ab,high,1.0,1.0,1.0,50
track_a_fra_swa_linspr_txt_001970,track_b_fra_lin_swaspr_txt_001970,fra,track_ab,medium,1.0,1.0,1.0,50
track_b_fra_lin_swaspr_txt_002070,track_a_fra_swa_linspr_txt_002070,fra,track_ab,high,1.0,1.0,1.0,50
track_b_fra_lin_swaspr_txt_000842,track_a_fra_swa_linspr_txt_000842,fra,track_ab,high,1.0,1.0,1.0,50
track_b_fra_lin_swaspr_txt_003331,track_a_fra_swa_linspr_txt_003331,fra,track_ab,high,0.16666666666666666,0.0,0.0,50
track_a_fra_swa_linspr_txt_003180,track_b_fra_lin_swaspr_txt_003180,fra,track_ab,high,1.0,1.0,1.0,50
track_b_fra_lin_swaspr_txt_001942,track_a_fra_swa_linspr_txt_001942,fra,track_ab,high,1.0,1.0,1.0,50
track_a_fra_swa_linspr_txt_001686,track_b_fra_lin_swaspr_txt_001686,fra,track_ab,medium,1.0,1.0,1.0,50
track_a_fra_swa_linspr_txt_000869,track_b_fra_lin_swaspr_txt_000869,fra,track_ab,high,0.07692307692307693,0.0,0.0,50
track_b_fra_lin_swaspr_txt_000132,track_a_fra_swa_linspr_txt_000132,fra,track_ab,high,0.037037037037037035,0.0,0.0,50
track_a_fra_swa_linspr_txt_000041,track_b_fra_lin_swaspr_txt_000041,fra,track_ab,high,1.0,1.0,1.0,50
track_a_fra_swa_linspr_txt_000606,track_b_fra_lin_swaspr_txt_000606,fra,track_ab,medium,1.0,1.0,1.0,50
track_b_fra_lin_swaspr_txt_000327,track_a_fra_swa_linspr_txt_000327,fra,track_ab,medium,1.0,1.0,1.0,50
track_b_fra_lin_swaspr_txt_003661,track_a_fra_swa_linspr_txt_003661,fra,track_ab,high,0.1,0.0,0.0,50
track_b_fra_lin_swaspr_txt_000845,track_a_fra_swa_linspr_txt_000845,fra,track_ab,high,1.0,1.0,1.0,50
track_b_fra_lin_swaspr_txt_001169,track_a_fra_swa_linspr_txt_001169,fra,track_ab,high,1.0,1.0,1.0,50
track_b_fra_lin_swaspr_txt_003966,track_a_fra_swa_linspr_txt_003966,fra,track_ab,high,1.0,1.0,1.0,50
track_a_fra_swa_linspr_txt_003797,track_b_fra_lin_swaspr_txt_003797,fra,track_ab,medium,0.5,0.0,0.6309297535714575,50
track_a_fra_swa_linspr_txt_001734,track_b_fra_lin_swaspr_txt_001734,fra,track_ab,medium,1.0,1.0,1.0,50
track_b_fra_lin_swaspr_txt_001154,track_a_fra_swa_linspr_txt_001154,fra,track_ab,high,1.0,1.0,1.0,50
track_b_fra_lin_swaspr_txt_003107,track_a_fra_swa_linspr_txt_003107,fra,track_ab,medium,0.3333333333333333,0.0,0.5,50
track_a_fra_swa_linspr_txt_003439,track_b_fra_lin_swaspr_txt_003439,fra,track_ab,high,0.047619047619047616,0.0,0.0,50
track_a_fra_swa_linspr_txt_003597,track_b_fra_lin_swaspr_txt_003597,fra,track_ab,high,0.3333333333333333,0.0,0.5,50
track_a_fra_swa_linspr_txt_002793,track_b_fra_lin_swaspr_txt_002793,fra,track_ab,high,1.0,1.0,1.0,50
track_b_fra_lin_swaspr_txt_001614,track_a_fra_swa_linspr_txt_001614,fra,track_ab,medium,1.0,1.0,1.0,50
track_a_fra_swa_linspr_txt_002165,track_b_fra_lin_swaspr_txt_002165,fra,track_ab,medium,1.0,1.0,1.0,50
track_a_fra_swa_linspr_txt_003293,track_b_fra_lin_swaspr_txt_003293,fra,track_ab,high,1.0,1.0,1.0,50
track_a_fra_swa_linspr_txt_000062,track_b_fra_lin_swaspr_txt_000062,fra,track_ab,high,0.5,0.0,0.6309297535714575,50
track_b_fra_lin_swaspr_txt_000020,track_a_fra_swa_linspr_txt_000020,fra,track_ab,high,0.045454545454545456,0.0,0.0,50
track_b_fra_lin_swaspr_txt_001463,track_a_fra_swa_linspr_txt_001463,fra,track_ab,medium,1.0,1.0,1.0,50
track_a_fra_swa_linspr_txt_003960,track_b_fra_lin_swaspr_txt_003960,fra,track_ab,high,1.0,1.0,1.0,50
track_a_fra_swa_linspr_txt_003963,track_b_fra_lin_swaspr_txt_003963,fra,track_ab,high,0.5,0.0,0.6309297535714575,50
track_a_fra_swa_linspr_txt_000533,track_b_fra_lin_swaspr_txt_000533,fra,track_ab,high,1.0,1.0,1.0,50
track_a_fra_swa_linspr_txt_002231,track_b_fra_lin_swaspr_txt_002231,fra,track_ab,medium,1.0,1.0,1.0,50
track_a_fra_swa_linspr_txt_002878,track_b_fra_lin_swaspr_txt_002878,fra,track_ab,high,1.0,1.0,1.0,50
track_a_fra_swa_linspr_txt_003201,track_b_fra_lin_swaspr_txt_003201,fra,track_ab,medium,1.0,1.0,1.0,50
track_b_fra_lin_swaspr_txt_001092,track_a_fra_swa_linspr_txt_001092,fra,track_ab,medium,0.06666666666666667,0.0,0.0,50
track_b_fra_lin_swaspr_txt_001357,track_a_fra_swa_linspr_txt_001357,fra,track_ab,high,1.0,1.0,1.0,50
track_a_fra_swa_linspr_txt_003938,track_b_fra_lin_swaspr_txt_003938,fra,track_ab,medium,1.0,1.0,1.0,50
track_b_fra_lin_swaspr_txt_000831,track_a_fra_swa_linspr_txt_000831,fra,track_ab,high,0.09090909090909091,0.0,0.0,50
track_a_fra_swa_linspr_txt_000899,track_b_fra_lin_swaspr_txt_000899,fra,track_ab,medium,1.0,1.0,1.0,50
track_a_fra_swa_linspr_txt_001367,track_b_fra_lin_swaspr_txt_001367,fra,track_ab,high,0.5,0.0,0.6309297535714575,50
track_b_fra_lin_swaspr_txt_002411,track_a_fra_swa_linspr_txt_002411,fra,track_ab,high,0.5,0.0,0.6309297535714575,50
track_b_fra_lin_swaspr_txt_001910,track_a_fra_swa_linspr_txt_001910,fra,track_ab,high,1.0,1.0,1.0,50
track_a_fra_swa_linspr_txt_002837,track_b_fra_lin_swaspr_txt_002837,fra,track_ab,high,1.0,1.0,1.0,50
track_b_fra_lin_swaspr_txt_003201,track_a_fra_swa_linspr_txt_003201,fra,track_ab,medium,1.0,1.0,1.0,50
track_b_fra_lin_swaspr_txt_001004,track_a_fra_swa_linspr_txt_001004,fra,track_ab,high,0.5,0.0,0.6309297535714575,50
track_a_fra_swa_linspr_txt_003188,track_b_fra_lin_swaspr_txt_003188,fra,track_ab,medium,1.0,1.0,1.0,50
track_b_fra_lin_swaspr_txt_002820,track_a_fra_swa_linspr_txt_002820,fra,track_ab,high,1.0,1.0,1.0,50
track_a_fra_swa_linspr_txt_001338,track_b_fra_lin_swaspr_txt_001338,fra,track_ab,high,1.0,1.0,1.0,50
track_b_fra_lin_swaspr_txt_003991,track_a_fra_swa_linspr_txt_003991,fra,track_ab,high,0.5,0.0,0.6309297535714575,50
track_b_fra_lin_swaspr_txt_003216,track_a_fra_swa_linspr_txt_003216,fra,track_ab,high,0.3333333333333333,0.0,0.5,50
track_b_fra_lin_swaspr_txt_000036,track_a_fra_swa_linspr_txt_000036,fra,track_ab,high,1.0,1.0,1.0,50
track_a_fra_swa_linspr_txt_001806,track_b_fra_lin_swaspr_txt_001806,fra,track_ab,high,0.5,0.0,0.6309297535714575,50
track_b_fra_lin_swaspr_txt_002385,track_a_fra_swa_linspr_txt_002385,fra,track_ab,high,1.0,1.0,1.0,50
track_b_fra_lin_swaspr_txt_002510,track_a_fra_swa_linspr_txt_002510,fra,track_ab,high,1.0,1.0,1.0,50
track_a_fra_swa_linspr_txt_002294,track_b_fra_lin_swaspr_txt_002294,fra,track_ab,high,1.0,1.0,1.0,50
track_b_fra_lin_swaspr_txt_001316,track_a_fra_swa_linspr_txt_001316,fra,track_ab,medium,1.0,1.0,1.0,50
track_b_fra_lin_swaspr_txt_002233,track_a_fra_swa_linspr_txt_002233,fra,track_ab,medium,1.0,1.0,1.0,50
track_a_fra_swa_linspr_txt_002587,track_b_fra_lin_swaspr_txt_002587,fra,track_ab,high,1.0,1.0,1.0,50
track_a_fra_swa_linspr_txt_000738,track_b_fra_lin_swaspr_txt_000738,fra,track_ab,high,1.0,1.0,1.0,50
track_b_fra_lin_swaspr_txt_003938,track_a_fra_swa_linspr_txt_003938,fra,track_ab,high,1.0,1.0,1.0,50
track_a_fra_swa_linspr_txt_001145,track_b_fra_lin_swaspr_txt_001145,fra,track_ab,high,1.0,1.0,1.0,50
track_a_fra_swa_linspr_txt_000166,track_b_fra_lin_swaspr_txt_000166,fra,track_ab,high,1.0,1.0,1.0,50
track_b_fra_lin_swaspr_txt_000300,track_a_fra_swa_linspr_txt_000300,fra,track_ab,high,0.5,0.0,0.6309297535714575,50
track_b_fra_lin_swaspr_txt_002191,track_a_fra_swa_linspr_txt_002191,fra,track_ab,medium,1.0,1.0,1.0,50
track_a_fra_swa_linspr_txt_000461,track_b_fra_lin_swaspr_txt_000461,fra,track_ab,high,1.0,1.0,1.0,50
track_b_fra_lin_swaspr_txt_000819,track_a_fra_swa_linspr_txt_000819,fra,track_ab,medium,0.25,0.0,0.43067655807339306,50
track_a_fra_swa_linspr_txt_001586,track_b_fra_lin_swaspr_txt_001586,fra,track_ab,high,1.0,1.0,1.0,50
track_b_fra_lin_swaspr_txt_003479,track_a_fra_swa_linspr_txt_003479,fra,track_ab,high,0.16666666666666666,0.0,0.0,50
track_b_fra_lin_swaspr_txt_003598,track_a_fra_swa_linspr_txt_003598,fra,track_ab,medium,0.3333333333333333,0.0,0.5,50
track_a_fra_swa_linspr_txt_003991,track_b_fra_lin_swaspr_txt_003991,fra,track_ab,medium,1.0,1.0,1.0,50
track_a_fra_swa_linspr_txt_002023,track_b_fra_lin_swaspr_txt_002023,fra,track_ab,medium,0.1,0.0,0.0,50
track_a_fra_swa_linspr_txt_003507,track_b_fra_lin_swaspr_txt_003507,fra,track_ab,medium,0.5,0.0,0.6309297535714575,50
track_a_fra_swa_linspr_txt_000831,track_b_fra_lin_swaspr_txt_000831,fra,track_ab,high,0.1,0.0,0.0,50
track_b_fra_lin_swaspr_txt_002250,track_a_fra_swa_linspr_txt_002250,fra,track_ab,high,0.09090909090909091,0.0,0.0,50
track_b_fra_lin_swaspr_txt_001935,track_a_fra_swa_linspr_txt_001935,fra,track_ab,medium,0.5,0.0,0.6309297535714575,50
track_b_fra_lin_swaspr_txt_002014,track_a_fra_swa_linspr_txt_002014,fra,track_ab,high,1.0,1.0,1.0,50
track_a_fra_swa_linspr_txt_001626,track_b_fra_lin_swaspr_txt_001626,fra,track_ab,high,0.5,0.0,0.6309297535714575,50
track_b_fra_lin_swaspr_txt_000461,track_a_fra_swa_linspr_txt_000461,fra,track_ab,high,1.0,1.0,1.0,50
track_b_fra_lin_swaspr_txt_003597,track_a_fra_swa_linspr_txt_003597,fra,track_ab,high,0.16666666666666666,0.0,0.0,50
track_b_fra_lin_swaspr_txt_002921,track_a_fra_swa_linspr_txt_002921,fra,track_ab,medium,0.125,0.0,0.0,50
track_a_fra_swa_linspr_txt_001249,track_b_fra_lin_swaspr_txt_001249,fra,track_ab,high,1.0,1.0,1.0,50
track_a_fra_swa_linspr_txt_003988,track_b_fra_lin_swaspr_txt_003988,fra,track_ab,medium,1.0,1.0,1.0,50
track_b_fra_lin_swaspr_txt_000579,track_a_fra_swa_linspr_txt_000579,fra,track_ab,high,1.0,1.0,1.0,50
track_b_fra_lin_swaspr_txt_001029,track_a_fra_swa_linspr_txt_001029,fra,track_ab,high,1.0,1.0,1.0,50
track_b_fra_lin_swaspr_txt_003958,track_a_fra_swa_linspr_txt_003958,fra,track_ab,medium,0.16666666666666666,0.0,0.0,50
track_a_fra_swa_linspr_txt_002510,track_b_fra_lin_swaspr_txt_002510,fra,track_ab,medium,1.0,1.0,1.0,50
track_a_fra_swa_linspr_txt_002623,track_b_fra_lin_swaspr_txt_002623,fra,track_ab,high,1.0,1.0,1.0,50
track_a_fra_swa_linspr_txt_001932,track_b_fra_lin_swaspr_txt_001932,fra,track_ab,high,1.0,1.0,1.0,50
track_a_fra_swa_linspr_txt_001801,track_b_fra_lin_swaspr_txt_001801,fra,track_ab,medium,0.08333333333333333,0.0,0.0,50
track_b_fra_lin_swaspr_txt_002236,track_a_fra_swa_linspr_txt_002236,fra,track_ab,medium,1.0,1.0,1.0,50
track_a_fra_swa_linspr_txt_003107,track_b_fra_lin_swaspr_txt_003107,fra,track_ab,high,1.0,1.0,1.0,50
track_b_fra_lin_swaspr_txt_000945,track_a_fra_swa_linspr_txt_000945,fra,track_ab,high,0.07692307692307693,0.0,0.0,50
track_b_fra_lin_swaspr_txt_000878,track_a_fra_swa_linspr_txt_000878,fra,track_ab,high,1.0,1.0,1.0,50
track_a_fra_swa_linspr_txt_003218,track_b_fra_lin_swaspr_txt_003218,fra,track_ab,high,0.5,0.0,0.6309297535714575,50
track_b_fra_lin_swaspr_txt_003595,track_a_fra_swa_linspr_txt_003595,fra,track_ab,high,0.09090909090909091,0.0,0.0,50
track_b_fra_lin_swaspr_txt_000353,track_a_fra_swa_linspr_txt_000353,fra,track_ab,high,0.058823529411764705,0.0,0.0,50
track_a_fra_swa_linspr_txt_000498,track_b_fra_lin_swaspr_txt_000498,fra,track_ab,high,1.0,1.0,1.0,50
track_a_fra_swa_linspr_txt_001472,track_b_fra_lin_swaspr_txt_001472,fra,track_ab,medium,0.5,0.0,0.6309297535714575,50
track_b_fra_lin_swaspr_txt_001531,track_a_fra_swa_linspr_txt_001531,fra,track_ab,medium,1.0,1.0,1.0,50
track_a_fra_swa_linspr_txt_000010,track_b_fra_lin_swaspr_txt_000010,fra,track_ab,medium,0.5,0.0,0.6309297535714575,50
track_b_fra_lin_swaspr_txt_003851,track_a_fra_swa_linspr_txt_003851,fra,track_ab,high,1.0,1.0,1.0,50
track_b_fra_lin_swaspr_txt_002639,track_a_fra_swa_linspr_txt_002639,fra,track_ab,high,1.0,1.0,1.0,50
track_a_fra_swa_linspr_txt_001910,track_b_fra_lin_swaspr_txt_001910,fra,track_ab,high,1.0,1.0,1.0,50
track_a_fra_swa_linspr_txt_002459,track_b_fra_lin_swaspr_txt_002459,fra,track_ab,high,1.0,1.0,1.0,50
track_a_fra_swa_linspr_txt_001260,track_b_fra_lin_swaspr_txt_001260,fra,track_ab,high,0.5,0.0,0.6309297535714575,50
track_b_fra_lin_swaspr_txt_001611,track_a_fra_swa_linspr_txt_001611,fra,track_ab,medium,1.0,1.0,1.0,50
track_a_fra_swa_linspr_txt_002008,track_b_fra_lin_swaspr_txt_002008,fra,track_ab,medium,1.0,1.0,1.0,50
track_a_fra_swa_linspr_txt_002314,track_b_fra_lin_swaspr_txt_002314,fra,track_ab,high,1.0,1.0,1.0,50
track_b_fra_lin_swaspr_txt_001686,track_a_fra_swa_linspr_txt_001686,fra,track_ab,medium,1.0,1.0,1.0,50
track_a_fra_swa_linspr_txt_002060,track_b_fra_lin_swaspr_txt_002060,fra,track_ab,high,1.0,1.0,1.0,50
track_b_fra_lin_swaspr_txt_002654,track_a_fra_swa_linspr_txt_002654,fra,track_ab,high,1.0,1.0,1.0,50
track_b_fra_lin_swaspr_txt_001861,track_a_fra_swa_linspr_txt_001861,fra,track_ab,medium,0.2,0.0,0.38685280723454163,50
track_a_fra_swa_linspr_txt_000144,track_b_fra_lin_swaspr_txt_000144,fra,track_ab,medium,0.3333333333333333,0.0,0.5,50
track_b_fra_lin_swaspr_txt_002231,track_a_fra_swa_linspr_txt_002231,fra,track_ab,high,1.0,1.0,1.0,50
track_a_fra_swa_linspr_txt_003910,track_b_fra_lin_swaspr_txt_003910,fra,track_ab,high,0.5,0.0,0.6309297535714575,50
track_b_fra_lin_swaspr_txt_003319,track_a_fra_swa_linspr_txt_003319,fra,track_ab,high,1.0,1.0,1.0,50
track_b_fra_lin_swaspr_txt_002690,track_a_fra_swa_linspr_txt_002690,fra,track_ab,medium,1.0,1.0,1.0,50
track_b_fra_lin_swaspr_txt_001695,track_a_fra_swa_linspr_txt_001695,fra,track_ab,high,0.03333333333333333,0.0,0.0,50
track_b_fra_lin_swaspr_txt_001270,track_a_fra_swa_linspr_txt_001270,fra,track_ab,medium,1.0,1.0,1.0,50
track_a_fra_swa_linspr_txt_003619,track_b_fra_lin_swaspr_txt_003619,fra,track_ab,high,0.058823529411764705,0.0,0.0,50
track_b_fra_lin_swaspr_txt_000606,track_a_fra_swa_linspr_txt_000606,fra,track_ab,high,1.0,1.0,1.0,50
track_b_fra_lin_swaspr_txt_003910,track_a_fra_swa_linspr_txt_003910,fra,track_ab,high,0.1,0.0,0.0,50
track_a_fra_swa_linspr_txt_003283,track_b_fra_lin_swaspr_txt_003283,fra,track_ab,medium,1.0,1.0,1.0,50
track_a_fra_swa_linspr_txt_001882,track_b_fra_lin_swaspr_txt_001882,fra,track_ab,medium,1.0,1.0,1.0,50
track_a_fra_swa_linspr_txt_001274,track_b_fra_lin_swaspr_txt_001274,fra,track_ab,medium,1.0,1.0,1.0,50
track_b_fra_lin_swaspr_txt_001970,track_a_fra_swa_linspr_txt_001970,fra,track_ab,medium,1.0,1.0,1.0,50
track_a_fra_swa_linspr_txt_003314,track_b_fra_lin_swaspr_txt_003314,fra,track_ab,high,0.5,0.0,0.6309297535714575,50
track_a_fra_swa_linspr_txt_003005,track_b_fra_lin_swaspr_txt_003005,fra,track_ab,high,1.0,1.0,1.0,50
track_b_fra_lin_swaspr_txt_003918,track_a_fra_swa_linspr_txt_003918,fra,track_ab,medium,1.0,1.0,1.0,50
track_b_fra_lin_swaspr_txt_003087,track_a_fra_swa_linspr_txt_003087,fra,track_ab,high,1.0,1.0,1.0,50
track_b_fra_lin_swaspr_txt_003884,track_a_fra_swa_linspr_txt_003884,fra,track_ab,medium,0.3333333333333333,0.0,0.5,50
track_a_fra_swa_linspr_txt_002957,track_b_fra_lin_swaspr_txt_002957,fra,track_ab,high,1.0,1.0,1.0,50
track_a_fra_swa_linspr_txt_000496,track_b_fra_lin_swaspr_txt_000496,fra,track_ab,high,1.0,1.0,1.0,50
track_a_fra_swa_linspr_txt_002262,track_b_fra_lin_swaspr_txt_002262,fra,track_ab,high,1.0,1.0,1.0,50
track_a_fra_swa_linspr_txt_002049,track_b_fra_lin_swaspr_txt_002049,fra,track_ab,high,1.0,1.0,1.0,50
track_b_fra_lin_swaspr_txt_001966,track_a_fra_swa_linspr_txt_001966,fra,track_ab,medium,0.1,0.0,0.0,50
track_a_fra_swa_linspr_txt_001128,track_b_fra_lin_swaspr_txt_001128,fra,track_ab,medium,0.5,0.0,0.6309297535714575,50
track_a_fra_swa_linspr_txt_002747,track_b_fra_lin_swaspr_txt_002747,fra,track_ab,high,1.0,1.0,1.0,50
track_b_fra_lin_swaspr_txt_003797,track_a_fra_swa_linspr_txt_003797,fra,track_ab,high,1.0,1.0,1.0,50
track_b_fra_lin_swaspr_txt_003619,track_a_fra_swa_linspr_txt_003619,fra,track_ab,high,0.06666666666666667,0.0,0.0,50
track_a_fra_swa_linspr_txt_002474,track_b_fra_lin_swaspr_txt_002474,fra,track_ab,high,1.0,1.0,1.0,50
track_a_fra_swa_linspr_txt_002806,track_b_fra_lin_swaspr_txt_002806,fra,track_ab,medium,1.0,1.0,1.0,50
track_b_fra_lin_swaspr_txt_001801,track_a_fra_swa_linspr_txt_001801,fra,track_ab,high,0.07142857142857142,0.0,0.0,50
track_a_fra_swa_linspr_txt_002233,track_b_fra_lin_swaspr_txt_002233,fra,track_ab,medium,1.0,1.0,1.0,50
track_a_fra_swa_linspr_txt_001197,track_b_fra_lin_swaspr_txt_001197,fra,track_ab,high,1.0,1.0,1.0,50
track_b_fra_lin_swaspr_txt_001586,track_a_fra_swa_linspr_txt_001586,fra,track_ab,high,1.0,1.0,1.0,50
track_a_fra_swa_linspr_txt_000764,track_b_fra_lin_swaspr_txt_000764,fra,track_ab,high,1.0,1.0,1.0,50
track_a_fra_swa_linspr_txt_000999,track_b_fra_lin_swaspr_txt_000999,fra,track_ab,medium,1.0,1.0,1.0,50
track_a_fra_swa_linspr_txt_001306,track_b_fra_lin_swaspr_txt_001306,fra,track_ab,medium,1.0,1.0,1.0,50
track_b_fra_lin_swaspr_txt_000888,track_a_fra_swa_linspr_txt_000888,fra,track_ab,medium,1.0,1.0,1.0,50
track_a_fra_swa_linspr_txt_000842,track_b_fra_lin_swaspr_txt_000842,fra,track_ab,medium,1.0,1.0,1.0,50
track_b_fra_lin_swaspr_txt_002066,track_a_fra_swa_linspr_txt_002066,fra,track_ab,medium,1.0,1.0,1.0,50
track_b_fra_lin_swaspr_txt_003731,track_a_fra_swa_linspr_txt_003731,fra,track_ab,high,1.0,1.0,1.0,50
track_b_fra_lin_swaspr_txt_001306,track_a_fra_swa_linspr_txt_001306,fra,track_ab,high,0.5,0.0,0.6309297535714575,50
track_a_fra_swa_linspr_txt_000828,track_b_fra_lin_swaspr_txt_000828,fra,track_ab,medium,0.16666666666666666,0.0,0.0,50
track_a_fra_swa_linspr_txt_000020,track_b_fra_lin_swaspr_txt_000020,fra,track_ab,high,0.041666666666666664,0.0,0.0,50
track_b_fra_lin_swaspr_txt_002096,track_a_fra_swa_linspr_txt_002096,fra,track_ab,high,1.0,1.0,1.0,50
track_b_fra_lin_swaspr_txt_002283,track_a_fra_swa_linspr_txt_002283,lin,track_ab,high,1.0,1.0,1.0,50
track_b_fra_lin_swaspr_txt_002956,track_a_fra_swa_linspr_txt_002956,lin,track_ab,high,1.0,1.0,1.0,50
track_b_fra_lin_swaspr_txt_001171,track_a_fra_swa_linspr_txt_001171,lin,track_ab,high,0.058823529411764705,0.0,0.0,50
track_b_fra_lin_swaspr_txt_001215,track_a_fra_swa_linspr_txt_001215,lin,track_ab,high,1.0,1.0,1.0,50
track_b_fra_lin_swaspr_txt_000084,track_a_fra_swa_linspr_txt_000084,lin,track_ab,high,1.0,1.0,1.0,50
track_b_fra_lin_swaspr_txt_001542,track_a_fra_swa_linspr_txt_001542,lin,track_ab,medium,1.0,1.0,1.0,50
track_a_fra_swa_linspr_txt_000140,track_b_fra_lin_swaspr_txt_000140,lin,track_ab,high,1.0,1.0,1.0,50
track_b_fra_lin_swaspr_txt_000726,track_a_fra_swa_linspr_txt_000726,lin,track_ab,medium,1.0,1.0,1.0,50
track_b_fra_lin_swaspr_txt_002516,track_a_fra_swa_linspr_txt_002516,lin,track_ab,high,0.25,0.0,0.43067655807339306,50
track_b_fra_lin_swaspr_txt_001575,track_a_fra_swa_linspr_txt_001575,lin,track_ab,medium,1.0,1.0,1.0,50
track_b_fra_lin_swaspr_txt_002801,track_a_fra_swa_linspr_txt_002801,lin,track_ab,high,0.5,0.0,0.6309297535714575,50
track_b_fra_lin_swaspr_txt_002803,track_a_fra_swa_linspr_txt_002803,lin,track_ab,high,0.5,0.0,0.6309297535714575,50
track_b_fra_lin_swaspr_txt_000892,track_a_fra_swa_linspr_txt_000892,lin,track_ab,medium,1.0,1.0,1.0,50
track_b_fra_lin_swaspr_txt_000682,track_a_fra_swa_linspr_txt_000682,lin,track_ab,high,1.0,1.0,1.0,50
track_b_fra_lin_swaspr_txt_000231,track_a_fra_swa_linspr_txt_000231,lin,track_ab,medium,1.0,1.0,1.0,50
track_b_fra_lin_swaspr_txt_000912,track_a_fra_swa_linspr_txt_000912,lin,track_ab,high,1.0,1.0,1.0,50
track_b_fra_lin_swaspr_txt_002793,track_a_fra_swa_linspr_txt_002793,lin,track_ab,medium,1.0,1.0,1.0,50
track_b_fra_lin_swaspr_txt_001776,track_a_fra_swa_linspr_txt_001776,lin,track_ab,high,0.5,0.0,0.6309297535714575,50
track_b_fra_lin_swaspr_txt_000953,track_a_fra_swa_linspr_txt_000953,lin,track_ab,high,0.5,0.0,0.6309297535714575,50
track_b_fra_lin_swaspr_txt_000670,track_a_fra_swa_linspr_txt_000670,lin,track_ab,high,0.07692307692307693,0.0,0.0,50
track_a_fra_swa_linspr_txt_003760,track_b_fra_lin_swaspr_txt_003760,lin,track_ab,high,1.0,1.0,1.0,50
track_b_fra_lin_swaspr_txt_002581,track_a_fra_swa_linspr_txt_002581,lin,track_ab,medium,1.0,1.0,1.0,50
track_b_fra_lin_swaspr_txt_003724,track_a_fra_swa_linspr_txt_003724,lin,track_ab,medium,1.0,1.0,1.0,50
track_b_fra_lin_swaspr_txt_000050,track_a_fra_swa_linspr_txt_000050,lin,track_ab,high,1.0,1.0,1.0,50
track_b_fra_lin_swaspr_txt_002747,track_a_fra_swa_linspr_txt_002747,lin,track_ab,medium,1.0,1.0,1.0,50
track_b_fra_lin_swaspr_txt_003475,track_a_fra_swa_linspr_txt_003475,lin,track_ab,medium,1.0,1.0,1.0,50
track_b_fra_lin_swaspr_txt_003617,track_a_fra_swa_linspr_txt_003617,lin,track_ab,high,1.0,1.0,1.0,50
track_b_fra_lin_swaspr_txt_003283,track_a_fra_swa_linspr_txt_003283,lin,track_ab,high,1.0,1.0,1.0,50
track_b_fra_lin_swaspr_txt_003270,track_a_fra_swa_linspr_txt_003270,lin,track_ab,medium,1.0,1.0,1.0,50
track_b_fra_lin_swaspr_txt_002632,track_a_fra_swa_linspr_txt_002632,lin,track_ab,high,1.0,1.0,1.0,50
track_b_fra_lin_swaspr_txt_000764,track_a_fra_swa_linspr_txt_000764,lin,track_ab,high,0.16666666666666666,0.0,0.0,50
track_b_fra_lin_swaspr_txt_002689,track_a_fra_swa_linspr_txt_002689,lin,track_ab,high,1.0,1.0,1.0,50
track_b_fra_lin_swaspr_txt_000041,track_a_fra_swa_linspr_txt_000041,lin,track_ab,high,0.14285714285714285,0.0,0.0,50
track_b_fra_lin_swaspr_txt_002474,track_a_fra_swa_linspr_txt_002474,lin,track_ab,high,1.0,1.0,1.0,50
track_b_fra_lin_swaspr_txt_001807,track_a_fra_swa_linspr_txt_001807,lin,track_ab,high,1.0,1.0,1.0,50
track_b_fra_lin_swaspr_txt_002174,track_a_fra_swa_linspr_txt_002174,lin,track_ab,high,1.0,1.0,1.0,50
track_b_fra_lin_swaspr_txt_000069,track_a_fra_swa_linspr_txt_000069,lin,track_ab,high,0.05555555555555555,0.0,0.0,50
track_b_fra_lin_swaspr_txt_001367,track_a_fra_swa_linspr_txt_001367,lin,track_ab,high,0.5,0.0,0.6309297535714575,50
track_b_fra_lin_swaspr_txt_003931,track_a_fra_swa_linspr_txt_003931,lin,track_ab,high,1.0,1.0,1.0,50
track_b_fra_lin_swaspr_txt_000168,track_a_fra_swa_linspr_txt_000168,lin,track_ab,high,1.0,1.0,1.0,50
track_b_fra_lin_swaspr_txt_000277,track_a_fra_swa_linspr_txt_000277,lin,track_ab,high,0.5,0.0,0.6309297535714575,50
track_b_fra_lin_swaspr_txt_001548,track_a_fra_swa_linspr_txt_001548,lin,track_ab,medium,1.0,1.0,1.0,50
track_b_fra_lin_swaspr_txt_001400,track_a_fra_swa_linspr_txt_001400,lin,track_ab,medium,1.0,1.0,1.0,50
track_b_fra_lin_swaspr_txt_001573,track_a_fra_swa_linspr_txt_001573,lin,track_ab,high,0.25,0.0,0.43067655807339306,50
track_b_fra_lin_swaspr_txt_003899,track_a_fra_swa_linspr_txt_003899,lin,track_ab,high,1.0,1.0,1.0,50
track_b_fra_lin_swaspr_txt_000452,track_a_fra_swa_linspr_txt_000452,lin,track_ab,high,1.0,1.0,1.0,50
track_b_fra_lin_swaspr_txt_002128,track_a_fra_swa_linspr_txt_002128,lin,track_ab,high,1.0,1.0,1.0,50
track_b_fra_lin_swaspr_txt_003550,track_a_fra_swa_linspr_txt_003550,lin,track_ab,high,1.0,1.0,1.0,50
track_b_fra_lin_swaspr_txt_003665,track_a_fra_swa_linspr_txt_003665,lin,track_ab,high,1.0,1.0,1.0,50
track_b_fra_lin_swaspr_txt_003507,track_a_fra_swa_linspr_txt_003507,lin,track_ab,high,0.3333333333333333,0.0,0.5,50
track_b_fra_lin_swaspr_txt_002175,track_a_fra_swa_linspr_txt_002175,lin,track_ab,medium,1.0,1.0,1.0,50
track_b_fra_lin_swaspr_txt_000544,track_a_fra_swa_linspr_txt_000544,lin,track_ab,high,1.0,1.0,1.0,50
track_b_fra_lin_swaspr_txt_001689,track_a_fra_swa_linspr_txt_001689,lin,track_ab,high,0.3333333333333333,0.0,0.5,50
track_b_fra_lin_swaspr_txt_000481,track_a_fra_swa_linspr_txt_000481,lin,track_ab,high,1.0,1.0,1.0,50
track_b_fra_lin_swaspr_txt_002300,track_a_fra_swa_linspr_txt_002300,lin,track_ab,high,0.14285714285714285,0.0,0.0,50
track_b_fra_lin_swaspr_txt_002251,track_a_fra_swa_linspr_txt_002251,lin,track_ab,medium,1.0,1.0,1.0,50
track_b_fra_lin_swaspr_txt_003063,track_a_fra_swa_linspr_txt_003063,lin,track_ab,high,1.0,1.0,1.0,50
track_b_fra_lin_swaspr_txt_002122,track_a_fra_swa_linspr_txt_002122,lin,track_ab,high,0.5,0.0,0.6309297535714575,50
track_b_fra_lin_swaspr_txt_002261,track_a_fra_swa_linspr_txt_002261,lin,track_ab,medium,0.5,0.0,0.6309297535714575,50
track_b_fra_lin_swaspr_txt_002596,track_a_fra_swa_linspr_txt_002596,lin,track_ab,medium,1.0,1.0,1.0,50
track_b_fra_lin_swaspr_txt_003992,track_a_fra_swa_linspr_txt_003992,lin,track_ab,high,1.0,1.0,1.0,50
track_b_fra_lin_swaspr_txt_003291,track_a_fra_swa_linspr_txt_003291,lin,track_ab,high,1.0,1.0,1.0,50
track_b_fra_lin_swaspr_txt_000686,track_a_fra_swa_linspr_txt_000686,lin,track_ab,high,0.3333333333333333,0.0,0.5,50
track_b_fra_lin_swaspr_txt_001921,track_a_fra_swa_linspr_txt_001921,lin,track_ab,high,1.0,1.0,1.0,50
track_b_fra_lin_swaspr_txt_001472,track_a_fra_swa_linspr_txt_001472,lin,track_ab,medium,1.0,1.0,1.0,50
track_b_fra_lin_swaspr_txt_003119,track_a_fra_swa_linspr_txt_003119,lin,track_ab,high,0.5,0.0,0.6309297535714575,50
track_b_fra_lin_swaspr_txt_003963,track_a_fra_swa_linspr_txt_003963,lin,track_ab,medium,1.0,1.0,1.0,50
track_b_fra_lin_swaspr_txt_001274,track_a_fra_swa_linspr_txt_001274,lin,track_ab,medium,1.0,1.0,1.0,50
track_b_fra_lin_swaspr_txt_000496,track_a_fra_swa_linspr_txt_000496,lin,track_ab,medium,0.3333333333333333,0.0,0.5,50
track_b_fra_lin_swaspr_txt_002845,track_a_fra_swa_linspr_txt_002845,lin,track_ab,high,0.1,0.0,0.0,50
track_b_fra_lin_swaspr_txt_001626,track_a_fra_swa_linspr_txt_001626,lin,track_ab,medium,0.25,0.0,0.43067655807339306,50
track_b_fra_lin_swaspr_txt_002464,track_a_fra_swa_linspr_txt_002464,lin,track_ab,high,0.1,0.0,0.0,50
track_b_fra_lin_swaspr_txt_001743,track_a_fra_swa_linspr_txt_001743,lin,track_ab,medium,0.047619047619047616,0.0,0.0,50
track_b_fra_lin_swaspr_txt_003251,track_a_fra_swa_linspr_txt_003251,lin,track_ab,high,1.0,1.0,1.0,50
track_b_fra_lin_swaspr_txt_002023,track_a_fra_swa_linspr_txt_002023,lin,track_ab,high,0.1,0.0,0.0,50
track_b_fra_lin_swaspr_txt_001310,track_a_fra_swa_linspr_txt_001310,lin,track_ab,medium,1.0,1.0,1.0,50
track_b_fra_lin_swaspr_txt_001775,track_a_fra_swa_linspr_txt_001775,lin,track_ab,high,0.25,0.0,0.43067655807339306,50
track_b_fra_lin_swaspr_txt_000216,track_a_fra_swa_linspr_txt_000216,lin,track_ab,high,1.0,1.0,1.0,50
track_a_fra_swa_linspr_txt_000565,track_b_fra_lin_swaspr_txt_000565,lin,track_ab,high,1.0,1.0,1.0,50
track_b_fra_lin_swaspr_txt_003568,track_a_fra_swa_linspr_txt_003568,lin,track_ab,high,1.0,1.0,1.0,50
track_b_fra_lin_swaspr_txt_003482,track_a_fra_swa_linspr_txt_003482,lin,track_ab,high,1.0,1.0,1.0,50
track_b_fra_lin_swaspr_txt_002503,track_a_fra_swa_linspr_txt_002503,lin,track_ab,high,1.0,1.0,1.0,50
track_b_fra_lin_swaspr_txt_000924,track_a_fra_swa_linspr_txt_000924,lin,track_ab,high,1.0,1.0,1.0,50
track_b_fra_lin_swaspr_txt_001953,track_a_fra_swa_linspr_txt_001953,lin,track_ab,medium,1.0,1.0,1.0,50
track_b_fra_lin_swaspr_txt_000072,track_a_fra_swa_linspr_txt_000072,lin,track_ab,high,0.07142857142857142,0.0,0.0,50
track_b_fra_lin_swaspr_txt_001041,track_a_fra_swa_linspr_txt_001041,lin,track_ab,high,1.0,1.0,1.0,50
track_b_fra_lin_swaspr_txt_002587,track_a_fra_swa_linspr_txt_002587,lin,track_ab,high,1.0,1.0,1.0,50
track_b_fra_lin_swaspr_txt_000533,track_a_fra_swa_linspr_txt_000533,lin,track_ab,medium,1.0,1.0,1.0,50
track_b_fra_lin_swaspr_txt_001338,track_a_fra_swa_linspr_txt_001338,lin,track_ab,high,1.0,1.0,1.0,50
track_b_fra_lin_swaspr_txt_002858,track_a_fra_swa_linspr_txt_002858,lin,track_ab,medium,1.0,1.0,1.0,50
track_b_fra_lin_swaspr_txt_000920,track_a_fra_swa_linspr_txt_000920,lin,track_ab,high,1.0,1.0,1.0,50
track_b_fra_lin_swaspr_txt_002314,track_a_fra_swa_linspr_txt_002314,lin,track_ab,high,1.0,1.0,1.0,50
track_b_fra_lin_swaspr_txt_002097,track_a_fra_swa_linspr_txt_002097,lin,track_ab,high,0.05263157894736842,0.0,0.0,50
track_b_fra_lin_swaspr_txt_003180,track_a_fra_swa_linspr_txt_003180,lin,track_ab,medium,0.5,0.0,0.6309297535714575,50
track_b_fra_lin_swaspr_txt_002825,track_a_fra_swa_linspr_txt_002825,lin,track_ab,high,1.0,1.0,1.0,50
track_b_fra_lin_swaspr_txt_001498,track_a_fra_swa_linspr_txt_001498,lin,track_ab,high,1.0,1.0,1.0,50
track_b_fra_lin_swaspr_txt_003983,track_a_fra_swa_linspr_txt_003983,lin,track_ab,high,0.07692307692307693,0.0,0.0,50
track_b_fra_lin_swaspr_txt_002008,track_a_fra_swa_linspr_txt_002008,lin,track_ab,high,1.0,1.0,1.0,50
track_b_fra_lin_swaspr_txt_001845,track_a_fra_swa_linspr_txt_001845,lin,track_ab,high,1.0,1.0,1.0,50
track_b_fra_lin_swaspr_txt_002084,track_a_fra_swa_linspr_txt_002084,lin,track_ab,high,1.0,1.0,1.0,50
track_b_fra_lin_swaspr_txt_002409,track_a_fra_swa_linspr_txt_002409,lin,track_ab,high,1.0,1.0,1.0,50
track_b_fra_lin_swaspr_txt_000869,track_a_fra_swa_linspr_txt_000869,lin,track_ab,high,0.07142857142857142,0.0,0.0,50
track_b_fra_lin_swaspr_txt_001198,track_a_fra_swa_linspr_txt_001198,lin,track_ab,high,0.04,0.0,0.0,50
track_b_fra_lin_swaspr_txt_000595,track_a_fra_swa_linspr_txt_000595,lin,track_ab,high,1.0,1.0,1.0,50
track_b_fra_lin_swaspr_txt_001932,track_a_fra_swa_linspr_txt_001932,lin,track_ab,medium,1.0,1.0,1.0,50
track_b_fra_lin_swaspr_txt_000590,track_a_fra_swa_linspr_txt_000590,lin,track_ab,medium,1.0,1.0,1.0,50
track_b_fra_lin_swaspr_txt_002170,track_a_fra_swa_linspr_txt_002170,lin,track_ab,high,0.3333333333333333,0.0,0.5,50
track_b_fra_lin_swaspr_txt_002405,track_a_fra_swa_linspr_txt_002405,lin,track_ab,high,1.0,1.0,1.0,50
track_b_fra_lin_swaspr_txt_002377,track_a_fra_swa_linspr_txt_002377,lin,track_ab,high,1.0,1.0,1.0,50
track_b_fra_lin_swaspr_txt_001371,track_a_fra_swa_linspr_txt_001371,lin,track_ab,high,0.3333333333333333,0.0,0.5,50
track_b_fra_lin_swaspr_txt_002417,track_a_fra_swa_linspr_txt_002417,lin,track_ab,medium,1.0,1.0,1.0,50
track_b_fra_lin_swaspr_txt_000633,track_a_fra_swa_linspr_txt_000633,lin,track_ab,medium,1.0,1.0,1.0,50
track_b_fra_lin_swaspr_txt_003783,track_a_fra_swa_linspr_txt_003783,lin,track_ab,medium,1.0,1.0,1.0,50
track_b_fra_lin_swaspr_txt_002878,track_a_fra_swa_linspr_txt_002878,lin,track_ab,medium,1.0,1.0,1.0,50
track_b_fra_lin_swaspr_txt_001242,track_a_fra_swa_linspr_txt_001242,lin,track_ab,high,1.0,1.0,1.0,50
track_b_fra_lin_swaspr_txt_001745,track_a_fra_swa_linspr_txt_001745,lin,track_ab,medium,1.0,1.0,1.0,50
track_b_fra_lin_swaspr_txt_001744,track_a_fra_swa_linspr_txt_001744,lin,track_ab,high,1.0,1.0,1.0,50
track_b_fra_lin_swaspr_txt_001478,track_a_fra_swa_linspr_txt_001478,lin,track_ab,medium,1.0,1.0,1.0,50
track_b_fra_lin_swaspr_txt_000010,track_a_fra_swa_linspr_txt_000010,lin,track_ab,high,1.0,1.0,1.0,50
track_b_fra_lin_swaspr_txt_001869,track_a_fra_swa_linspr_txt_001869,lin,track_ab,high,0.2,0.0,0.38685280723454163,50
track_b_fra_lin_swaspr_txt_002104,track_a_fra_swa_linspr_txt_002104,lin,track_ab,medium,1.0,1.0,1.0,50
track_b_fra_lin_swaspr_txt_002859,track_a_fra_swa_linspr_txt_002859,lin,track_ab,medium,1.0,1.0,1.0,50
track_b_fra_lin_swaspr_txt_002294,track_a_fra_swa_linspr_txt_002294,lin,track_ab,medium,1.0,1.0,1.0,50
track_b_fra_lin_swaspr_txt_001806,track_a_fra_swa_linspr_txt_001806,lin,track_ab,medium,1.0,1.0,1.0,50
track_b_fra_lin_swaspr_txt_001761,track_a_fra_swa_linspr_txt_001761,lin,track_ab,high,0.5,0.0,0.6309297535714575,50
track_b_fra_lin_swaspr_txt_000049,track_a_fra_swa_linspr_txt_000049,lin,track_ab,high,0.1,0.0,0.0,50
track_b_fra_lin_swaspr_txt_003760,track_a_fra_swa_linspr_txt_003760,lin,track_ab,high,1.0,1.0,1.0,50
track_b_fra_lin_swaspr_txt_002974,track_a_fra_swa_linspr_txt_002974,lin,track_ab,high,1.0,1.0,1.0,50
track_b_fra_lin_swaspr_txt_000062,track_a_fra_swa_linspr_txt_000062,lin,track_ab,high,1.0,1.0,1.0,50
track_b_fra_lin_swaspr_txt_000612,track_a_fra_swa_linspr_txt_000612,lin,track_ab,high,0.1,0.0,0.0,50
track_b_fra_lin_swaspr_txt_001882,track_a_fra_swa_linspr_txt_001882,lin,track_ab,medium,1.0,1.0,1.0,50
track_b_fra_lin_swaspr_txt_000144,track_a_fra_swa_linspr_txt_000144,lin,track_ab,high,0.2,0.0,0.38685280723454163,50
track_b_fra_lin_swaspr_txt_003887,track_a_fra_swa_linspr_txt_003887,lin,track_ab,medium,0.5,0.0,0.6309297535714575,50
track_b_fra_lin_swaspr_txt_002060,track_a_fra_swa_linspr_txt_002060,lin,track_ab,high,1.0,1.0,1.0,50
track_b_fra_lin_swaspr_txt_001537,track_a_fra_swa_linspr_txt_001537,lin,track_ab,medium,1.0,1.0,1.0,50
track_b_fra_lin_swaspr_txt_000927,track_a_fra_swa_linspr_txt_000927,lin,track_ab,high,1.0,1.0,1.0,50
track_b_fra_lin_swaspr_txt_001748,track_a_fra_swa_linspr_txt_001748,lin,track_ab,medium,1.0,1.0,1.0,50
track_b_fra_lin_swaspr_txt_001672,track_a_fra_swa_linspr_txt_001672,lin,track_ab,high,0.08333333333333333,0.0,0.0,50
track_b_fra_lin_swaspr_txt_002530,track_a_fra_swa_linspr_txt_002530,lin,track_ab,medium,0.2,0.0,0.38685280723454163,50
track_b_fra_lin_swaspr_txt_000359,track_a_fra_swa_linspr_txt_000359,lin,track_ab,high,0.058823529411764705,0.0,0.0,50
track_b_fra_lin_swaspr_txt_001854,track_a_fra_swa_linspr_txt_001854,lin,track_ab,medium,1.0,1.0,1.0,50
track_b_fra_lin_swaspr_txt_000421,track_a_fra_swa_linspr_txt_000421,lin,track_ab,high,0.5,0.0,0.6309297535714575,50
track_b_fra_lin_swaspr_txt_003866,track_a_fra_swa_linspr_txt_003866,lin,track_ab,medium,1.0,1.0,1.0,50
track_b_fra_lin_swaspr_txt_003188,track_a_fra_swa_linspr_txt_003188,lin,track_ab,high,1.0,1.0,1.0,50
track_b_fra_lin_swaspr_txt_003988,track_a_fra_swa_linspr_txt_003988,lin,track_ab,medium,1.0,1.0,1.0,50
track_b_fra_lin_swaspr_txt_003370,track_a_fra_swa_linspr_txt_003370,lin,track_ab,medium,1.0,1.0,1.0,50
track_b_fra_lin_swaspr_txt_000885,track_a_fra_swa_linspr_txt_000885,lin,track_ab,medium,1.0,1.0,1.0,50
track_b_fra_lin_swaspr_txt_002982,track_a_fra_swa_linspr_txt_002982,lin,track_ab,high,1.0,1.0,1.0,50
track_b_fra_lin_swaspr_txt_002648,track_a_fra_swa_linspr_txt_002648,lin,track_ab,high,1.0,1.0,1.0,50
track_b_fra_lin_swaspr_txt_001062,track_a_fra_swa_linspr_txt_001062,lin,track_ab,medium,1.0,1.0,1.0,50
track_b_fra_lin_swaspr_txt_002332,track_a_fra_swa_linspr_txt_002332,lin,track_ab,high,0.0625,0.0,0.0,50
track_b_fra_lin_swaspr_txt_000632,track_a_fra_swa_linspr_txt_000632,lin,track_ab,medium,1.0,1.0,1.0,50
track_b_fra_lin_swaspr_txt_001936,track_a_fra_swa_linspr_txt_001936,lin,track_ab,high,0.05555555555555555,0.0,0.0,50
track_b_fra_lin_swaspr_txt_000051,track_a_fra_swa_linspr_txt_000051,lin,track_ab,high,1.0,1.0,1.0,50
track_b_fra_lin_swaspr_txt_003928,track_a_fra_swa_linspr_txt_003928,lin,track_ab,high,0.3333333333333333,0.0,0.5,50
track_b_fra_lin_swaspr_txt_003733,track_a_fra_swa_linspr_txt_003733,lin,track_ab,medium,1.0,1.0,1.0,50
track_b_fra_lin_swaspr_txt_001324,track_a_fra_swa_linspr_txt_001324,lin,track_ab,medium,1.0,1.0,1.0,50
track_b_fra_lin_swaspr_txt_002837,track_a_fra_swa_linspr_txt_002837,lin,track_ab,high,1.0,1.0,1.0,50
track_b_fra_lin_swaspr_txt_000478,track_a_fra_swa_linspr_txt_000478,lin,track_ab,high,0.1111111111111111,0.0,0.0,50
track_b_fra_lin_swaspr_txt_002364,track_a_fra_swa_linspr_txt_002364,lin,track_ab,medium,1.0,1.0,1.0,50
track_b_fra_lin_swaspr_txt_002389,track_a_fra_swa_linspr_txt_002389,lin,track_ab,high,1.0,1.0,1.0,50
track_b_fra_lin_swaspr_txt_001364,track_a_fra_swa_linspr_txt_001364,lin,track_ab,high,1.0,1.0,1.0,50
track_b_fra_lin_swaspr_txt_003960,track_a_fra_swa_linspr_txt_003960,lin,track_ab,high,1.0,1.0,1.0,50
track_b_fra_lin_swaspr_txt_003392,track_a_fra_swa_linspr_txt_003392,lin,track_ab,medium,1.0,1.0,1.0,50
track_b_fra_lin_swaspr_txt_001255,track_a_fra_swa_linspr_txt_001255,lin,track_ab,medium,1.0,1.0,1.0,50
track_b_fra_lin_swaspr_txt_003403,track_a_fra_swa_linspr_txt_003403,lin,track_ab,medium,1.0,1.0,1.0,50
track_b_fra_lin_swaspr_txt_001060,track_a_fra_swa_linspr_txt_001060,lin,track_ab,medium,0.06666666666666667,0.0,0.0,50
track_b_fra_lin_swaspr_txt_000744,track_a_fra_swa_linspr_txt_000744,lin,track_ab,high,0.07142857142857142,0.0,0.0,50
track_b_fra_lin_swaspr_txt_000901,track_a_fra_swa_linspr_txt_000901,lin,track_ab,high,1.0,1.0,1.0,50
track_b_fra_lin_swaspr_txt_002468,track_a_fra_swa_linspr_txt_002468,lin,track_ab,high,1.0,1.0,1.0,50
track_b_fra_lin_swaspr_txt_001907,track_a_fra_swa_linspr_txt_001907,lin,track_ab,medium,1.0,1.0,1.0,50
track_b_fra_lin_swaspr_txt_002450,track_a_fra_swa_linspr_txt_002450,lin,track_ab,high,1.0,1.0,1.0,50
track_b_fra_lin_swaspr_txt_001145,track_a_fra_swa_linspr_txt_001145,lin,track_ab,medium,0.5,0.0,0.6309297535714575,50
track_b_fra_lin_swaspr_txt_003218,track_a_fra_swa_linspr_txt_003218,lin,track_ab,high,0.5,0.0,0.6309297535714575,50
track_b_fra_lin_swaspr_txt_000175,track_a_fra_swa_linspr_txt_000175,lin,track_ab,medium,0.3333333333333333,0.0,0.5,50
track_b_fra_lin_swaspr_txt_003041,track_a_fra_swa_linspr_txt_003041,lin,track_ab,high,1.0,1.0,1.0,50
track_b_fra_lin_swaspr_txt_002623,track_a_fra_swa_linspr_txt_002623,lin,track_ab,high,1.0,1.0,1.0,50
track_b_fra_lin_swaspr_txt_002000,track_a_fra_swa_linspr_txt_002000,lin,track_ab,high,0.5,0.0,0.6309297535714575,50
track_b_fra_lin_swaspr_txt_003996,track_a_fra_swa_linspr_txt_003996,lin,track_ab,high,0.03333333333333333,0.0,0.0,50
track_b_fra_lin_swaspr_txt_001445,track_a_fra_swa_linspr_txt_001445,lin,track_ab,high,0.16666666666666666,0.0,0.0,50
track_b_fra_lin_swaspr_txt_001128,track_a_fra_swa_linspr_txt_001128,lin,track_ab,medium,1.0,1.0,1.0,50
track_b_fra_lin_swaspr_txt_000812,track_a_fra_swa_linspr_txt_000812,lin,track_ab,medium,1.0,1.0,1.0,50
track_b_fra_lin_swaspr_txt_003795,track_a_fra_swa_linspr_txt_003795,lin,track_ab,high,1.0,1.0,1.0,50
track_b_fra_lin_swaspr_txt_001992,track_a_fra_swa_linspr_txt_001992,lin,track_ab,high,1.0,1.0,1.0,50
track_b_fra_lin_swaspr_txt_002135,track_a_fra_swa_linspr_txt_002135,lin,track_ab,high,1.0,1.0,1.0,50
track_b_fra_lin_swaspr_txt_003803,track_a_fra_swa_linspr_txt_003803,lin,track_ab,high,1.0,1.0,1.0,50
track_b_fra_lin_swaspr_txt_001437,track_a_fra_swa_linspr_txt_001437,lin,track_ab,high,0.08333333333333333,0.0,0.0,50
track_b_fra_lin_swaspr_txt_002928,track_a_fra_swa_linspr_txt_002928,lin,track_ab,high,1.0,1.0,1.0,50
track_b_fra_lin_swaspr_txt_000586,track_a_fra_swa_linspr_txt_000586,lin,track_ab,medium,1.0,1.0,1.0,50
track_b_fra_lin_swaspr_txt_002996,track_a_fra_swa_linspr_txt_002996,lin,track_ab,high,1.0,1.0,1.0,50
track_b_fra_lin_swaspr_txt_002423,track_a_fra_swa_linspr_txt_002423,lin,track_ab,high,1.0,1.0,1.0,50
track_b_fra_lin_swaspr_txt_001261,track_a_fra_swa_linspr_txt_001261,lin,track_ab,medium,0.25,0.0,0.43067655807339306,50
track_b_fra_lin_swaspr_txt_001995,track_a_fra_swa_linspr_txt_001995,lin,track_ab,medium,1.0,1.0,1.0,50
track_b_fra_lin_swaspr_txt_002957,track_a_fra_swa_linspr_txt_002957,lin,track_ab,medium,1.0,1.0,1.0,50
track_b_fra_lin_swaspr_txt_002262,track_a_fra_swa_linspr_txt_002262,lin,track_ab,medium,1.0,1.0,1.0,50
track_b_fra_lin_swaspr_txt_003756,track_a_fra_swa_linspr_txt_003756,lin,track_ab,high,1.0,1.0,1.0,50
track_b_fra_lin_swaspr_txt_003534,track_a_fra_swa_linspr_txt_003534,lin,track_ab,medium,1.0,1.0,1.0,50
track_a_fra_swa_linspr_txt_000686,track_b_fra_lin_swaspr_txt_000686,lin,track_ab,high,0.25,0.0,0.43067655807339306,50
track_b_fra_lin_swaspr_txt_001863,track_a_fra_swa_linspr_txt_001863,lin,track_ab,high,1.0,1.0,1.0,50
track_b_fra_lin_swaspr_txt_000638,track_a_fra_swa_linspr_txt_000638,lin,track_ab,high,1.0,1.0,1.0,50
track_b_fra_lin_swaspr_txt_001212,track_a_fra_swa_linspr_txt_001212,lin,track_ab,medium,0.25,0.0,0.43067655807339306,50
track_b_fra_lin_swaspr_txt_002140,track_a_fra_swa_linspr_txt_002140,lin,track_ab,high,0.14285714285714285,0.0,0.0,50
track_b_fra_lin_swaspr_txt_002608,track_a_fra_swa_linspr_txt_002608,lin,track_ab,medium,1.0,1.0,1.0,50
track_b_fra_lin_swaspr_txt_003293,track_a_fra_swa_linspr_txt_003293,lin,track_ab,high,1.0,1.0,1.0,50
track_b_fra_lin_swaspr_txt_001360,track_a_fra_swa_linspr_txt_001360,lin,track_ab,medium,1.0,1.0,1.0,50
track_b_fra_lin_swaspr_txt_003223,track_a_fra_swa_linspr_txt_003223,lin,track_ab,medium,1.0,1.0,1.0,50
track_b_fra_lin_swaspr_txt_003039,track_a_fra_swa_linspr_txt_003039,lin,track_ab,high,1.0,1.0,1.0,50
track_b_fra_lin_swaspr_txt_000608,track_a_fra_swa_linspr_txt_000608,lin,track_ab,medium,0.25,0.0,0.43067655807339306,50
track_b_fra_lin_swaspr_txt_000227,track_a_fra_swa_linspr_txt_000227,lin,track_ab,high,0.5,0.0,0.6309297535714575,50
track_b_fra_lin_swaspr_txt_003549,track_a_fra_swa_linspr_txt_003549,lin,track_ab,high,1.0,1.0,1.0,50
track_b_fra_lin_swaspr_txt_001632,track_a_fra_swa_linspr_txt_001632,lin,track_ab,medium,1.0,1.0,1.0,50
track_b_fra_lin_swaspr_txt_001260,track_a_fra_swa_linspr_txt_001260,lin,track_ab,medium,0.5,0.0,0.6309297535714575,50
track_b_fra_lin_swaspr_txt_001490,track_a_fra_swa_linspr_txt_001490,lin,track_ab,medium,1.0,1.0,1.0,50
track_b_fra_lin_swaspr_txt_001858,track_a_fra_swa_linspr_txt_001858,lin,track_ab,high,0.5,0.0,0.6309297535714575,50
track_b_fra_lin_swaspr_txt_003634,track_a_fra_swa_linspr_txt_003634,lin,track_ab,high,0.5,0.0,0.6309297535714575,50
track_b_fra_lin_swaspr_txt_000266,track_a_fra_swa_linspr_txt_000266,lin,track_ab,high,1.0,1.0,1.0,50
track_b_fra_lin_swaspr_txt_000810,track_a_fra_swa_linspr_txt_000810,lin,track_ab,high,1.0,1.0,1.0,50
track_b_fra_lin_swaspr_txt_001574,track_a_fra_swa_linspr_txt_001574,lin,track_ab,medium,0.25,0.0,0.43067655807339306,50
track_b_fra_lin_swaspr_txt_000985,track_a_fra_swa_linspr_txt_000985,lin,track_ab,high,0.25,0.0,0.43067655807339306,50
track_b_fra_lin_swaspr_txt_000314,track_a_fra_swa_linspr_txt_000314,lin,track_ab,high,0.05,0.0,0.0,50
track_b_fra_lin_swaspr_txt_003393,track_a_fra_swa_linspr_txt_003393,lin,track_ab,medium,0.5,0.0,0.6309297535714575,50
track_b_fra_lin_swaspr_txt_001426,track_a_fra_swa_linspr_txt_001426,lin,track_ab,high,1.0,1.0,1.0,50
track_b_fra_lin_swaspr_txt_001114,track_a_fra_swa_linspr_txt_001114,lin,track_ab,medium,0.5,0.0,0.6309297535714575,50
track_b_fra_lin_swaspr_txt_002139,track_a_fra_swa_linspr_txt_002139,lin,track_ab,high,1.0,1.0,1.0,50
track_b_fra_lin_swaspr_txt_002063,track_a_fra_swa_linspr_txt_002063,lin,track_ab,high,1.0,1.0,1.0,50
track_b_fra_lin_swaspr_txt_002271,track_a_fra_swa_linspr_txt_002271,lin,track_ab,medium,0.06666666666666667,0.0,0.0,50
track_b_fra_lin_swaspr_txt_003077,track_a_fra_swa_linspr_txt_003077,lin,track_ab,high,1.0,1.0,1.0,50
track_b_fra_lin_swaspr_txt_002049,track_a_fra_swa_linspr_txt_002049,lin,track_ab,high,1.0,1.0,1.0,50
track_b_fra_lin_swaspr_txt_002099,track_a_fra_swa_linspr_txt_002099,lin,track_ab,high,1.0,1.0,1.0,50
track_b_fra_lin_swaspr_txt_000961,track_a_fra_swa_linspr_txt_000961,lin,track_ab,high,0.05555555555555555,0.0,0.0,50
track_b_fra_lin_swaspr_txt_000879,track_a_fra_swa_linspr_txt_000879,lin,track_ab,high,1.0,1.0,1.0,50
track_b_fra_lin_swaspr_txt_003112,track_a_fra_swa_linspr_txt_003112,lin,track_ab,medium,1.0,1.0,1.0,50
track_b_fra_lin_swaspr_txt_002459,track_a_fra_swa_linspr_txt_002459,lin,track_ab,high,1.0,1.0,1.0,50
track_b_fra_lin_swaspr_txt_000999,track_a_fra_swa_linspr_txt_000999,lin,track_ab,high,1.0,1.0,1.0,50
track_b_fra_lin_swaspr_txt_002024,track_a_fra_swa_linspr_txt_002024,lin,track_ab,medium,1.0,1.0,1.0,50
track_b_fra_lin_swaspr_txt_003439,track_a_fra_swa_linspr_txt_003439,lin,track_ab,high,0.07142857142857142,0.0,0.0,50
track_b_fra_lin_swaspr_txt_003442,track_a_fra_swa_linspr_txt_003442,lin,track_ab,medium,1.0,1.0,1.0,50
track_b_fra_lin_swaspr_txt_003792,track_a_fra_swa_linspr_txt_003792,lin,track_ab,high,1.0,1.0,1.0,50
track_b_fra_lin_swaspr_txt_001795,track_a_fra_swa_linspr_txt_001795,lin,track_ab,high,1.0,1.0,1.0,50
track_b_fra_lin_swaspr_txt_003860,track_a_fra_swa_linspr_txt_003860,lin,track_ab,high,1.0,1.0,1.0,50
track_b_fra_lin_swaspr_txt_002836,track_a_fra_swa_linspr_txt_002836,lin,track_ab,high,0.1111111111111111,0.0,0.0,50
track_b_fra_lin_swaspr_txt_000565,track_a_fra_swa_linspr_txt_000565,lin,track_ab,high,1.0,1.0,1.0,50
track_b_fra_lin_swaspr_txt_002743,track_a_fra_swa_linspr_txt_002743,lin,track_ab,high,1.0,1.0,1.0,50
track_b_fra_lin_swaspr_txt_003688,track_a_fra_swa_linspr_txt_003688,lin,track_ab,medium,1.0,1.0,1.0,50
track_b_fra_lin_swaspr_txt_003422,track_a_fra_swa_linspr_txt_003422,lin,track_ab,high,0.09090909090909091,0.0,0.0,50
track_b_fra_lin_swaspr_txt_001792,track_a_fra_swa_linspr_txt_001792,lin,track_ab,high,0.5,0.0,0.6309297535714575,50
track_b_fra_lin_swaspr_txt_001751,track_a_fra_swa_linspr_txt_001751,lin,track_ab,high,1.0,1.0,1.0,50
track_b_fra_lin_swaspr_txt_000399,track_a_fra_swa_linspr_txt_000399,lin,track_ab,high,1.0,1.0,1.0,50
track_b_fra_lin_swaspr_txt_003541,track_a_fra_swa_linspr_txt_003541,lin,track_ab,high,1.0,1.0,1.0,50
track_b_fra_lin_swaspr_txt_002218,track_a_fra_swa_linspr_txt_002218,lin,track_ab,medium,0.25,0.0,0.43067655807339306,50
track_b_fra_lin_swaspr_txt_001698,track_a_fra_swa_linspr_txt_001698,lin,track_ab,high,1.0,1.0,1.0,50
track_b_fra_lin_swaspr_txt_001433,track_a_fra_swa_linspr_txt_001433,lin,track_ab,medium,1.0,1.0,1.0,50
track_b_fra_lin_swaspr_txt_000356,track_a_fra_swa_linspr_txt_000356,lin,track_ab,high,1.0,1.0,1.0,50
track_b_fra_lin_swaspr_txt_003200,track_a_fra_swa_linspr_txt_003200,lin,track_ab,high,1.0,1.0,1.0,50
track_b_fra_lin_swaspr_txt_001197,track_a_fra_swa_linspr_txt_001197,lin,track_ab,high,1.0,1.0,1.0,50
track_b_fra_lin_swaspr_txt_001759,track_a_fra_swa_linspr_txt_001759,lin,track_ab,medium,1.0,1.0,1.0,50
track_b_fra_lin_swaspr_txt_002165,track_a_fra_swa_linspr_txt_002165,lin,track_ab,high,1.0,1.0,1.0,50
track_b_fra_lin_swaspr_txt_002196,track_a_fra_swa_linspr_txt_002196,lin,track_ab,medium,1.0,1.0,1.0,50
track_b_fra_lin_swaspr_txt_000559,track_a_fra_swa_linspr_txt_000559,lin,track_ab,high,1.0,1.0,1.0,50
track_b_fra_lin_swaspr_txt_000839,track_a_fra_swa_linspr_txt_000839,lin,track_ab,high,0.3333333333333333,0.0,0.5,50
track_b_fra_lin_swaspr_txt_000899,track_a_fra_swa_linspr_txt_000899,lin,track_ab,medium,0.5,0.0,0.6309297535714575,50
track_b_fra_lin_swaspr_txt_000166,track_a_fra_swa_linspr_txt_000166,lin,track_ab,medium,1.0,1.0,1.0,50
track_b_fra_lin_swaspr_txt_002133,track_a_fra_swa_linspr_txt_002133,lin,track_ab,medium,1.0,1.0,1.0,50
track_b_fra_lin_swaspr_txt_003387,track_a_fra_swa_linspr_txt_003387,lin,track_ab,high,1.0,1.0,1.0,50
track_b_fra_lin_swaspr_txt_000840,track_a_fra_swa_linspr_txt_000840,lin,track_ab,high,0.2,0.0,0.38685280723454163,50
track_b_fra_lin_swaspr_txt_003048,track_a_fra_swa_linspr_txt_003048,lin,track_ab,high,1.0,1.0,1.0,50
track_b_fra_lin_swaspr_txt_001334,track_a_fra_swa_linspr_txt_001334,lin,track_ab,high,0.5,0.0,0.6309297535714575,50
track_b_fra_lin_swaspr_txt_003314,track_a_fra_swa_linspr_txt_003314,lin,track_ab,high,0.25,0.0,0.43067655807339306,50
track_b_fra_lin_swaspr_txt_002806,track_a_fra_swa_linspr_txt_002806,lin,track_ab,medium,1.0,1.0,1.0,50
track_b_fra_lin_swaspr_txt_001249,track_a_fra_swa_linspr_txt_001249,lin,track_ab,medium,1.0,1.0,1.0,50
track_b_fra_lin_swaspr_txt_003219,track_a_fra_swa_linspr_txt_003219,lin,track_ab,medium,1.0,1.0,1.0,50
track_b_fra_lin_swaspr_txt_001072,track_a_fra_swa_linspr_txt_001072,lin,track_ab,high,1.0,1.0,1.0,50
track_b_fra_lin_swaspr_txt_000738,track_a_fra_swa_linspr_txt_000738,lin,track_ab,high,1.0,1.0,1.0,50
track_b_fra_lin_swaspr_txt_000140,track_a_fra_swa_linspr_txt_000140,lin,track_ab,high,1.0,1.0,1.0,50
track_b_fra_lin_swaspr_txt_003777,track_a_fra_swa_linspr_txt_003777,lin,track_ab,high,0.06666666666666667,0.0,0.0,50
track_b_fra_lin_swaspr_txt_000376,track_a_fra_swa_linspr_txt_000376,lin,track_ab,high,0.5,0.0,0.6309297535714575,50
track_b_fra_lin_swaspr_txt_003781,track_a_fra_swa_linspr_txt_003781,lin,track_ab,high,1.0,1.0,1.0,50
track_b_fra_lin_swaspr_txt_003271,track_a_fra_swa_linspr_txt_003271,lin,track_ab,medium,1.0,1.0,1.0,50
track_b_fra_lin_swaspr_txt_000498,track_a_fra_swa_linspr_txt_000498,lin,track_ab,high,0.3333333333333333,0.0,0.5,50
track_b_fra_lin_swaspr_txt_001142,track_a_fra_swa_linspr_txt_001142,lin,track_ab,medium,1.0,1.0,1.0,50
track_b_fra_lin_swaspr_txt_003005,track_a_fra_swa_linspr_txt_003005,lin,track_ab,high,1.0,1.0,1.0,50
track_b_fra_lin_swaspr_txt_001108,track_a_fra_swa_linspr_txt_001108,lin,track_ab,high,1.0,1.0,1.0,50
track_b_fra_lin_swaspr_txt_003268,track_a_fra_swa_linspr_txt_003268,lin,track_ab,medium,1.0,1.0,1.0,50
track_b_fra_lin_swaspr_txt_003282,track_a_fra_swa_linspr_txt_003282,lin,track_ab,high,0.16666666666666666,0.0,0.0,50
track_b_fra_lin_swaspr_txt_002169,track_a_fra_swa_linspr_txt_002169,lin,track_ab,high,1.0,1.0,1.0,50
track_b_fra_lin_swaspr_txt_001295,track_a_fra_swa_linspr_txt_001295,lin,track_ab,medium,1.0,1.0,1.0,50
track_b_fra_lin_swaspr_txt_001370,track_a_fra_swa_linspr_txt_001370,lin,track_ab,medium,1.0,1.0,1.0,50
track_b_fra_lin_swaspr_txt_003286,track_a_fra_swa_linspr_txt_003286,lin,track_ab,medium,1.0,1.0,1.0,50
track_b_fra_lin_swaspr_txt_003543,track_a_fra_swa_linspr_txt_003543,lin,track_ab,high,1.0,1.0,1.0,50
track_b_fra_lin_swaspr_txt_000909,track_a_fra_swa_linspr_txt_000909,lin,track_ab,high,1.0,1.0,1.0,50
track_b_fra_lin_swaspr_txt_000163,track_a_fra_swa_linspr_txt_000163,lin,track_ab,high,1.0,1.0,1.0,50
track_b_fra_lin_swaspr_txt_001059,track_a_fra_swa_linspr_txt_001059,lin,track_ab,high,1.0,1.0,1.0,50
track_b_fra_lin_swaspr_txt_001385,track_a_fra_swa_linspr_txt_001385,lin,track_ab,high,1.0,1.0,1.0,50
track_b_fra_lin_swaspr_txt_003182,track_a_fra_swa_linspr_txt_003182,lin,track_ab,medium,1.0,1.0,1.0,50
track_b_fra_lin_swaspr_txt_000256,track_a_fra_swa_linspr_txt_000256,lin,track_ab,high,1.0,1.0,1.0,50
track_b_fra_lin_swaspr_txt_003084,track_a_fra_swa_linspr_txt_003084,lin,track_ab,high,0.5,0.0,0.6309297535714575,50
track_b_fra_lin_swaspr_txt_000861,track_a_fra_swa_linspr_txt_000861,lin,track_ab,high,0.09090909090909091,0.0,0.0,50
track_b_fra_lin_swaspr_txt_002270,track_a_fra_swa_linspr_txt_002270,lin,track_ab,high,1.0,1.0,1.0,50
track_b_fra_lin_swaspr_txt_003075,track_a_fra_swa_linspr_txt_003075,lin,track_ab,medium,0.5,0.0,0.6309297535714575,50
track_b_fra_lin_swaspr_txt_001543,track_a_fra_swa_linspr_txt_001543,lin,track_ab,high,1.0,1.0,1.0,50
track_b_fra_lin_swaspr_txt_002186,track_a_fra_swa_linspr_txt_002186,lin,track_ab,medium,0.5,0.0,0.6309297535714575,50
track_b_fra_lin_swaspr_txt_001485,track_a_fra_swa_linspr_txt_001485,lin,track_ab,medium,0.1,0.0,0.0,50
track_b_fra_lin_swaspr_txt_000616,track_a_fra_swa_linspr_txt_000616,lin,track_ab,high,1.0,1.0,1.0,50
track_b_fra_lin_swaspr_txt_002113,track_a_fra_swa_linspr_txt_002113,lin,track_ab,high,1.0,1.0,1.0,50
track_b_fra_lin_swaspr_txt_001552,track_a_fra_swa_linspr_txt_001552,lin,track_ab,high,1.0,1.0,1.0,50
track_b_fra_lin_swaspr_txt_000931,track_a_fra_swa_linspr_txt_000931,lin,track_ab,high,1.0,1.0,1.0,50
track_b_fra_lin_swaspr_txt_001734,track_a_fra_swa_linspr_txt_001734,lin,track_ab,medium,1.0,1.0,1.0,50
track_b_fra_lin_swaspr_txt_002295,track_a_fra_swa_linspr_txt_002295,lin,track_ab,high,1.0,1.0,1.0,50
track_b_fra_lin_swaspr_txt_003770,track_a_fra_swa_linspr_txt_003770,lin,track_ab,medium,0.5,0.0,0.6309297535714575,50
track_b_fra_lin_swaspr_txt_000083,track_a_fra_swa_linspr_txt_000083,lin,track_ab,high,1.0,1.0,1.0,50
track_b_fra_lin_swaspr_txt_002053,track_a_fra_swa_linspr_txt_002053,lin,track_ab,high,0.16666666666666666,0.0,0.0,50
track_b_fra_lin_swaspr_txt_002070,track_a_fra_swa_linspr_txt_002070,lin,track_ab,high,1.0,1.0,1.0,50
track_b_fra_lin_swaspr_txt_000842,track_a_fra_swa_linspr_txt_000842,lin,track_ab,high,1.0,1.0,1.0,50
track_b_fra_lin_swaspr_txt_003331,track_a_fra_swa_linspr_txt_003331,lin,track_ab,high,0.16666666666666666,0.0,0.0,50
track_b_fra_lin_swaspr_txt_001942,track_a_fra_swa_linspr_txt_001942,lin,track_ab,high,1.0,1.0,1.0,50
track_b_fra_lin_swaspr_txt_000132,track_a_fra_swa_linspr_txt_000132,lin,track_ab,high,0.05,0.0,0.0,50
track_b_fra_lin_swaspr_txt_002415,track_a_fra_swa_linspr_txt_002415,lin,track_ab,high,0.5,0.0,0.6309297535714575,50
track_b_fra_lin_swaspr_txt_000327,track_a_fra_swa_linspr_txt_000327,lin,track_ab,medium,1.0,1.0,1.0,50
track_b_fra_lin_swaspr_txt_003661,track_a_fra_swa_linspr_txt_003661,lin,track_ab,high,0.1,0.0,0.0,50
track_b_fra_lin_swaspr_txt_000845,track_a_fra_swa_linspr_txt_000845,lin,track_ab,high,1.0,1.0,1.0,50
track_b_fra_lin_swaspr_txt_001169,track_a_fra_swa_linspr_txt_001169,lin,track_ab,high,1.0,1.0,1.0,50
track_b_fra_lin_swaspr_txt_003966,track_a_fra_swa_linspr_txt_003966,lin,track_ab,high,1.0,1.0,1.0,50
track_b_fra_lin_swaspr_txt_001154,track_a_fra_swa_linspr_txt_001154,lin,track_ab,high,1.0,1.0,1.0,50
track_b_fra_lin_swaspr_txt_000190,track_a_fra_swa_linspr_txt_000190,lin,track_ab,high,0.058823529411764705,0.0,0.0,50
track_b_fra_lin_swaspr_txt_003107,track_a_fra_swa_linspr_txt_003107,lin,track_ab,medium,0.3333333333333333,0.0,0.5,50
track_b_fra_lin_swaspr_txt_001614,track_a_fra_swa_linspr_txt_001614,lin,track_ab,medium,1.0,1.0,1.0,50
track_b_fra_lin_swaspr_txt_000020,track_a_fra_swa_linspr_txt_000020,lin,track_ab,high,0.05263157894736842,0.0,0.0,50
track_b_fra_lin_swaspr_txt_001463,track_a_fra_swa_linspr_txt_001463,lin,track_ab,medium,1.0,1.0,1.0,50
track_b_fra_lin_swaspr_txt_001092,track_a_fra_swa_linspr_txt_001092,lin,track_ab,medium,0.07692307692307693,0.0,0.0,50
track_b_fra_lin_swaspr_txt_001357,track_a_fra_swa_linspr_txt_001357,lin,track_ab,high,1.0,1.0,1.0,50
track_b_fra_lin_swaspr_txt_000831,track_a_fra_swa_linspr_txt_000831,lin,track_ab,high,0.1,0.0,0.0,50
track_b_fra_lin_swaspr_txt_002411,track_a_fra_swa_linspr_txt_002411,lin,track_ab,high,0.5,0.0,0.6309297535714575,50
track_b_fra_lin_swaspr_txt_001910,track_a_fra_swa_linspr_txt_001910,lin,track_ab,high,1.0,1.0,1.0,50
track_b_fra_lin_swaspr_txt_003201,track_a_fra_swa_linspr_txt_003201,lin,track_ab,medium,1.0,1.0,1.0,50
track_b_fra_lin_swaspr_txt_001004,track_a_fra_swa_linspr_txt_001004,lin,track_ab,high,0.5,0.0,0.6309297535714575,50
track_b_fra_lin_swaspr_txt_002820,track_a_fra_swa_linspr_txt_002820,lin,track_ab,high,1.0,1.0,1.0,50
track_b_fra_lin_swaspr_txt_003991,track_a_fra_swa_linspr_txt_003991,lin,track_ab,high,0.5,0.0,0.6309297535714575,50
track_b_fra_lin_swaspr_txt_003216,track_a_fra_swa_linspr_txt_003216,lin,track_ab,high,0.3333333333333333,0.0,0.5,50
track_b_fra_lin_swaspr_txt_000036,track_a_fra_swa_linspr_txt_000036,lin,track_ab,high,1.0,1.0,1.0,50
track_b_fra_lin_swaspr_txt_002385,track_a_fra_swa_linspr_txt_002385,lin,track_ab,high,1.0,1.0,1.0,50
track_b_fra_lin_swaspr_txt_002510,track_a_fra_swa_linspr_txt_002510,lin,track_ab,high,1.0,1.0,1.0,50
track_b_fra_lin_swaspr_txt_001316,track_a_fra_swa_linspr_txt_001316,lin,track_ab,medium,1.0,1.0,1.0,50
track_b_fra_lin_swaspr_txt_002233,track_a_fra_swa_linspr_txt_002233,lin,track_ab,medium,1.0,1.0,1.0,50
track_b_fra_lin_swaspr_txt_003938,track_a_fra_swa_linspr_txt_003938,lin,track_ab,high,1.0,1.0,1.0,50
track_b_fra_lin_swaspr_txt_000300,track_a_fra_swa_linspr_txt_000300,lin,track_ab,high,0.5,0.0,0.6309297535714575,50
track_b_fra_lin_swaspr_txt_002191,track_a_fra_swa_linspr_txt_002191,lin,track_ab,medium,1.0,1.0,1.0,50
track_b_fra_lin_swaspr_txt_000819,track_a_fra_swa_linspr_txt_000819,lin,track_ab,medium,0.25,0.0,0.43067655807339306,50
track_b_fra_lin_swaspr_txt_003479,track_a_fra_swa_linspr_txt_003479,lin,track_ab,high,0.16666666666666666,0.0,0.0,50
track_b_fra_lin_swaspr_txt_003598,track_a_fra_swa_linspr_txt_003598,lin,track_ab,medium,0.3333333333333333,0.0,0.5,50
track_b_fra_lin_swaspr_txt_002250,track_a_fra_swa_linspr_txt_002250,lin,track_ab,high,0.09090909090909091,0.0,0.0,50
track_b_fra_lin_swaspr_txt_001935,track_a_fra_swa_linspr_txt_001935,lin,track_ab,medium,0.5,0.0,0.6309297535714575,50
track_b_fra_lin_swaspr_txt_002014,track_a_fra_swa_linspr_txt_002014,lin,track_ab,high,1.0,1.0,1.0,50
track_b_fra_lin_swaspr_txt_000461,track_a_fra_swa_linspr_txt_000461,lin,track_ab,high,1.0,1.0,1.0,50
track_b_fra_lin_swaspr_txt_003597,track_a_fra_swa_linspr_txt_003597,lin,track_ab,high,0.16666666666666666,0.0,0.0,50
track_b_fra_lin_swaspr_txt_002921,track_a_fra_swa_linspr_txt_002921,lin,track_ab,medium,0.125,0.0,0.0,50
track_b_fra_lin_swaspr_txt_000579,track_a_fra_swa_linspr_txt_000579,lin,track_ab,high,1.0,1.0,1.0,50
track_b_fra_lin_swaspr_txt_001029,track_a_fra_swa_linspr_txt_001029,lin,track_ab,high,1.0,1.0,1.0,50
track_b_fra_lin_swaspr_txt_003958,track_a_fra_swa_linspr_txt_003958,lin,track_ab,medium,0.16666666666666666,0.0,0.0,50
track_b_fra_lin_swaspr_txt_002236,track_a_fra_swa_linspr_txt_002236,lin,track_ab,medium,1.0,1.0,1.0,50
track_b_fra_lin_swaspr_txt_000945,track_a_fra_swa_linspr_txt_000945,lin,track_ab,high,0.1,0.0,0.0,50
track_b_fra_lin_swaspr_txt_000878,track_a_fra_swa_linspr_txt_000878,lin,track_ab,high,1.0,1.0,1.0,50
track_b_fra_lin_swaspr_txt_003595,track_a_fra_swa_linspr_txt_003595,lin,track_ab,high,0.1,0.0,0.0,50
track_b_fra_lin_swaspr_txt_000353,track_a_fra_swa_linspr_txt_000353,lin,track_ab,high,0.06666666666666667,0.0,0.0,50
track_b_fra_lin_swaspr_txt_001531,track_a_fra_swa_linspr_txt_001531,lin,track_ab,medium,1.0,1.0,1.0,50
track_b_fra_lin_swaspr_txt_003851,track_a_fra_swa_linspr_txt_003851,lin,track_ab,high,1.0,1.0,1.0,50
track_b_fra_lin_swaspr_txt_002639,track_a_fra_swa_linspr_txt_002639,lin,track_ab,high,1.0,1.0,1.0,50
track_b_fra_lin_swaspr_txt_003454,track_a_fra_swa_linspr_txt_003454,lin,track_ab,high,0.034482758620689655,0.0,0.0,50
track_b_fra_lin_swaspr_txt_001611,track_a_fra_swa_linspr_txt_001611,lin,track_ab,medium,1.0,1.0,1.0,50
track_b_fra_lin_swaspr_txt_001686,track_a_fra_swa_linspr_txt_001686,lin,track_ab,medium,1.0,1.0,1.0,50
track_b_fra_lin_swaspr_txt_002654,track_a_fra_swa_linspr_txt_002654,lin,track_ab,high,1.0,1.0,1.0,50
track_b_fra_lin_swaspr_txt_001861,track_a_fra_swa_linspr_txt_001861,lin,track_ab,medium,0.2,0.0,0.38685280723454163,50
track_b_fra_lin_swaspr_txt_000828,track_a_fra_swa_linspr_txt_000828,lin,track_ab,high,0.25,0.0,0.43067655807339306,50
track_b_fra_lin_swaspr_txt_002231,track_a_fra_swa_linspr_txt_002231,lin,track_ab,high,1.0,1.0,1.0,50
track_b_fra_lin_swaspr_txt_003319,track_a_fra_swa_linspr_txt_003319,lin,track_ab,high,1.0,1.0,1.0,50
track_b_fra_lin_swaspr_txt_002690,track_a_fra_swa_linspr_txt_002690,lin,track_ab,medium,1.0,1.0,1.0,50
track_b_fra_lin_swaspr_txt_001695,track_a_fra_swa_linspr_txt_001695,lin,track_ab,high,0.03225806451612903,0.0,0.0,50
track_b_fra_lin_swaspr_txt_001270,track_a_fra_swa_linspr_txt_001270,lin,track_ab,medium,1.0,1.0,1.0,50
track_a_fra_swa_linspr_txt_003619,track_b_fra_lin_swaspr_txt_003619,lin,track_ab,high,0.045454545454545456,0.0,0.0,50
track_b_fra_lin_swaspr_txt_000606,track_a_fra_swa_linspr_txt_000606,lin,track_ab,high,1.0,1.0,1.0,50
track_b_fra_lin_swaspr_txt_003910,track_a_fra_swa_linspr_txt_003910,lin,track_ab,high,0.1,0.0,0.0,50
track_b_fra_lin_swaspr_txt_001970,track_a_fra_swa_linspr_txt_001970,lin,track_ab,medium,1.0,1.0,1.0,50
track_b_fra_lin_swaspr_txt_003918,track_a_fra_swa_linspr_txt_003918,lin,track_ab,medium,1.0,1.0,1.0,50
track_b_fra_lin_swaspr_txt_003087,track_a_fra_swa_linspr_txt_003087,lin,track_ab,high,1.0,1.0,1.0,50
track_b_fra_lin_swaspr_txt_003884,track_a_fra_swa_linspr_txt_003884,lin,track_ab,medium,0.3333333333333333,0.0,0.5,50
track_b_fra_lin_swaspr_txt_001966,track_a_fra_swa_linspr_txt_001966,lin,track_ab,medium,0.1,0.0,0.0,50
track_b_fra_lin_swaspr_txt_003797,track_a_fra_swa_linspr_txt_003797,lin,track_ab,high,1.0,1.0,1.0,50
track_b_fra_lin_swaspr_txt_003619,track_a_fra_swa_linspr_txt_003619,lin,track_ab,high,0.07142857142857142,0.0,0.0,50
track_b_fra_lin_swaspr_txt_001801,track_a_fra_swa_linspr_txt_001801,lin,track_ab,high,0.07692307692307693,0.0,0.0,50
track_b_fra_lin_swaspr_txt_001586,track_a_fra_swa_linspr_txt_001586,lin,track_ab,high,1.0,1.0,1.0,50
track_b_fra_lin_swaspr_txt_001402,track_a_fra_swa_linspr_txt_001402,lin,track_ab,high,0.037037037037037035,0.0,0.0,50
track_b_fra_lin_swaspr_txt_000888,track_a_fra_swa_linspr_txt_000888,lin,track_ab,medium,1.0,1.0,1.0,50
track_b_fra_lin_swaspr_txt_002066,track_a_fra_swa_linspr_txt_002066,lin,track_ab,medium,1.0,1.0,1.0,50
track_b_fra_lin_swaspr_txt_003731,track_a_fra_swa_linspr_txt_003731,lin,track_ab,high,1.0,1.0,1.0,50
track_b_fra_lin_swaspr_txt_001306,track_a_fra_swa_linspr_txt_001306,lin,track_ab,high,0.5,0.0,0.6309297535714575,50
track_b_fra_lin_swaspr_txt_002096,track_a_fra_swa_linspr_txt_002096,lin,track_ab,high,1.0,1.0,1.0,50
track_a_fra_swa_linspr_txt_002464,track_b_fra_lin_swaspr_txt_002464,swa,track_ab,medium,0.25,0.0,0.43067655807339306,50
track_a_fra_swa_linspr_txt_003119,track_b_fra_lin_swaspr_txt_003119,swa,track_ab,medium,1.0,1.0,1.0,50
track_a_fra_swa_linspr_txt_003851,track_b_fra_lin_swaspr_txt_003851,swa,track_ab,high,0.5,0.0,0.6309297535714575,50
track_a_fra_swa_linspr_txt_003866,track_b_fra_lin_swaspr_txt_003866,swa,track_ab,high,1.0,1.0,1.0,50
track_a_fra_swa_linspr_txt_002581,track_b_fra_lin_swaspr_txt_002581,swa,track_ab,medium,1.0,1.0,1.0,50
track_a_fra_swa_linspr_txt_001433,track_b_fra_lin_swaspr_txt_001433,swa,track_ab,medium,1.0,1.0,1.0,50
track_a_fra_swa_linspr_txt_001255,track_b_fra_lin_swaspr_txt_001255,swa,track_ab,high,1.0,1.0,1.0,50
track_a_fra_swa_linspr_txt_001543,track_b_fra_lin_swaspr_txt_001543,swa,track_ab,high,1.0,1.0,1.0,50
track_a_fra_swa_linspr_txt_001212,track_b_fra_lin_swaspr_txt_001212,swa,track_ab,high,0.3333333333333333,0.0,0.5,50
track_a_fra_swa_linspr_txt_000163,track_b_fra_lin_swaspr_txt_000163,swa,track_ab,high,0.25,0.0,0.43067655807339306,50
track_a_fra_swa_linspr_txt_000452,track_b_fra_lin_swaspr_txt_000452,swa,track_ab,high,1.0,1.0,1.0,50
track_a_fra_swa_linspr_txt_002415,track_b_fra_lin_swaspr_txt_002415,swa,track_ab,high,1.0,1.0,1.0,50
track_a_fra_swa_linspr_txt_000810,track_b_fra_lin_swaspr_txt_000810,swa,track_ab,high,0.5,0.0,0.6309297535714575,50
track_a_fra_swa_linspr_txt_002530,track_b_fra_lin_swaspr_txt_002530,swa,track_ab,high,0.5,0.0,0.6309297535714575,50
track_a_fra_swa_linspr_txt_002858,track_b_fra_lin_swaspr_txt_002858,swa,track_ab,high,1.0,1.0,1.0,50
track_a_fra_swa_linspr_txt_000595,track_b_fra_lin_swaspr_txt_000595,swa,track_ab,medium,1.0,1.0,1.0,50
track_a_fra_swa_linspr_txt_003731,track_b_fra_lin_swaspr_txt_003731,swa,track_ab,high,1.0,1.0,1.0,50
track_a_fra_swa_linspr_txt_002648,track_b_fra_lin_swaspr_txt_002648,swa,track_ab,high,0.5,0.0,0.6309297535714575,50
track_a_fra_swa_linspr_txt_003996,track_b_fra_lin_swaspr_txt_003996,swa,track_ab,high,0.07142857142857142,0.0,0.0,50
track_a_fra_swa_linspr_txt_002820,track_b_fra_lin_swaspr_txt_002820,swa,track_ab,high,1.0,1.0,1.0,50
track_a_fra_swa_linspr_txt_001632,track_b_fra_lin_swaspr_txt_001632,swa,track_ab,high,1.0,1.0,1.0,50
track_a_fra_swa_linspr_txt_001062,track_b_fra_lin_swaspr_txt_001062,swa,track_ab,high,1.0,1.0,1.0,50
track_a_fra_swa_linspr_txt_001059,track_b_fra_lin_swaspr_txt_001059,swa,track_ab,high,1.0,1.0,1.0,50
track_a_fra_swa_linspr_txt_003041,track_b_fra_lin_swaspr_txt_003041,swa,track_ab,high,1.0,1.0,1.0,50
track_a_fra_swa_linspr_txt_003319,track_b_fra_lin_swaspr_txt_003319,swa,track_ab,medium,1.0,1.0,1.0,50
track_a_fra_swa_linspr_txt_002982,track_b_fra_lin_swaspr_txt_002982,swa,track_ab,high,1.0,1.0,1.0,50
track_a_fra_swa_linspr_txt_003268,track_b_fra_lin_swaspr_txt_003268,swa,track_ab,medium,1.0,1.0,1.0,50
track_a_fra_swa_linspr_txt_001371,track_b_fra_lin_swaspr_txt_001371,swa,track_ab,medium,1.0,1.0,1.0,50
track_a_fra_swa_linspr_txt_002859,track_b_fra_lin_swaspr_txt_002859,swa,track_ab,medium,1.0,1.0,1.0,50
track_a_fra_swa_linspr_txt_003688,track_b_fra_lin_swaspr_txt_003688,swa,track_ab,high,1.0,1.0,1.0,50
track_a_fra_swa_linspr_txt_001807,track_b_fra_lin_swaspr_txt_001807,swa,track_ab,medium,1.0,1.0,1.0,50
track_a_fra_swa_linspr_txt_001689,track_b_fra_lin_swaspr_txt_001689,swa,track_ab,high,1.0,1.0,1.0,50
track_a_fra_swa_linspr_txt_003219,track_b_fra_lin_swaspr_txt_003219,swa,track_ab,medium,1.0,1.0,1.0,50
track_a_fra_swa_linspr_txt_000256,track_b_fra_lin_swaspr_txt_000256,swa,track_ab,high,1.0,1.0,1.0,50
track_a_fra_swa_linspr_txt_003931,track_b_fra_lin_swaspr_txt_003931,swa,track_ab,medium,1.0,1.0,1.0,50
track_a_fra_swa_linspr_txt_002070,track_b_fra_lin_swaspr_txt_002070,swa,track_ab,high,1.0,1.0,1.0,50
track_a_fra_swa_linspr_txt_001966,track_b_fra_lin_swaspr_txt_001966,swa,track_ab,medium,0.3333333333333333,0.0,0.5,50
track_a_fra_swa_linspr_txt_002411,track_b_fra_lin_swaspr_txt_002411,swa,track_ab,high,1.0,1.0,1.0,50
track_a_fra_swa_linspr_txt_002133,track_b_fra_lin_swaspr_txt_002133,swa,track_ab,medium,1.0,1.0,1.0,50
track_a_fra_swa_linspr_txt_002170,track_b_fra_lin_swaspr_txt_002170,swa,track_ab,high,1.0,1.0,1.0,50
track_a_fra_swa_linspr_txt_002295,track_b_fra_lin_swaspr_txt_002295,swa,track_ab,high,1.0,1.0,1.0,50
track_a_fra_swa_linspr_txt_000356,track_b_fra_lin_swaspr_txt_000356,swa,track_ab,high,1.0,1.0,1.0,50
track_a_fra_swa_linspr_txt_002405,track_b_fra_lin_swaspr_txt_002405,swa,track_ab,medium,1.0,1.0,1.0,50
track_a_fra_swa_linspr_txt_001270,track_b_fra_lin_swaspr_txt_001270,swa,track_ab,high,1.0,1.0,1.0,50
track_a_fra_swa_linspr_txt_003595,track_b_fra_lin_swaspr_txt_003595,swa,track_ab,high,0.5,0.0,0.6309297535714575,50
track_a_fra_swa_linspr_txt_001573,track_b_fra_lin_swaspr_txt_001573,swa,track_ab,high,1.0,1.0,1.0,50
track_a_fra_swa_linspr_txt_003282,track_b_fra_lin_swaspr_txt_003282,swa,track_ab,high,0.16666666666666666,0.0,0.0,50
track_a_fra_swa_linspr_txt_001295,track_b_fra_lin_swaspr_txt_001295,swa,track_ab,medium,1.0,1.0,1.0,50
track_a_fra_swa_linspr_txt_003543,track_b_fra_lin_swaspr_txt_003543,swa,track_ab,medium,1.0,1.0,1.0,50
track_a_fra_swa_linspr_txt_000399,track_b_fra_lin_swaspr_txt_000399,swa,track_ab,high,1.0,1.0,1.0,50
track_a_fra_swa_linspr_txt_003770,track_b_fra_lin_swaspr_txt_003770,swa,track_ab,high,1.0,1.0,1.0,50
track_a_fra_swa_linspr_txt_002503,track_b_fra_lin_swaspr_txt_002503,swa,track_ab,high,1.0,1.0,1.0,50
track_a_fra_swa_linspr_txt_001775,track_b_fra_lin_swaspr_txt_001775,swa,track_ab,high,0.5,0.0,0.6309297535714575,50
track_a_fra_swa_linspr_txt_001845,track_b_fra_lin_swaspr_txt_001845,swa,track_ab,medium,0.25,0.0,0.43067655807339306,50
track_a_fra_swa_linspr_txt_001907,track_b_fra_lin_swaspr_txt_001907,swa,track_ab,high,1.0,1.0,1.0,50
track_a_fra_swa_linspr_txt_001426,track_b_fra_lin_swaspr_txt_001426,swa,track_ab,high,1.0,1.0,1.0,50
track_a_fra_swa_linspr_txt_002191,track_b_fra_lin_swaspr_txt_002191,swa,track_ab,high,0.5,0.0,0.6309297535714575,50
track_a_fra_swa_linspr_txt_002251,track_b_fra_lin_swaspr_txt_002251,swa,track_ab,high,1.0,1.0,1.0,50
track_a_fra_swa_linspr_txt_001108,track_b_fra_lin_swaspr_txt_001108,swa,track_ab,medium,1.0,1.0,1.0,50
track_a_fra_swa_linspr_txt_002218,track_b_fra_lin_swaspr_txt_002218,swa,track_ab,medium,0.5,0.0,0.6309297535714575,50
track_a_fra_swa_linspr_txt_000682,track_b_fra_lin_swaspr_txt_000682,swa,track_ab,high,1.0,1.0,1.0,50
track_a_fra_swa_linspr_txt_000049,track_b_fra_lin_swaspr_txt_000049,swa,track_ab,high,0.5,0.0,0.6309297535714575,50
track_a_fra_swa_linspr_txt_001360,track_b_fra_lin_swaspr_txt_001360,swa,track_ab,medium,1.0,1.0,1.0,50
track_a_fra_swa_linspr_txt_003550,track_b_fra_lin_swaspr_txt_003550,swa,track_ab,medium,0.3333333333333333,0.0,0.5,50
track_a_fra_swa_linspr_txt_001400,track_b_fra_lin_swaspr_txt_001400,swa,track_ab,medium,1.0,1.0,1.0,50
track_a_fra_swa_linspr_txt_001316,track_b_fra_lin_swaspr_txt_001316,swa,track_ab,medium,1.0,1.0,1.0,50
track_a_fra_swa_linspr_txt_000945,track_b_fra_lin_swaspr_txt_000945,swa,track_ab,high,0.1,0.0,0.0,50
track_a_fra_swa_linspr_txt_002139,track_b_fra_lin_swaspr_txt_002139,swa,track_ab,medium,1.0,1.0,1.0,50
track_a_fra_swa_linspr_txt_001548,track_b_fra_lin_swaspr_txt_001548,swa,track_ab,high,1.0,1.0,1.0,50
track_a_fra_swa_linspr_txt_002690,track_b_fra_lin_swaspr_txt_002690,swa,track_ab,medium,1.0,1.0,1.0,50
track_a_fra_swa_linspr_txt_000616,track_b_fra_lin_swaspr_txt_000616,swa,track_ab,high,1.0,1.0,1.0,50
track_a_fra_swa_linspr_txt_002385,track_b_fra_lin_swaspr_txt_002385,swa,track_ab,high,1.0,1.0,1.0,50
track_a_fra_swa_linspr_txt_002174,track_b_fra_lin_swaspr_txt_002174,swa,track_ab,high,1.0,1.0,1.0,50
track_a_fra_swa_linspr_txt_001936,track_b_fra_lin_swaspr_txt_001936,swa,track_ab,high,0.07142857142857142,0.0,0.0,50
track_a_fra_swa_linspr_txt_002689,track_b_fra_lin_swaspr_txt_002689,swa,track_ab,high,1.0,1.0,1.0,50
track_a_fra_swa_linspr_txt_001041,track_b_fra_lin_swaspr_txt_001041,swa,track_ab,high,1.0,1.0,1.0,50
track_a_fra_swa_linspr_txt_003422,track_b_fra_lin_swaspr_txt_003422,swa,track_ab,medium,0.09090909090909091,0.0,0.0,50
track_a_fra_swa_linspr_txt_000633,track_b_fra_lin_swaspr_txt_000633,swa,track_ab,medium,1.0,1.0,1.0,50
track_a_fra_swa_linspr_txt_003803,track_b_fra_lin_swaspr_txt_003803,swa,track_ab,medium,1.0,1.0,1.0,50
track_a_fra_swa_linspr_txt_003387,track_b_fra_lin_swaspr_txt_003387,swa,track_ab,high,1.0,1.0,1.0,50
track_a_fra_swa_linspr_txt_002845,track_b_fra_lin_swaspr_txt_002845,swa,track_ab,high,0.3333333333333333,0.0,0.5,50
track_a_fra_swa_linspr_txt_002066,track_b_fra_lin_swaspr_txt_002066,swa,track_ab,high,1.0,1.0,1.0,50
track_a_fra_swa_linspr_txt_002000,track_b_fra_lin_swaspr_txt_002000,swa,track_ab,medium,1.0,1.0,1.0,50
track_a_fra_swa_linspr_txt_000190,track_b_fra_lin_swaspr_txt_000190,swa,track_ab,high,0.09090909090909091,0.0,0.0,50
track_a_fra_swa_linspr_txt_000586,track_b_fra_lin_swaspr_txt_000586,swa,track_ab,high,1.0,1.0,1.0,50
track_a_fra_swa_linspr_txt_001953,track_b_fra_lin_swaspr_txt_001953,swa,track_ab,medium,1.0,1.0,1.0,50
track_a_fra_swa_linspr_txt_001921,track_b_fra_lin_swaspr_txt_001921,swa,track_ab,high,1.0,1.0,1.0,50
track_a_fra_swa_linspr_txt_001060,track_b_fra_lin_swaspr_txt_001060,swa,track_ab,high,0.14285714285714285,0.0,0.0,50
track_a_fra_swa_linspr_txt_001759,track_b_fra_lin_swaspr_txt_001759,swa,track_ab,medium,1.0,1.0,1.0,50
track_a_fra_swa_linspr_txt_001310,track_b_fra_lin_swaspr_txt_001310,swa,track_ab,high,1.0,1.0,1.0,50
track_a_fra_swa_linspr_txt_001552,track_b_fra_lin_swaspr_txt_001552,swa,track_ab,high,1.0,1.0,1.0,50
track_a_fra_swa_linspr_txt_000879,track_b_fra_lin_swaspr_txt_000879,swa,track_ab,high,1.0,1.0,1.0,50
track_a_fra_swa_linspr_txt_003541,track_b_fra_lin_swaspr_txt_003541,swa,track_ab,medium,1.0,1.0,1.0,50
track_a_fra_swa_linspr_txt_000840,track_b_fra_lin_swaspr_txt_000840,swa,track_ab,medium,0.5,0.0,0.6309297535714575,50
track_a_fra_swa_linspr_txt_002084,track_b_fra_lin_swaspr_txt_002084,swa,track_ab,medium,1.0,1.0,1.0,50
track_a_fra_swa_linspr_txt_001463,track_b_fra_lin_swaspr_txt_001463,swa,track_ab,high,1.0,1.0,1.0,50
track_a_fra_swa_linspr_txt_002097,track_b_fra_lin_swaspr_txt_002097,swa,track_ab,high,0.09090909090909091,0.0,0.0,50
track_a_fra_swa_linspr_txt_003783,track_b_fra_lin_swaspr_txt_003783,swa,track_ab,high,1.0,1.0,1.0,50
track_a_fra_swa_linspr_txt_002801,track_b_fra_lin_swaspr_txt_002801,swa,track_ab,medium,1.0,1.0,1.0,50
track_a_fra_swa_linspr_txt_001761,track_b_fra_lin_swaspr_txt_001761,swa,track_ab,high,1.0,1.0,1.0,50
track_a_fra_swa_linspr_txt_000931,track_b_fra_lin_swaspr_txt_000931,swa,track_ab,high,1.0,1.0,1.0,50
track_a_fra_swa_linspr_txt_001792,track_b_fra_lin_swaspr_txt_001792,swa,track_ab,high,0.125,0.0,0.0,50
track_a_fra_swa_linspr_txt_001004,track_b_fra_lin_swaspr_txt_001004,swa,track_ab,high,0.5,0.0,0.6309297535714575,50
track_a_fra_swa_linspr_txt_003482,track_b_fra_lin_swaspr_txt_003482,swa,track_ab,high,1.0,1.0,1.0,50
track_a_fra_swa_linspr_txt_003393,track_b_fra_lin_swaspr_txt_003393,swa,track_ab,high,0.2,0.0,0.38685280723454163,50
track_a_fra_swa_linspr_txt_002128,track_b_fra_lin_swaspr_txt_002128,swa,track_ab,high,1.0,1.0,1.0,50
track_a_fra_swa_linspr_txt_003792,track_b_fra_lin_swaspr_txt_003792,swa,track_ab,medium,1.0,1.0,1.0,50
track_a_fra_swa_linspr_txt_000638,track_b_fra_lin_swaspr_txt_000638,swa,track_ab,medium,1.0,1.0,1.0,50
track_a_fra_swa_linspr_txt_001614,track_b_fra_lin_swaspr_txt_001614,swa,track_ab,high,1.0,1.0,1.0,50
track_a_fra_swa_linspr_txt_003442,track_b_fra_lin_swaspr_txt_003442,swa,track_ab,high,1.0,1.0,1.0,50
track_a_fra_swa_linspr_txt_002974,track_b_fra_lin_swaspr_txt_002974,swa,track_ab,high,1.0,1.0,1.0,50
track_a_fra_swa_linspr_txt_000481,track_b_fra_lin_swaspr_txt_000481,swa,track_ab,medium,1.0,1.0,1.0,50
track_a_fra_swa_linspr_txt_002417,track_b_fra_lin_swaspr_txt_002417,swa,track_ab,medium,1.0,1.0,1.0,50
track_a_fra_swa_linspr_txt_001854,track_b_fra_lin_swaspr_txt_001854,swa,track_ab,medium,1.0,1.0,1.0,50
track_a_fra_swa_linspr_txt_002186,track_b_fra_lin_swaspr_txt_002186,swa,track_ab,high,1.0,1.0,1.0,50
track_a_fra_swa_linspr_txt_000819,track_b_fra_lin_swaspr_txt_000819,swa,track_ab,high,0.14285714285714285,0.0,0.0,50
track_a_fra_swa_linspr_txt_001776,track_b_fra_lin_swaspr_txt_001776,swa,track_ab,high,0.5,0.0,0.6309297535714575,50
track_a_fra_swa_linspr_txt_001743,track_b_fra_lin_swaspr_txt_001743,swa,track_ab,high,0.034482758620689655,0.0,0.0,50
track_a_fra_swa_linspr_txt_001092,track_b_fra_lin_swaspr_txt_001092,swa,track_ab,high,0.08333333333333333,0.0,0.0,50
track_a_fra_swa_linspr_txt_002825,track_b_fra_lin_swaspr_txt_002825,swa,track_ab,high,1.0,1.0,1.0,50
track_a_fra_swa_linspr_txt_002928,track_b_fra_lin_swaspr_txt_002928,swa,track_ab,medium,1.0,1.0,1.0,50
track_a_fra_swa_linspr_txt_003370,track_b_fra_lin_swaspr_txt_003370,swa,track_ab,medium,1.0,1.0,1.0,50
track_a_fra_swa_linspr_txt_003087,track_b_fra_lin_swaspr_txt_003087,swa,track_ab,high,1.0,1.0,1.0,50
track_a_fra_swa_linspr_txt_001171,track_b_fra_lin_swaspr_txt_001171,swa,track_ab,high,0.06666666666666667,0.0,0.0,50
track_a_fra_swa_linspr_txt_001995,track_b_fra_lin_swaspr_txt_001995,swa,track_ab,high,1.0,1.0,1.0,50
track_a_fra_swa_linspr_txt_001072,track_b_fra_lin_swaspr_txt_001072,swa,track_ab,high,1.0,1.0,1.0,50
track_a_fra_swa_linspr_txt_000069,track_b_fra_lin_swaspr_txt_000069,swa,track_ab,high,0.05263157894736842,0.0,0.0,50
track_a_fra_swa_linspr_txt_002135,track_b_fra_lin_swaspr_txt_002135,swa,track_ab,medium,1.0,1.0,1.0,50
track_a_fra_swa_linspr_txt_000036,track_b_fra_lin_swaspr_txt_000036,swa,track_ab,high,0.3333333333333333,0.0,0.5,50
track_a_fra_swa_linspr_txt_000920,track_b_fra_lin_swaspr_txt_000920,swa,track_ab,high,1.0,1.0,1.0,50
track_a_fra_swa_linspr_txt_001370,track_b_fra_lin_swaspr_txt_001370,swa,track_ab,high,1.0,1.0,1.0,50
track_a_fra_swa_linspr_txt_003884,track_b_fra_lin_swaspr_txt_003884,swa,track_ab,medium,0.5,0.0,0.6309297535714575,50
track_a_fra_swa_linspr_txt_002639,track_b_fra_lin_swaspr_txt_002639,swa,track_ab,high,1.0,1.0,1.0,50
track_a_fra_swa_linspr_txt_000590,track_b_fra_lin_swaspr_txt_000590,swa,track_ab,medium,1.0,1.0,1.0,50
track_a_fra_swa_linspr_txt_001751,track_b_fra_lin_swaspr_txt_001751,swa,track_ab,high,1.0,1.0,1.0,50
track_a_fra_swa_linspr_txt_000072,track_b_fra_lin_swaspr_txt_000072,swa,track_ab,high,0.1,0.0,0.0,50
track_a_fra_swa_linspr_txt_001498,track_b_fra_lin_swaspr_txt_001498,swa,track_ab,medium,1.0,1.0,1.0,50
track_a_fra_swa_linspr_txt_003899,track_b_fra_lin_swaspr_txt_003899,swa,track_ab,high,1.0,1.0,1.0,50
track_a_fra_swa_linspr_txt_001672,track_b_fra_lin_swaspr_txt_001672,swa,track_ab,high,0.1,0.0,0.0,50
track_a_fra_swa_linspr_txt_003479,track_b_fra_lin_swaspr_txt_003479,swa,track_ab,high,0.14285714285714285,0.0,0.0,50
track_a_fra_swa_linspr_txt_001863,track_b_fra_lin_swaspr_txt_001863,swa,track_ab,medium,1.0,1.0,1.0,50
track_a_fra_swa_linspr_txt_000544,track_b_fra_lin_swaspr_txt_000544,swa,track_ab,medium,1.0,1.0,1.0,50
track_a_fra_swa_linspr_txt_003075,track_b_fra_lin_swaspr_txt_003075,swa,track_ab,high,1.0,1.0,1.0,50
track_a_fra_swa_linspr_txt_000927,track_b_fra_lin_swaspr_txt_000927,swa,track_ab,high,1.0,1.0,1.0,50
track_a_fra_swa_linspr_txt_002024,track_b_fra_lin_swaspr_txt_002024,swa,track_ab,high,1.0,1.0,1.0,50
track_a_fra_swa_linspr_txt_000839,track_b_fra_lin_swaspr_txt_000839,swa,track_ab,high,0.3333333333333333,0.0,0.5,50
track_a_fra_swa_linspr_txt_000744,track_b_fra_lin_swaspr_txt_000744,swa,track_ab,high,0.07142857142857142,0.0,0.0,50
track_a_fra_swa_linspr_txt_000901,track_b_fra_lin_swaspr_txt_000901,swa,track_ab,high,1.0,1.0,1.0,50
track_a_fra_swa_linspr_txt_003918,track_b_fra_lin_swaspr_txt_003918,swa,track_ab,high,1.0,1.0,1.0,50
track_a_fra_swa_linspr_txt_000051,track_b_fra_lin_swaspr_txt_000051,swa,track_ab,high,1.0,1.0,1.0,50
track_a_fra_swa_linspr_txt_003634,track_b_fra_lin_swaspr_txt_003634,swa,track_ab,high,1.0,1.0,1.0,50
track_a_fra_swa_linspr_txt_000132,track_b_fra_lin_swaspr_txt_000132,swa,track_ab,high,0.07692307692307693,0.0,0.0,50
track_a_fra_swa_linspr_txt_001695,track_b_fra_lin_swaspr_txt_001695,swa,track_ab,high,0.047619047619047616,0.0,0.0,50
track_a_fra_swa_linspr_txt_003286,track_b_fra_lin_swaspr_txt_003286,swa,track_ab,medium,1.0,1.0,1.0,50
track_a_fra_swa_linspr_txt_003661,track_b_fra_lin_swaspr_txt_003661,swa,track_ab,high,0.1,0.0,0.0,50
track_a_fra_swa_linspr_txt_001795,track_b_fra_lin_swaspr_txt_001795,swa,track_ab,medium,1.0,1.0,1.0,50
track_a_fra_swa_linspr_txt_003534,track_b_fra_lin_swaspr_txt_003534,swa,track_ab,high,1.0,1.0,1.0,50
track_a_fra_swa_linspr_txt_001575,track_b_fra_lin_swaspr_txt_001575,swa,track_ab,medium,1.0,1.0,1.0,50
track_a_fra_swa_linspr_txt_003665,track_b_fra_lin_swaspr_txt_003665,swa,track_ab,high,1.0,1.0,1.0,50
track_a_fra_swa_linspr_txt_003200,track_b_fra_lin_swaspr_txt_003200,swa,track_ab,high,1.0,1.0,1.0,50
track_a_fra_swa_linspr_txt_001261,track_b_fra_lin_swaspr_txt_001261,swa,track_ab,medium,0.5,0.0,0.6309297535714575,50
track_a_fra_swa_linspr_txt_002364,track_b_fra_lin_swaspr_txt_002364,swa,track_ab,medium,1.0,1.0,1.0,50
track_a_fra_swa_linspr_txt_002632,track_b_fra_lin_swaspr_txt_002632,swa,track_ab,high,1.0,1.0,1.0,50
track_a_fra_swa_linspr_txt_003331,track_b_fra_lin_swaspr_txt_003331,swa,track_ab,medium,0.5,0.0,0.6309297535714575,50
track_a_fra_swa_linspr_txt_000231,track_b_fra_lin_swaspr_txt_000231,swa,track_ab,medium,1.0,1.0,1.0,50
track_a_fra_swa_linspr_txt_002409,track_b_fra_lin_swaspr_txt_002409,swa,track_ab,high,1.0,1.0,1.0,50
track_a_fra_swa_linspr_txt_002654,track_b_fra_lin_swaspr_txt_002654,swa,track_ab,medium,1.0,1.0,1.0,50
track_a_fra_swa_linspr_txt_002169,track_b_fra_lin_swaspr_txt_002169,swa,track_ab,high,1.0,1.0,1.0,50
track_a_fra_swa_linspr_txt_003251,track_b_fra_lin_swaspr_txt_003251,swa,track_ab,high,1.0,1.0,1.0,50
track_a_fra_swa_linspr_txt_000953,track_b_fra_lin_swaspr_txt_000953,swa,track_ab,high,1.0,1.0,1.0,50
track_a_fra_swa_linspr_txt_003077,track_b_fra_lin_swaspr_txt_003077,swa,track_ab,high,1.0,1.0,1.0,50
track_a_fra_swa_linspr_txt_001437,track_b_fra_lin_swaspr_txt_001437,swa,track_ab,high,0.05263157894736842,0.0,0.0,50
track_a_fra_swa_linspr_txt_001142,track_b_fra_lin_swaspr_txt_001142,swa,track_ab,high,1.0,1.0,1.0,50
track_a_fra_swa_linspr_txt_000050,track_b_fra_lin_swaspr_txt_000050,swa,track_ab,high,1.0,1.0,1.0,50
track_a_fra_swa_linspr_txt_002096,track_b_fra_lin_swaspr_txt_002096,swa,track_ab,medium,1.0,1.0,1.0,50
track_a_fra_swa_linspr_txt_001861,track_b_fra_lin_swaspr_txt_001861,swa,track_ab,high,0.3333333333333333,0.0,0.5,50
track_a_fra_swa_linspr_txt_003063,track_b_fra_lin_swaspr_txt_003063,swa,track_ab,high,1.0,1.0,1.0,50
track_a_fra_swa_linspr_txt_001445,track_b_fra_lin_swaspr_txt_001445,swa,track_ab,high,1.0,1.0,1.0,50
track_a_fra_swa_linspr_txt_001869,track_b_fra_lin_swaspr_txt_001869,swa,track_ab,medium,0.1,0.0,0.0,50
track_a_fra_swa_linspr_txt_002743,track_b_fra_lin_swaspr_txt_002743,swa,track_ab,high,1.0,1.0,1.0,50
track_a_fra_swa_linspr_txt_002250,track_b_fra_lin_swaspr_txt_002250,swa,track_ab,high,0.1,0.0,0.0,50
track_a_fra_swa_linspr_txt_002468,track_b_fra_lin_swaspr_txt_002468,swa,track_ab,high,1.0,1.0,1.0,50
track_a_fra_swa_linspr_txt_002014,track_b_fra_lin_swaspr_txt_002014,swa,track_ab,medium,1.0,1.0,1.0,50
track_a_fra_swa_linspr_txt_002099,track_b_fra_lin_swaspr_txt_002099,swa,track_ab,high,1.0,1.0,1.0,50
track_a_fra_swa_linspr_txt_003795,track_b_fra_lin_swaspr_txt_003795,swa,track_ab,high,1.0,1.0,1.0,50
track_a_fra_swa_linspr_txt_000478,track_b_fra_lin_swaspr_txt_000478,swa,track_ab,high,0.25,0.0,0.43067655807339306,50
track_a_fra_swa_linspr_txt_003598,track_b_fra_lin_swaspr_txt_003598,swa,track_ab,high,0.2,0.0,0.38685280723454163,50
track_a_fra_swa_linspr_txt_002516,track_b_fra_lin_swaspr_txt_002516,swa,track_ab,high,1.0,1.0,1.0,50
track_a_fra_swa_linspr_txt_001935,track_b_fra_lin_swaspr_txt_001935,swa,track_ab,medium,1.0,1.0,1.0,50
track_a_fra_swa_linspr_txt_000985,track_b_fra_lin_swaspr_txt_000985,swa,track_ab,high,1.0,1.0,1.0,50
track_a_fra_swa_linspr_txt_003084,track_b_fra_lin_swaspr_txt_003084,swa,track_ab,high,0.3333333333333333,0.0,0.5,50
track_a_fra_swa_linspr_txt_001858,track_b_fra_lin_swaspr_txt_001858,swa,track_ab,medium,0.5,0.0,0.6309297535714575,50
track_a_fra_swa_linspr_txt_001478,track_b_fra_lin_swaspr_txt_001478,swa,track_ab,high,1.0,1.0,1.0,50
track_a_fra_swa_linspr_txt_002608,track_b_fra_lin_swaspr_txt_002608,swa,track_ab,high,1.0,1.0,1.0,50
track_a_fra_swa_linspr_txt_002122,track_b_fra_lin_swaspr_txt_002122,swa,track_ab,medium,1.0,1.0,1.0,50
track_a_fra_swa_linspr_txt_000559,track_b_fra_lin_swaspr_txt_000559,swa,track_ab,high,1.0,1.0,1.0,50
track_a_fra_swa_linspr_txt_002063,track_b_fra_lin_swaspr_txt_002063,swa,track_ab,high,1.0,1.0,1.0,50
track_a_fra_swa_linspr_txt_000227,track_b_fra_lin_swaspr_txt_000227,swa,track_ab,high,1.0,1.0,1.0,50
track_a_fra_swa_linspr_txt_000878,track_b_fra_lin_swaspr_txt_000878,swa,track_ab,high,0.25,0.0,0.43067655807339306,50
track_a_fra_swa_linspr_txt_000888,track_b_fra_lin_swaspr_txt_000888,swa,track_ab,high,1.0,1.0,1.0,50
track_a_fra_swa_linspr_txt_002261,track_b_fra_lin_swaspr_txt_002261,swa,track_ab,high,0.5,0.0,0.6309297535714575,50
track_a_fra_swa_linspr_txt_003475,track_b_fra_lin_swaspr_txt_003475,swa,track_ab,medium,0.5,0.0,0.6309297535714575,50
track_a_fra_swa_linspr_txt_000266,track_b_fra_lin_swaspr_txt_000266,swa,track_ab,high,1.0,1.0,1.0,50
track_a_fra_swa_linspr_txt_003568,track_b_fra_lin_swaspr_txt_003568,swa,track_ab,medium,1.0,1.0,1.0,50
track_a_fra_swa_linspr_txt_000175,track_b_fra_lin_swaspr_txt_000175,swa,track_ab,medium,0.25,0.0,0.43067655807339306,50
track_a_fra_swa_linspr_txt_003549,track_b_fra_lin_swaspr_txt_003549,swa,track_ab,high,1.0,1.0,1.0,50
track_a_fra_swa_linspr_txt_003392,track_b_fra_lin_swaspr_txt_003392,swa,track_ab,high,0.5,0.0,0.6309297535714575,50
track_a_fra_swa_linspr_txt_002921,track_b_fra_lin_swaspr_txt_002921,swa,track_ab,medium,0.2,0.0,0.38685280723454163,50
track_a_fra_swa_linspr_txt_001698,track_b_fra_lin_swaspr_txt_001698,swa,track_ab,medium,1.0,1.0,1.0,50
track_a_fra_swa_linspr_txt_001537,track_b_fra_lin_swaspr_txt_001537,swa,track_ab,medium,1.0,1.0,1.0,50
track_a_fra_swa_linspr_txt_001744,track_b_fra_lin_swaspr_txt_001744,swa,track_ab,high,1.0,1.0,1.0,50
track_a_fra_swa_linspr_txt_000861,track_b_fra_lin_swaspr_txt_000861,swa,track_ab,high,0.1,0.0,0.0,50
track_a_fra_swa_linspr_txt_002389,track_b_fra_lin_swaspr_txt_002389,swa,track_ab,high,1.0,1.0,1.0,50
track_a_fra_swa_linspr_txt_000359,track_b_fra_lin_swaspr_txt_000359,swa,track_ab,high,0.07692307692307693,0.0,0.0,50
track_a_fra_swa_linspr_txt_001324,track_b_fra_lin_swaspr_txt_001324,swa,track_ab,medium,1.0,1.0,1.0,50
track_a_fra_swa_linspr_txt_000300,track_b_fra_lin_swaspr_txt_000300,swa,track_ab,high,1.0,1.0,1.0,50
track_a_fra_swa_linspr_txt_002836,track_b_fra_lin_swaspr_txt_002836,swa,track_ab,high,0.125,0.0,0.0,50
track_a_fra_swa_linspr_txt_000670,track_b_fra_lin_swaspr_txt_000670,swa,track_ab,medium,0.09090909090909091,0.0,0.0,50
track_a_fra_swa_linspr_txt_000084,track_b_fra_lin_swaspr_txt_000084,swa,track_ab,high,0.5,0.0,0.6309297535714575,50
track_a_fra_swa_linspr_txt_000083,track_b_fra_lin_swaspr_txt_000083,swa,track_ab,high,1.0,1.0,1.0,50
track_a_fra_swa_linspr_txt_003966,track_b_fra_lin_swaspr_txt_003966,swa,track_ab,medium,1.0,1.0,1.0,50
track_a_fra_swa_linspr_txt_003271,track_b_fra_lin_swaspr_txt_003271,swa,track_ab,high,1.0,1.0,1.0,50
track_a_fra_swa_linspr_txt_003270,track_b_fra_lin_swaspr_txt_003270,swa,track_ab,medium,1.0,1.0,1.0,50
track_a_fra_swa_linspr_txt_001748,track_b_fra_lin_swaspr_txt_001748,swa,track_ab,high,1.0,1.0,1.0,50
track_a_fra_swa_linspr_txt_003958,track_b_fra_lin_swaspr_txt_003958,swa,track_ab,high,0.5,0.0,0.6309297535714575,50
track_a_fra_swa_linspr_txt_001357,track_b_fra_lin_swaspr_txt_001357,swa,track_ab,medium,1.0,1.0,1.0,50
track_a_fra_swa_linspr_txt_003724,track_b_fra_lin_swaspr_txt_003724,swa,track_ab,medium,1.0,1.0,1.0,50
track_a_fra_swa_linspr_txt_001745,track_b_fra_lin_swaspr_txt_001745,swa,track_ab,medium,1.0,1.0,1.0,50
track_a_fra_swa_linspr_txt_001169,track_b_fra_lin_swaspr_txt_001169,swa,track_ab,high,1.0,1.0,1.0,50
track_a_fra_swa_linspr_txt_002423,track_b_fra_lin_swaspr_txt_002423,swa,track_ab,high,1.0,1.0,1.0,50
track_a_fra_swa_linspr_txt_002596,track_b_fra_lin_swaspr_txt_002596,swa,track_ab,medium,1.0,1.0,1.0,50
track_a_fra_swa_linspr_txt_000845,track_b_fra_lin_swaspr_txt_000845,swa,track_ab,high,1.0,1.0,1.0,50
track_a_fra_swa_linspr_txt_003039,track_b_fra_lin_swaspr_txt_003039,swa,track_ab,medium,1.0,1.0,1.0,50
track_a_fra_swa_linspr_txt_000924,track_b_fra_lin_swaspr_txt_000924,swa,track_ab,high,1.0,1.0,1.0,50
track_a_fra_swa_linspr_txt_001242,track_b_fra_lin_swaspr_txt_001242,swa,track_ab,high,1.0,1.0,1.0,50
track_a_fra_swa_linspr_txt_000421,track_b_fra_lin_swaspr_txt_000421,swa,track_ab,high,0.5,0.0,0.6309297535714575,50
track_a_fra_swa_linspr_txt_002450,track_b_fra_lin_swaspr_txt_002450,swa,track_ab,high,1.0,1.0,1.0,50
track_a_fra_swa_linspr_txt_003403,track_b_fra_lin_swaspr_txt_003403,swa,track_ab,medium,1.0,1.0,1.0,50
track_a_fra_swa_linspr_txt_001942,track_b_fra_lin_swaspr_txt_001942,swa,track_ab,high,1.0,1.0,1.0,50
track_a_fra_swa_linspr_txt_003992,track_b_fra_lin_swaspr_txt_003992,swa,track_ab,medium,1.0,1.0,1.0,50
track_a_fra_swa_linspr_txt_002377,track_b_fra_lin_swaspr_txt_002377,swa,track_ab,medium,1.0,1.0,1.0,50
track_a_fra_swa_linspr_txt_003928,track_b_fra_lin_swaspr_txt_003928,swa,track_ab,high,0.3333333333333333,0.0,0.5,50
track_a_fra_swa_linspr_txt_001992,track_b_fra_lin_swaspr_txt_001992,swa,track_ab,medium,1.0,1.0,1.0,50
track_a_fra_swa_linspr_txt_002271,track_b_fra_lin_swaspr_txt_002271,swa,track_ab,high,0.07142857142857142,0.0,0.0,50
track_a_fra_swa_linspr_txt_000885,track_b_fra_lin_swaspr_txt_000885,swa,track_ab,high,1.0,1.0,1.0,50
track_a_fra_swa_linspr_txt_002996,track_b_fra_lin_swaspr_txt_002996,swa,track_ab,high,1.0,1.0,1.0,50
track_a_fra_swa_linspr_txt_001154,track_b_fra_lin_swaspr_txt_001154,swa,track_ab,high,1.0,1.0,1.0,50
track_a_fra_swa_linspr_txt_000909,track_b_fra_lin_swaspr_txt_000909,swa,track_ab,medium,1.0,1.0,1.0,50
track_a_fra_swa_linspr_txt_003617,track_b_fra_lin_swaspr_txt_003617,swa,track_ab,medium,1.0,1.0,1.0,50
track_a_fra_swa_linspr_txt_003216,track_b_fra_lin_swaspr_txt_003216,swa,track_ab,high,0.5,0.0,0.6309297535714575,50
track_a_fra_swa_linspr_txt_003223,track_b_fra_lin_swaspr_txt_003223,swa,track_ab,medium,1.0,1.0,1.0,50
track_a_fra_swa_linspr_txt_001385,track_b_fra_lin_swaspr_txt_001385,swa,track_ab,high,1.0,1.0,1.0,50
track_a_fra_swa_linspr_txt_000327,track_b_fra_lin_swaspr_txt_000327,swa,track_ab,medium,1.0,1.0,1.0,50
track_a_fra_swa_linspr_txt_001334,track_b_fra_lin_swaspr_txt_001334,swa,track_ab,high,1.0,1.0,1.0,50
track_a_fra_swa_linspr_txt_001531,track_b_fra_lin_swaspr_txt_001531,swa,track_ab,medium,1.0,1.0,1.0,50
track_a_fra_swa_linspr_txt_001114,track_b_fra_lin_swaspr_txt_001114,swa,track_ab,medium,1.0,1.0,1.0,50
track_a_fra_swa_linspr_txt_002053,track_b_fra_lin_swaspr_txt_002053,swa,track_ab,high,0.14285714285714285,0.0,0.0,50
track_a_fra_swa_linspr_txt_002283,track_b_fra_lin_swaspr_txt_002283,swa,track_ab,medium,1.0,1.0,1.0,50
track_a_fra_swa_linspr_txt_000632,track_b_fra_lin_swaspr_txt_000632,swa,track_ab,medium,1.0,1.0,1.0,50
track_a_fra_swa_linspr_txt_003112,track_b_fra_lin_swaspr_txt_003112,swa,track_ab,high,1.0,1.0,1.0,50
track_a_fra_swa_linspr_txt_003781,track_b_fra_lin_swaspr_txt_003781,swa,track_ab,high,1.0,1.0,1.0,50
track_a_fra_swa_linspr_txt_002270,track_b_fra_lin_swaspr_txt_002270,swa,track_ab,high,1.0,1.0,1.0,50
track_a_fra_swa_linspr_txt_003454,track_b_fra_lin_swaspr_txt_003454,swa,track_ab,high,0.0625,0.0,0.0,50
track_a_fra_swa_linspr_txt_001364,track_b_fra_lin_swaspr_txt_001364,swa,track_ab,medium,1.0,1.0,1.0,50
track_a_fra_swa_linspr_txt_000216,track_b_fra_lin_swaspr_txt_000216,swa,track_ab,high,1.0,1.0,1.0,50
track_a_fra_swa_linspr_txt_001574,track_b_fra_lin_swaspr_txt_001574,swa,track_ab,high,0.5,0.0,0.6309297535714575,50
track_a_fra_swa_linspr_txt_003777,track_b_fra_lin_swaspr_txt_003777,swa,track_ab,high,0.06666666666666667,0.0,0.0,50
track_a_fra_swa_linspr_txt_002175,track_b_fra_lin_swaspr_txt_002175,swa,track_ab,high,1.0,1.0,1.0,50
track_a_fra_swa_linspr_txt_002113,track_b_fra_lin_swaspr_txt_002113,swa,track_ab,medium,0.5,0.0,0.6309297535714575,50
track_a_fra_swa_linspr_txt_000376,track_b_fra_lin_swaspr_txt_000376,swa,track_ab,high,1.0,1.0,1.0,50
track_a_fra_swa_linspr_txt_003182,track_b_fra_lin_swaspr_txt_003182,swa,track_ab,high,1.0,1.0,1.0,50
track_a_fra_swa_linspr_txt_001198,track_b_fra_lin_swaspr_txt_001198,swa,track_ab,high,0.05555555555555555,0.0,0.0,50
track_a_fra_swa_linspr_txt_000579,track_b_fra_lin_swaspr_txt_000579,swa,track_ab,high,1.0,1.0,1.0,50
track_a_fra_swa_linspr_txt_000168,track_b_fra_lin_swaspr_txt_000168,swa,track_ab,high,1.0,1.0,1.0,50
track_a_fra_swa_linspr_txt_002300,track_b_fra_lin_swaspr_txt_002300,swa,track_ab,high,0.16666666666666666,0.0,0.0,50
track_a_fra_swa_linspr_txt_002332,track_b_fra_lin_swaspr_txt_002332,swa,track_ab,high,0.1,0.0,0.0,50
track_a_fra_swa_linspr_txt_003756,track_b_fra_lin_swaspr_txt_003756,swa,track_ab,high,1.0,1.0,1.0,50
track_a_fra_swa_linspr_txt_001029,track_b_fra_lin_swaspr_txt_001029,swa,track_ab,medium,1.0,1.0,1.0,50
track_a_fra_swa_linspr_txt_000608,track_b_fra_lin_swaspr_txt_000608,swa,track_ab,medium,1.0,1.0,1.0,50
track_a_fra_swa_linspr_txt_002196,track_b_fra_lin_swaspr_txt_002196,swa,track_ab,high,1.0,1.0,1.0,50
track_a_fra_swa_linspr_txt_003887,track_b_fra_lin_swaspr_txt_003887,swa,track_ab,medium,1.0,1.0,1.0,50
track_a_fra_swa_linspr_txt_001402,track_b_fra_lin_swaspr_txt_001402,swa,track_ab,high,0.0625,0.0,0.0,50
track_a_fra_swa_linspr_txt_000726,track_b_fra_lin_swaspr_txt_000726,swa,track_ab,medium,1.0,1.0,1.0,50
track_a_fra_swa_linspr_txt_001611,track_b_fra_lin_swaspr_txt_001611,swa,track_ab,medium,1.0,1.0,1.0,50
track_a_fra_swa_linspr_txt_001490,track_b_fra_lin_swaspr_txt_001490,swa,track_ab,high,1.0,1.0,1.0,50
track_a_fra_swa_linspr_txt_000277,track_b_fra_lin_swaspr_txt_000277,swa,track_ab,high,1.0,1.0,1.0,50
track_a_fra_swa_linspr_txt_000612,track_b_fra_lin_swaspr_txt_000612,swa,track_ab,high,0.08333333333333333,0.0,0.0,50
track_a_fra_swa_linspr_txt_002104,track_b_fra_lin_swaspr_txt_002104,swa,track_ab,medium,1.0,1.0,1.0,50
track_a_fra_swa_linspr_txt_000961,track_b_fra_lin_swaspr_txt_000961,swa,track_ab,high,0.0625,0.0,0.0,50
track_a_fra_swa_linspr_txt_003291,track_b_fra_lin_swaspr_txt_003291,swa,track_ab,medium,1.0,1.0,1.0,50
track_a_fra_swa_linspr_txt_003733,track_b_fra_lin_swaspr_txt_003733,swa,track_ab,medium,1.0,1.0,1.0,50
track_a_fra_swa_linspr_txt_000892,track_b_fra_lin_swaspr_txt_000892,swa,track_ab,high,1.0,1.0,1.0,50
track_a_fra_swa_linspr_txt_003860,track_b_fra_lin_swaspr_txt_003860,swa,track_ab,medium,1.0,1.0,1.0,50
track_a_fra_swa_linspr_txt_002956,track_b_fra_lin_swaspr_txt_002956,swa,track_ab,high,1.0,1.0,1.0,50
track_a_fra_swa_linspr_txt_000912,track_b_fra_lin_swaspr_txt_000912,swa,track_ab,medium,1.0,1.0,1.0,50
track_a_fra_swa_linspr_txt_000353,track_b_fra_lin_swaspr_txt_000353,swa,track_ab,high,0.05555555555555555,0.0,0.0,50
track_a_fra_swa_linspr_txt_002140,track_b_fra_lin_swaspr_txt_002140,swa,track_ab,medium,0.2,0.0,0.38685280723454163,50
track_a_fra_swa_linspr_txt_003983,track_b_fra_lin_swaspr_txt_003983,swa,track_ab,high,0.1,0.0,0.0,50
track_a_fra_swa_linspr_txt_003048,track_b_fra_lin_swaspr_txt_003048,swa,track_ab,high,1.0,1.0,1.0,50
track_a_fra_swa_linspr_txt_000812,track_b_fra_lin_swaspr_txt_000812,swa,track_ab,medium,1.0,1.0,1.0,50
track_a_fra_swa_linspr_txt_001542,track_b_fra_lin_swaspr_txt_001542,swa,track_ab,high,1.0,1.0,1.0,50
track_a_fra_swa_linspr_txt_001970,track_b_fra_lin_swaspr_txt_001970,swa,track_ab,medium,1.0,1.0,1.0,50
track_a_fra_swa_linspr_txt_001215,track_b_fra_lin_swaspr_txt_001215,swa,track_ab,high,1.0,1.0,1.0,50
track_a_fra_swa_linspr_txt_003180,track_b_fra_lin_swaspr_txt_003180,swa,track_ab,high,1.0,1.0,1.0,50
track_a_fra_swa_linspr_txt_001686,track_b_fra_lin_swaspr_txt_001686,swa,track_ab,medium,1.0,1.0,1.0,50
track_a_fra_swa_linspr_txt_000869,track_b_fra_lin_swaspr_txt_000869,swa,track_ab,high,0.09090909090909091,0.0,0.0,50
track_a_fra_swa_linspr_txt_000041,track_b_fra_lin_swaspr_txt_000041,swa,track_ab,high,1.0,1.0,1.0,50
track_a_fra_swa_linspr_txt_000606,track_b_fra_lin_swaspr_txt_000606,swa,track_ab,medium,1.0,1.0,1.0,50
track_a_fra_swa_linspr_txt_003797,track_b_fra_lin_swaspr_txt_003797,swa,track_ab,medium,0.5,0.0,0.6309297535714575,50
track_a_fra_swa_linspr_txt_001734,track_b_fra_lin_swaspr_txt_001734,swa,track_ab,medium,1.0,1.0,1.0,50
track_a_fra_swa_linspr_txt_002236,track_b_fra_lin_swaspr_txt_002236,swa,track_ab,high,0.5,0.0,0.6309297535714575,50
track_a_fra_swa_linspr_txt_003439,track_b_fra_lin_swaspr_txt_003439,swa,track_ab,high,0.058823529411764705,0.0,0.0,50
track_a_fra_swa_linspr_txt_003597,track_b_fra_lin_swaspr_txt_003597,swa,track_ab,high,0.3333333333333333,0.0,0.5,50
track_a_fra_swa_linspr_txt_002793,track_b_fra_lin_swaspr_txt_002793,swa,track_ab,high,1.0,1.0,1.0,50
track_a_fra_swa_linspr_txt_002165,track_b_fra_lin_swaspr_txt_002165,swa,track_ab,medium,1.0,1.0,1.0,50
track_a_fra_swa_linspr_txt_003293,track_b_fra_lin_swaspr_txt_003293,swa,track_ab,high,1.0,1.0,1.0,50
track_a_fra_swa_linspr_txt_000062,track_b_fra_lin_swaspr_txt_000062,swa,track_ab,high,0.5,0.0,0.6309297535714575,50
track_a_fra_swa_linspr_txt_003960,track_b_fra_lin_swaspr_txt_003960,swa,track_ab,high,1.0,1.0,1.0,50
track_a_fra_swa_linspr_txt_003963,track_b_fra_lin_swaspr_txt_003963,swa,track_ab,high,0.5,0.0,0.6309297535714575,50
track_a_fra_swa_linspr_txt_000533,track_b_fra_lin_swaspr_txt_000533,swa,track_ab,high,1.0,1.0,1.0,50
track_a_fra_swa_linspr_txt_002231,track_b_fra_lin_swaspr_txt_002231,swa,track_ab,medium,1.0,1.0,1.0,50
track_a_fra_swa_linspr_txt_002878,track_b_fra_lin_swaspr_txt_002878,swa,track_ab,high,1.0,1.0,1.0,50
track_a_fra_swa_linspr_txt_002803,track_b_fra_lin_swaspr_txt_002803,swa,track_ab,high,0.3333333333333333,0.0,0.5,50
track_a_fra_swa_linspr_txt_003201,track_b_fra_lin_swaspr_txt_003201,swa,track_ab,medium,1.0,1.0,1.0,50
track_a_fra_swa_linspr_txt_003938,track_b_fra_lin_swaspr_txt_003938,swa,track_ab,medium,1.0,1.0,1.0,50
track_a_fra_swa_linspr_txt_000899,track_b_fra_lin_swaspr_txt_000899,swa,track_ab,medium,1.0,1.0,1.0,50
track_a_fra_swa_linspr_txt_001367,track_b_fra_lin_swaspr_txt_001367,swa,track_ab,high,0.5,0.0,0.6309297535714575,50
track_a_fra_swa_linspr_txt_002837,track_b_fra_lin_swaspr_txt_002837,swa,track_ab,high,1.0,1.0,1.0,50
track_a_fra_swa_linspr_txt_003188,track_b_fra_lin_swaspr_txt_003188,swa,track_ab,medium,1.0,1.0,1.0,50
track_a_fra_swa_linspr_txt_001338,track_b_fra_lin_swaspr_txt_001338,swa,track_ab,high,1.0,1.0,1.0,50
track_a_fra_swa_linspr_txt_001806,track_b_fra_lin_swaspr_txt_001806,swa,track_ab,high,0.5,0.0,0.6309297535714575,50
track_a_fra_swa_linspr_txt_002294,track_b_fra_lin_swaspr_txt_002294,swa,track_ab,high,1.0,1.0,1.0,50
track_a_fra_swa_linspr_txt_002587,track_b_fra_lin_swaspr_txt_002587,swa,track_ab,high,1.0,1.0,1.0,50
track_a_fra_swa_linspr_txt_000738,track_b_fra_lin_swaspr_txt_000738,swa,track_ab,high,1.0,1.0,1.0,50
track_a_fra_swa_linspr_txt_001145,track_b_fra_lin_swaspr_txt_001145,swa,track_ab,high,1.0,1.0,1.0,50
track_a_fra_swa_linspr_txt_000166,track_b_fra_lin_swaspr_txt_000166,swa,track_ab,high,1.0,1.0,1.0,50
track_a_fra_swa_linspr_txt_000461,track_b_fra_lin_swaspr_txt_000461,swa,track_ab,high,1.0,1.0,1.0,50
track_a_fra_swa_linspr_txt_001586,track_b_fra_lin_swaspr_txt_001586,swa,track_ab,high,1.0,1.0,1.0,50
track_a_fra_swa_linspr_txt_003991,track_b_fra_lin_swaspr_txt_003991,swa,track_ab,medium,1.0,1.0,1.0,50
track_a_fra_swa_linspr_txt_002023,track_b_fra_lin_swaspr_txt_002023,swa,track_ab,medium,0.08333333333333333,0.0,0.0,50
track_a_fra_swa_linspr_txt_003507,track_b_fra_lin_swaspr_txt_003507,swa,track_ab,medium,0.5,0.0,0.6309297535714575,50
track_a_fra_swa_linspr_txt_000831,track_b_fra_lin_swaspr_txt_000831,swa,track_ab,high,0.1,0.0,0.0,50
track_a_fra_swa_linspr_txt_000314,track_b_fra_lin_swaspr_txt_000314,swa,track_ab,high,0.045454545454545456,0.0,0.0,50
track_a_fra_swa_linspr_txt_001626,track_b_fra_lin_swaspr_txt_001626,swa,track_ab,high,0.5,0.0,0.6309297535714575,50
track_a_fra_swa_linspr_txt_001249,track_b_fra_lin_swaspr_txt_001249,swa,track_ab,high,1.0,1.0,1.0,50
track_a_fra_swa_linspr_txt_003988,track_b_fra_lin_swaspr_txt_003988,swa,track_ab,medium,1.0,1.0,1.0,50
track_a_fra_swa_linspr_txt_002510,track_b_fra_lin_swaspr_txt_002510,swa,track_ab,medium,1.0,1.0,1.0,50
track_a_fra_swa_linspr_txt_002623,track_b_fra_lin_swaspr_txt_002623,swa,track_ab,high,1.0,1.0,1.0,50
track_a_fra_swa_linspr_txt_001932,track_b_fra_lin_swaspr_txt_001932,swa,track_ab,high,1.0,1.0,1.0,50
track_a_fra_swa_linspr_txt_001801,track_b_fra_lin_swaspr_txt_001801,swa,track_ab,medium,0.08333333333333333,0.0,0.0,50
track_a_fra_swa_linspr_txt_003107,track_b_fra_lin_swaspr_txt_003107,swa,track_ab,high,1.0,1.0,1.0,50
track_a_fra_swa_linspr_txt_003218,track_b_fra_lin_swaspr_txt_003218,swa,track_ab,high,0.5,0.0,0.6309297535714575,50
track_a_fra_swa_linspr_txt_000498,track_b_fra_lin_swaspr_txt_000498,swa,track_ab,high,1.0,1.0,1.0,50
track_a_fra_swa_linspr_txt_001472,track_b_fra_lin_swaspr_txt_001472,swa,track_ab,medium,0.5,0.0,0.6309297535714575,50
track_a_fra_swa_linspr_txt_000010,track_b_fra_lin_swaspr_txt_000010,swa,track_ab,medium,0.5,0.0,0.6309297535714575,50
track_a_fra_swa_linspr_txt_001910,track_b_fra_lin_swaspr_txt_001910,swa,track_ab,high,1.0,1.0,1.0,50
track_a_fra_swa_linspr_txt_002459,track_b_fra_lin_swaspr_txt_002459,swa,track_ab,high,1.0,1.0,1.0,50
track_a_fra_swa_linspr_txt_001260,track_b_fra_lin_swaspr_txt_001260,swa,track_ab,high,0.5,0.0,0.6309297535714575,50
track_a_fra_swa_linspr_txt_002008,track_b_fra_lin_swaspr_txt_002008,swa,track_ab,medium,1.0,1.0,1.0,50
track_a_fra_swa_linspr_txt_002314,track_b_fra_lin_swaspr_txt_002314,swa,track_ab,high,1.0,1.0,1.0,50
track_a_fra_swa_linspr_txt_002060,track_b_fra_lin_swaspr_txt_002060,swa,track_ab,high,1.0,1.0,1.0,50
track_a_fra_swa_linspr_txt_000144,track_b_fra_lin_swaspr_txt_000144,swa,track_ab,medium,0.3333333333333333,0.0,0.5,50
track_a_fra_swa_linspr_txt_003910,track_b_fra_lin_swaspr_txt_003910,swa,track_ab,high,0.5,0.0,0.6309297535714575,50
track_a_fra_swa_linspr_txt_003283,track_b_fra_lin_swaspr_txt_003283,swa,track_ab,medium,1.0,1.0,1.0,50
track_a_fra_swa_linspr_txt_001882,track_b_fra_lin_swaspr_txt_001882,swa,track_ab,medium,1.0,1.0,1.0,50
track_a_fra_swa_linspr_txt_001274,track_b_fra_lin_swaspr_txt_001274,swa,track_ab,medium,1.0,1.0,1.0,50
track_a_fra_swa_linspr_txt_003314,track_b_fra_lin_swaspr_txt_003314,swa,track_ab,high,0.5,0.0,0.6309297535714575,50
track_a_fra_swa_linspr_txt_003005,track_b_fra_lin_swaspr_txt_003005,swa,track_ab,high,1.0,1.0,1.0,50
track_a_fra_swa_linspr_txt_002957,track_b_fra_lin_swaspr_txt_002957,swa,track_ab,high,1.0,1.0,1.0,50
track_a_fra_swa_linspr_txt_000496,track_b_fra_lin_swaspr_txt_000496,swa,track_ab,high,1.0,1.0,1.0,50
track_a_fra_swa_linspr_txt_002262,track_b_fra_lin_swaspr_txt_002262,swa,track_ab,high,1.0,1.0,1.0,50
track_a_fra_swa_linspr_txt_002049,track_b_fra_lin_swaspr_txt_002049,swa,track_ab,high,1.0,1.0,1.0,50
track_a_fra_swa_linspr_txt_001128,track_b_fra_lin_swaspr_txt_001128,swa,track_ab,medium,0.5,0.0,0.6309297535714575,50
track_a_fra_swa_linspr_txt_002747,track_b_fra_lin_swaspr_txt_002747,swa,track_ab,high,1.0,1.0,1.0,50
track_a_fra_swa_linspr_txt_002474,track_b_fra_lin_swaspr_txt_002474,swa,track_ab,high,1.0,1.0,1.0,50
track_a_fra_swa_linspr_txt_002806,track_b_fra_lin_swaspr_txt_002806,swa,track_ab,medium,1.0,1.0,1.0,50
track_a_fra_swa_linspr_txt_002233,track_b_fra_lin_swaspr_txt_002233,swa,track_ab,medium,1.0,1.0,1.0,50
track_a_fra_swa_linspr_txt_001485,track_b_fra_lin_swaspr_txt_001485,swa,track_ab,high,0.25,0.0,0.43067655807339306,50
track_a_fra_swa_linspr_txt_001197,track_b_fra_lin_swaspr_txt_001197,swa,track_ab,high,1.0,1.0,1.0,50
track_a_fra_swa_linspr_txt_000764,track_b_fra_lin_swaspr_txt_000764,swa,track_ab,high,1.0,1.0,1.0,50
track_a_fra_swa_linspr_txt_000999,track_b_fra_lin_swaspr_txt_000999,swa,track_ab,medium,1.0,1.0,1.0,50
track_a_fra_swa_linspr_txt_001306,track_b_fra_lin_swaspr_txt_001306,swa,track_ab,medium,1.0,1.0,1.0,50
track_a_fra_swa_linspr_txt_000842,track_b_fra_lin_swaspr_txt_000842,swa,track_ab,medium,1.0,1.0,1.0,50
track_a_fra_swa_linspr_txt_000828,track_b_fra_lin_swaspr_txt_000828,swa,track_ab,medium,0.16666666666666666,0.0,0.0,50
track_a_fra_swa_linspr_txt_000020,track_b_fra_lin_swaspr_txt_000020,swa,track_ab,high,0.058823529411764705,0.0,0.0,50
